<?xml version="1.0" encoding="utf-8"?>
<COLLADA xmlns="http://www.collada.org/2005/11/COLLADASchema" version="1.4.1" xmlns:xsi="http://www.w3.org/2001/XMLSchema-instance">
  <asset>
    <contributor>
      <author>Blender User</author>
      <authoring_tool>Blender 4.5.1 LTS commit date:2025-07-29, commit time:05:31, hash:b0a72b245dcf</authoring_tool>
    </contributor>
    <created>2025-11-27T15:04:13</created>
    <modified>2025-11-27T15:04:13</modified>
    <unit name="meter" meter="1"/>
    <up_axis>Z_UP</up_axis>
  </asset>
  <library_effects>
    <effect id="lambert13_v_v_001-effect">
      <profile_COMMON>
        <newparam sid="kanran01_png-surface">
          <surface type="2D">
            <init_from>kanran01_png</init_from>
          </surface>
        </newparam>
        <newparam sid="kanran01_png-sampler">
          <sampler2D>
            <source>kanran01_png-surface</source>
          </sampler2D>
        </newparam>
        <technique sid="common">
          <lambert>
            <emission>
              <color sid="emission">0 0 0 1</color>
            </emission>
            <diffuse>
              <texture texture="kanran01_png-sampler" texcoord="uvs1"/>
            </diffuse>
            <index_of_refraction>
              <float sid="ior">1.5</float>
            </index_of_refraction>
          </lambert>
        </technique>
      </profile_COMMON>
    </effect>
    <effect id="lambert112_v_001-effect">
      <profile_COMMON>
        <newparam sid="kanran02_png-surface">
          <surface type="2D">
            <init_from>kanran02_png</init_from>
          </surface>
        </newparam>
        <newparam sid="kanran02_png-sampler">
          <sampler2D>
            <source>kanran02_png-surface</source>
          </sampler2D>
        </newparam>
        <technique sid="common">
          <lambert>
            <emission>
              <color sid="emission">0 0 0 1</color>
            </emission>
            <diffuse>
              <texture texture="kanran02_png-sampler" texcoord="uvs0"/>
            </diffuse>
            <index_of_refraction>
              <float sid="ior">1.5</float>
            </index_of_refraction>
          </lambert>
        </technique>
      </profile_COMMON>
    </effect>
  </library_effects>
  <library_images>
    <image id="kanran01_png" name="kanran01_png">
      <init_from>kanran01.png</init_from>
    </image>
    <image id="kanran02_png" name="kanran02_png">
      <init_from>kanran02.png</init_from>
    </image>
  </library_images>
  <library_materials>
    <material id="lambert13_v_v_001-material" name="lambert13_v_v.001">
      <instance_effect url="#lambert13_v_v_001-effect"/>
    </material>
    <material id="lambert112_v_001-material" name="lambert112_v.001">
      <instance_effect url="#lambert112_v_001-effect"/>
    </material>
  </library_materials>
  <library_geometries>
    <geometry id="mesh1_003-mesh" name="mesh1.003">
      <mesh>
        <source id="mesh1_003-mesh-positions">
          <float_array id="mesh1_003-mesh-positions-array" count="3195">321.7114 809.8334 449.0402 277.111 822.4732 461.6587 329.3829 770.2985 432.2233 140.7736 818.6901 461.2907 107.2244 613.3643 377.8385 -48.79058 643.771 432.3978 68.70819 388.4549 341.336 -38.28133 409.6683 369.0755 29.47158 172.3062 329.8373 -30.12601 178.6951 342.8295 869.4693 -56.42793 449.0402 867.7081 -10.10469 461.6587 834.24 -75.94118 432.2233 821.9799 118.3908 461.2907 616.3359 86.84906 377.8385 597.0432 244.6243 432.3978 390.5323 53.97919 341.336 377.6459 162.2876 369.0755 172.838 24.50196 329.8373 160.4974 83.15675 342.8295 214.8724 -845.0664 449.0402 258.3843 -829.0765 461.6587 185.4279 -817.5911 432.2233 366.46 -745.8792 461.2907 272.9143 -560.0473 377.8385 417.0057 -492.9436 432.3978 171.8762 -355.4526 341.336 270.9015 -309.7276 369.0755 76.5703 -157.5219 329.8373 128.541 -127.6599 342.8295 561.556 -703.3276 10.53322 537.467 -680.1753 16.41319 495.1477 -751.5761 10.53322 480.5727 -721.5114 16.41319 495.1477 -751.5761 60.47859 480.5727 -721.5114 54.59862 561.556 -703.3276 60.47859 537.467 -680.1753 54.59862 -480.941 -722.0617 274.1636 -495.5163 -752.1263 268.2836 -480.941 -722.0617 312.349 -495.5163 -752.1263 318.229 -537.8352 -680.7257 312.349 -561.9244 -703.8779 318.229 -537.8352 -680.7257 274.1636 -561.9244 -703.8779 268.2836 -480.941 -722.0617 16.41319 -495.5163 -752.1263 10.53322 -480.941 -722.0617 54.59862 -495.5163 -752.1263 60.47859 -537.8352 -680.7257 54.59862 -561.9244 -703.8779 60.47859 -537.8352 -680.7257 16.41319 -561.9244 -703.8779 10.53322 -671.4188 556.574 449.0402 -697.2221 518.0625 461.6587 -631.4482 551.6531 432.2233 -735.7551 387.229 461.2907 -550.8457 291.8726 377.8385 -627.9755 152.8897 432.3978 -348.8463 185.7407 341.336 -402.0831 90.54293 369.0755 -155.4016 81.63088 329.8373 -179.8944 26.92445 342.8295 -89.69825 -408.8796 13.44826 -89.69833 -408.8796 56.71014 -86.38641 -436.0153 13.44826 -86.35971 -435.893 56.71014 0.888113 -387.1941 13.44827 -86.26884 -435.4762 272.4203 -0.064493 -386.6374 315.6822 -87.33573 -435.4607 315.6822 5.86e-4 -363.4926 315.6822 -90.17642 -408.0414 315.6822 812.3359 301.3318 274.1636 841.799 317.0874 268.2836 812.3359 301.3318 312.349 841.799 317.0874 318.229 834.0676 234.4485 312.349 867.1647 239.0198 318.229 834.0676 234.4485 274.1636 867.1647 239.0198 268.2836 841.799 317.0874 10.53325 812.3359 301.3318 16.41322 867.1647 239.0198 10.53324 834.0676 234.4485 16.41322 867.1647 239.0198 60.47863 834.0676 234.4485 54.59864 841.799 317.0874 60.47862 812.3359 301.3318 54.59864 -36.19376 866.0504 274.1636 -42.07362 898.9401 268.2837 -36.19376 866.0504 312.3491 -42.07362 898.9401 318.229 34.1314 866.0504 312.3491 40.01153 898.9401 318.229 34.1314 866.0504 274.1636 40.01153 898.9401 268.2837 561.556 -703.3276 268.2836 537.467 -680.1753 274.1636 495.1477 -751.5761 268.2836 480.5727 -721.5114 274.1636 495.1477 -751.5761 318.229 480.5727 -721.5114 312.349 561.556 -703.3276 318.229 537.467 -680.1753 312.349 -416.7281 -41.75717 13.44827 -416.7281 -41.75717 56.71014 -441.5124 -53.29252 13.44827 -441.3877 -53.28 56.71014 -368.1113 -121.2088 13.44827 -440.9632 -53.23759 272.4203 -367.8763 -120.1309 315.6822 -441.2783 -52.21799 315.6822 -345.8441 -113.0404 315.6822 -416.0787 -41.04337 315.6822 -36.19376 866.0504 16.41324 -42.07362 898.9401 10.53326 -36.19376 866.0504 54.59865 -42.07362 898.9401 60.47864 34.1314 866.0504 54.59865 40.01153 898.9401 60.47864 34.1314 866.0504 16.41324 40.01153 898.9401 10.53326 -835.4829 233.5581 16.41322 -868.5799 238.1296 10.53324 -835.4829 233.5581 54.59864 -868.5799 238.1296 60.47863 -813.7513 300.4413 54.59864 -843.2143 316.1972 60.47862 -813.7513 300.4413 16.41322 -843.2143 316.1972 10.53325 -737.449 -466.2103 449.0402 -708.796 -502.6514 461.6587 -720.4174 -429.7166 432.2233 -596.2733 -579.7283 461.2907 -448.4437 -433.3357 377.8385 -340.0976 -549.6385 432.3978 -285.0851 -274.0195 341.336 -210.9977 -354.0683 369.0755 -126.293 -122.2143 329.8373 -81.83283 -162.4136 342.8295 -835.4829 233.5581 274.1636 -868.5799 238.1296 268.2836 -835.4829 233.5581 312.349 -868.5799 238.1296 318.229 -813.7513 300.4413 312.349 -843.2143 316.1972 318.229 -813.7513 300.4413 274.1636 -843.2143 316.1972 268.2836 311.73 277.9288 13.44828 311.7299 277.9288 56.71015 325.0007 301.8286 13.44828 324.9071 301.7453 56.71015 225.6977 313.6301 13.44829 324.5886 301.4615 272.4203 226.1411 312.6199 315.6822 325.4427 300.8218 315.6822 212.4843 293.9337 315.6822 311.6241 276.9696 315.6822 359.5686 -211.4984 315.6822 345.0664 -111.9687 315.6822 386.5237 -217.2699 315.6822 367.0583 -119.1827 315.6822 386.8682 -216.2601 272.4203 367.8822 -118.4488 13.44827 387.2365 -216.4752 56.71014 387.3446 -216.5384 13.44827 360.5136 -211.3028 56.71014 360.5135 -211.3028 13.44827 748.5848 -608.3091 623.3881 686.3499 -633.9003 621.7803 721.0092 -576.3515 614.1342 552.754 -655.2506 520.783 417.0057 -492.9436 435.2425 366.46 -745.8792 464.1354 272.9143 -560.0473 380.6832 185.4279 -817.5911 435.068 140.0733 -621.1797 385.2343 -347.3531 -900.6389 623.3881 -390.9236 -849.3582 621.7803 -325.481 -864.5374 614.1342 -452.5122 -728.8984 520.783 -340.0976 -549.6385 435.2425 -596.2733 -579.7283 464.1354 -448.4437 -433.3357 380.6832 -720.4174 -429.7166 435.068 -547.6342 -325.8873 385.2343 809.226 524.3245 623.3881 814.333 457.2278 621.7803 770.3111 507.9742 614.1342 793.3549 323.5729 520.783 597.0432 244.6243 435.2425 821.9799 118.3908 464.1354 616.3359 86.84906 380.6832 834.24 -75.94118 435.068 633.4261 -58.38135 385.2343 -249.2336 932.001 623.3881 -183.8423 916.1239 621.7803 -245.7086 889.9384 614.1342 -63.21162 854.8709 520.783 -48.79058 643.771 435.2425 140.7736 818.6901 464.1354 107.2244 613.3643 380.6832 329.3829 770.2985 435.068 250.6277 584.7394 385.2343 -964.0388 51.3251 623.3881 -928.7319 108.6097 621.7803 -922.9455 41.67941 614.1342 -833.1998 204.408 520.783 -627.9755 152.8897 435.2425 -735.7551 387.229 464.1354 -550.8457 291.8726 380.6832 -631.4482 551.6531 435.068 -479.3078 419.4116 385.2343 -42.9862 -188.222 354.508 -150.9823 -436.561 436.7321 -249.4155 -671.0192 522.6351 -325.481 -864.5374 611.2894 -452.5122 -728.8984 517.9382 -314.1016 278.5114 315.6576 -314.2745 278.3213 272.4203 -327.5773 302.0887 315.6822 -327.6676 302.0795 272.4203 -228.0735 312.034 315.6822 -229.1714 311.9245 13.44828 -187.0394 402.215 272.4203 -187.2109 402.6056 56.71015 144.2399 126.8698 354.508 377.5804 264.3018 436.7321 595.0256 396.1246 522.6351 770.3111 507.9742 611.2894 793.3549 323.5729 517.9382 166.3255 384.6875 13.42463 166.5971 384.5648 56.71015 211.238 293.8456 13.44828 167.4408 384.1843 272.4203 212.4843 293.9337 315.6822 167.675 384.0783 315.6576 90.68776 -409.7827 13.42461 90.3959 -409.843 56.71014 0.9571221 -362.6889 13.44827 89.48949 -410.031 272.4203 5.86e-4 -363.4926 315.6822 89.23786 -410.0832 315.6576 172.4069 404.7214 339.3778 73.93032 394.5578 336.2212 -38.28133 409.6683 371.9202 438.0472 -39.61762 339.3778 397.9502 50.89844 336.2212 377.6459 162.2876 371.9202 576.3914 385.827 525.4798 382.7588 266.8424 439.5768 129.2103 117.1451 357.3527 -715.393 29.13729 522.6351 -461.9924 7.973347 436.7321 -192.4357 -17.9962 354.508 -332.2719 289.3906 339.3778 -353.0368 192.5931 336.2212 -402.0831 90.54293 371.9202 97.54327 -429.5648 339.3778 171.2386 -363.4593 336.2212 270.9015 -309.7276 371.9202 185.9341 404.1803 315.6822 185.8975 404.2633 272.4203 560.4678 -444.2084 522.6351 367.9024 -278.1413 436.7321 165.0908 -98.68988 354.508 417.1148 -40.02441 13.42462 417.082 -40.32073 56.71014 344.5976 -110.8105 13.44827 416.9805 -41.24084 272.4203 345.0664 -111.9687 315.6822 416.9524 -41.49628 315.6576 -378.5402 -226.2265 339.3778 -292.897 -275.8873 336.2212 -210.9977 -354.0683 371.9202 -362.5785 -212.3074 315.6576 -362.4512 -212.5308 272.4203 -389.1661 -217.8378 315.6822 -389.1852 -217.9266 272.4203 -189.4644 667.764 525.4798 -136.139 446.8402 439.5768 -72.11896 159.4421 357.3527 -214.5219 293.2712 315.6822 -214.8233 292.0588 13.44828 -314.8974 277.6365 56.71015 -315.098 277.4161 13.42463 416.9524 -41.49628 315.6576 441.7129 -52.64984 315.6822 441.7806 -52.58942 272.4203 544.916 -429.6683 525.4798 371.919 -282.281 439.5768 151.1974 -87.40112 357.3527 -240.3928 -651.7352 525.4798 -153.6783 -441.6603 439.5768 -36.54322 -171.5204 357.3527 -694.2648 26.51522 525.4798 -467.6753 8.961506 439.5768 -174.5603 -18.96269 357.3527 -76.72357 176.7413 354.508 -135.3227 441.1301 436.7321 -193.4996 688.6685 522.6351 -361.8448 -213.5937 13.42462 -361.9923 -213.3346 56.71014 -344.7841 -113.7018 13.44827 -345.8441 -113.0404 315.6822 86.2816 -437.0784 315.6822 86.35999 -437.124 272.4203 -129.0467 -908.6551 753.9859 -214.7201 -888.5414 680.1586 -200.4993 -836.4641 638.895 -303.4753 -918.3756 638.6209 -259.3208 -808.1134 585.4674 14.83131 -949.2844 49.24704 2.633094 -926.148 61.23023 273.534 -816.3213 51.56059 261.3355 -793.1845 59.33067 490.3754 -718.2337 49.24202 -860.8792 249.2362 295.408 -835.1055 244.7846 287.7378 -861.3847 8.245274 267.8225 -835.6107 3.793675 254.2576 -882.1229 -283.3349 277.8848 -907.8965 -278.8833 280.4534 -882.1229 -283.3349 275.7962 -861.3847 8.245274 265.7339 -835.6107 3.793675 252.169 -835.1055 244.7846 285.6492 548.7975 -707.7867 39.31816 530.5629 -689.036 47.18941 690.8573 -513.1182 51.5606 672.6225 -494.3671 59.33953 879.0216 -289.4144 51.84761 467.738 376.0247 506.3167 683.621 501.2142 582.6228 652.6977 558.7246 636.0504 784.1532 564.4647 635.7761 694.8127 592.4975 677.3139 -266.0682 805.4022 585.4674 -213.7175 561.3995 512.0062 -330.3198 793.764 638.895 -324.2071 694.8297 631.8745 -430.5589 810.1688 753.9859 -158.2522 -579.9402 512.0062 -147.2924 -752.8316 631.8745 40.35959 -168.8318 296.6186 93.32025 -406.9952 330.5465 -148.239 -91.27074 299.4633 -126.293 -122.2143 332.682 28.00492 895.0482 37.22958 24.27426 869.1605 47.15328 257.357 821.0587 49.47201 253.6264 795.1705 57.24209 541.075 750.6787 59.14165 -898.3822 -308.1651 49.24707 -880.1475 -289.4143 61.23024 -691.9832 -513.1182 51.5606 -673.7485 -494.367 59.33068 -531.6887 -689.036 49.24202 779.0123 -572.0595 635.7761 778.0653 -478.4291 677.3139 732.9313 -448.8117 636.0504 823.6691 -403.1644 751.1411 697.2723 -377.5515 651.6816 -907.8965 -278.8833 47.15844 -882.1229 -283.3349 49.759 -861.3847 8.245281 49.47199 -835.6107 3.79368 57.25092 -835.1055 244.7846 45.10081 65.41442 160.1721 299.4633 29.47158 172.3062 332.682 -186.1671 402.8296 315.6822 -214.5219 293.2712 315.6822 -314.1016 278.5114 315.6576 502.0176 -329.3621 506.3167 687.7913 -495.9934 582.6228 -898.3822 -308.1651 282.5421 -880.1475 -289.4143 271.2147 -691.9832 -513.1182 267.8225 -673.7485 -494.367 259.2129 -531.6887 -689.036 288.207 779.0123 -572.0595 638.6209 687.7913 -495.9934 585.4674 732.9313 -448.8117 638.895 502.0176 -329.3621 512.0062 669.8339 -372.365 631.8745 823.6691 -403.1644 753.9859 778.0653 -478.4291 680.1586 -15.95726 -949.2844 280.4534 -3.759004 -926.148 275.7961 -274.6599 -816.3213 265.7339 -262.4614 -793.1847 252.1689 -491.5014 -718.2337 285.6492 552.754 -655.2506 517.9382 721.0092 -576.3515 611.2894 -349.4252 844.2542 680.1586 -295.1568 920.5593 638.6209 -848.8383 -3.806736 585.4674 -600.6007 -29.41923 512.0062 -857.6246 -68.51011 638.895 -761.6434 -93.26903 631.8745 -904.2022 -158.7738 753.9859 -15.95726 -949.2844 47.15842 -3.759004 -926.148 49.75897 -274.6599 -816.3213 49.47196 -262.4614 -793.1847 57.2509 -491.5014 -718.2337 45.10078 -833.1998 204.408 517.9382 -922.9455 41.67941 611.2894 -911.5476 -71.07817 680.1586 -967.3483 4.113797 638.6209 14.83131 -949.2844 282.542 2.633094 -926.148 271.2147 273.534 -816.3213 267.8225 261.3355 -793.1845 259.2129 490.3754 -718.2337 288.207 -132.7543 112.0648 296.6186 -315.5893 273.6136 330.5465 -600.6007 -29.41923 506.3167 -848.8383 -3.806736 582.6228 -857.6246 -68.51011 636.0504 -967.3483 4.113798 635.7761 -911.5476 -71.07817 677.3139 859.7532 249.2361 37.22956 833.9797 244.7845 47.15327 860.2586 8.245234 49.47199 834.4848 3.793635 57.24207 880.997 -283.335 59.14162 -570.8401 758.4692 49.24709 -547.3722 746.9214 61.23028 -701.9813 498.8382 51.56062 -678.5131 487.2904 59.3307 -819.7553 292.0276 49.24205 569.7143 758.4692 47.15847 546.2464 746.9214 49.75902 700.8554 498.8382 49.47199 677.3872 487.2903 57.25093 818.6295 292.0276 45.10081 -213.7175 561.3995 506.3167 -266.0682 805.4022 582.6228 -330.3198 793.764 636.0504 -295.1568 920.5593 635.7761 -349.4252 844.2542 677.3139 -545.9315 776.5665 280.4535 -542.2008 750.6787 275.7962 -258.483 821.0587 265.7339 -254.7523 795.1705 252.169 -25.40011 869.1605 285.6492 897.2562 -308.1651 47.15844 879.0216 -289.4144 49.759 690.8573 -513.1182 49.47198 672.6225 -494.3671 57.25091 530.5629 -689.036 45.10078 569.7143 758.4692 280.4535 546.2464 746.9214 275.7962 700.8554 498.8382 265.7339 677.3872 487.2903 252.169 818.6295 292.0276 285.6492 -545.9315 776.5665 47.15847 -542.2008 750.6787 49.75902 -258.483 821.0587 49.47201 -254.7523 795.1705 57.25093 -25.40011 869.1605 45.10083 172.4045 -13.43139 299.4633 172.838 24.50196 332.682 -158.2522 -579.9402 506.3167 -259.3208 -808.1134 582.6228 -200.4993 -836.4641 636.0504 -303.4753 -918.3756 635.7761 -214.7201 -888.5414 677.3139 -570.8401 758.4692 282.5421 -547.3722 746.9214 271.2147 -701.9813 498.8382 267.8225 -678.5131 487.2903 259.2129 -819.7553 292.0276 288.207 65.41442 160.1721 296.6186 162.5573 383.9798 330.5465 -63.21162 854.8709 517.9382 -245.7086 889.9384 611.2894 544.8057 776.5665 49.24709 541.075 750.6787 61.23028 257.357 821.0587 51.56063 253.6264 795.1705 59.33071 24.27426 869.1605 49.24206 467.738 376.0247 512.0062 560.4943 522.3388 631.8745 652.6977 558.7246 638.895 637.324 659.1272 753.9859 694.8127 592.4975 680.1586 28.00492 895.0482 293.3194 24.27426 869.1605 286.1184 257.357 821.0587 265.7339 253.6264 795.1705 257.1243 541.075 750.6787 269.1263 -372.6985 -527.4647 261.3356 -677.6489 -514.6235 269.1818 -371.598 -501.3325 253.1265 -676.5485 -488.4915 260.5722 698.0307 -490.0565 52.91985 673.0818 -497.9085 60.69878 599.2195 -176.1056 35.25354 574.2706 -183.9578 27.63025 371.5726 -527.4647 65.38842 676.523 -514.6235 50.83123 370.4721 -501.3325 54.59497 675.4227 -488.4916 58.61016 -573.5883 -189.523 25.54163 -838.0639 6.38859 58.61017 -589.1571 -210.5401 33.16492 -853.6326 -14.62825 50.83124 -328.2459 302.0218 13.44828 -229.1714 311.9245 13.44828 -575.3963 -183.9578 295.5662 -674.2077 -497.9086 260.5722 -600.3453 -176.1056 300.1272 -699.1565 -490.0565 269.1818 8.256572 644.9945 255.59 -246.0014 813.851 267.0932 -6.2133 623.2062 267.4851 -260.4712 792.063 253.5283 610.3847 207.5229 61.82582 849.5467 17.88879 52.91986 594.1342 187.0282 67.14565 833.2966 -2.605901 60.68994 -314.2745 278.3213 272.4203 -416.0787 -41.04337 272.4203 -440.9632 -53.23759 272.4203 -357.6378 486.2344 299.8612 -253.0422 798.3057 253.5283 -382.4373 494.5465 295.4324 -277.8416 806.6177 267.0932 -187.2611 402.7203 13.44829 -168.6318 382.7136 56.71015 -328.1177 302.0346 56.71015 -260.4712 792.063 60.69881 -246.0014 813.851 52.91988 -6.2133 623.2062 56.68361 8.256572 644.9945 67.47708 -29.13078 895.0482 39.31821 -25.40011 869.1605 47.18944 -258.483 821.0587 51.56063 -254.7523 795.1705 59.33956 -545.9315 776.5665 49.24709 -542.2008 750.6787 51.84765 -416.0787 -41.04337 272.4203 -616.9613 190.7471 261.3356 -698.9833 484.7403 269.1818 -591.768 197.7759 253.1265 -673.7904 491.7691 260.5722 -786.8902 -105.2011 651.6816 -904.2022 -158.7738 751.1411 -372.6985 -527.4647 61.8258 -677.6489 -514.6235 52.91985 -371.598 -501.3326 67.14562 -676.5485 -488.4916 60.68994 -357.6378 486.2344 25.54164 -253.0422 798.3057 58.61019 -382.4373 494.5465 33.16493 -277.8416 806.6177 50.83126 -352.9039 489.6738 295.5662 -682.0232 486.6327 260.5722 -353.1457 515.8283 300.1272 -682.265 512.7869 269.1818 -834.4226 -2.605861 255.6168 -850.6727 17.88883 269.1818 -595.2601 187.0282 269.5738 -611.5106 207.5229 257.6786 -673.7904 491.7691 258.4835 -698.9833 484.7403 267.0932 -591.768 197.7759 251.0378 -616.9613 190.7471 259.2468 859.7532 249.2361 293.3193 833.9797 244.7845 286.1184 860.2586 8.245229 265.7339 834.4848 3.79363 257.1243 833.2966 -2.605906 258.4835 849.5467 17.88878 267.0932 594.1342 187.0282 251.0378 610.3847 207.5229 259.2468 -260.4712 792.063 255.6169 -246.0014 813.851 269.1818 -6.2133 623.2062 269.5738 8.256572 644.9945 257.6786 -29.13078 895.0482 295.408 -25.40011 869.1605 287.7379 -258.483 821.0587 267.8226 -254.7523 795.1705 254.2576 -362.4512 -212.5308 272.4203 -90.1765 -408.0414 272.4203 -86.26884 -435.4762 272.4203 -545.9315 776.5665 282.5421 -542.2008 750.6787 277.8848 -277.8416 806.6177 269.1818 -253.0422 798.3057 255.6169 -382.4373 494.5465 297.521 -357.6378 486.2344 301.9499 -389.2816 -218.3685 56.71014 -389.309 -218.4942 13.44827 -90.1765 -408.0414 272.4203 572.4624 -189.523 295.5662 836.9381 6.38854 260.5722 588.0311 -210.5401 300.1272 852.5067 -14.62831 269.1818 -389.2816 -218.3685 56.71014 -549.9233 -707.7867 293.3193 -531.6887 -689.036 286.1184 -691.9832 -513.1182 265.7339 -673.7485 -494.367 257.1243 834.4848 3.79363 259.2129 860.2586 8.245228 267.8225 880.997 -283.335 271.2147 906.7706 -278.8834 282.5421 8.256572 644.9945 65.38845 -246.0014 813.851 50.83126 -6.2133 623.2062 54.59499 -260.4712 792.063 58.61019 -676.5485 -488.4915 258.4835 -677.6489 -514.6235 267.0932 -371.598 -501.3325 251.0378 -372.6985 -527.4647 259.2468 672.6225 -494.3671 252.169 690.8573 -513.1182 265.7339 879.0216 -289.4144 275.7962 897.2562 -308.1652 280.4534 574.2706 -183.9578 299.8612 673.0818 -497.9085 253.5282 599.2195 -176.1056 295.4324 698.0307 -490.0565 267.0932 -682.265 512.7869 50.83125 -682.0232 486.6327 58.60133 -353.1457 515.8283 33.16493 -352.9039 489.6738 37.08736 675.4227 -488.4916 60.69878 676.523 -514.6235 52.91985 370.4721 -501.3325 56.68358 371.5726 -527.4647 67.47705 859.7532 249.2361 295.408 833.9797 244.7845 288.207 610.3847 207.5229 261.3356 849.5467 17.88878 269.1818 594.1342 187.0282 253.1265 833.2966 -2.605906 260.5722 -368.1113 -121.2088 13.44827 -416.0787 -41.04337 272.4203 -416.0787 -41.04337 315.6822 -362.5785 -212.3074 315.6576 833.2966 -2.605901 58.60132 849.5467 17.88879 50.83124 594.1342 187.0282 65.05702 610.3847 207.5229 59.73719 574.2706 -183.9578 25.54163 673.0818 -497.9085 58.61016 599.2195 -176.1056 33.16492 698.0307 -490.0565 50.83123 -611.5106 207.5229 65.38845 -850.6727 17.88883 50.83124 -595.2601 187.0282 54.59498 -834.4226 -2.605856 58.61017 -853.6326 -14.62825 52.91986 -838.0639 6.38859 60.6988 -589.1571 -210.5401 35.25354 -573.5883 -189.523 27.63025 -907.8965 -278.8833 49.24707 -861.3847 8.245281 51.56061 -882.1229 -283.3349 51.84761 -835.6107 3.79368 59.33954 -860.8792 249.2362 39.31818 -835.1055 244.7846 47.18944 -834.4226 -2.605856 60.6988 -850.6727 17.88883 52.91986 -595.2601 187.0282 56.6836 -611.5106 207.5229 67.47707 -573.5883 -189.523 299.8612 -838.0639 6.388584 253.5282 -589.1571 -210.5401 295.4324 -853.6326 -14.62826 267.0932 572.4624 -189.523 39.17612 836.9381 6.388545 60.68994 588.0311 -210.5401 35.25354 852.5067 -14.6283 52.91986 -611.5106 207.5229 255.59 -850.6727 17.88883 267.0932 -595.2601 187.0282 267.4851 -834.4226 -2.605861 253.5282 675.4227 -488.4916 255.6168 676.523 -514.6235 269.1818 370.4721 -501.3326 269.5738 371.5726 -527.4647 257.6786 548.7975 -707.7867 295.408 530.5629 -689.036 287.7378 690.8573 -513.1182 267.8225 672.6225 -494.3671 254.2576 906.7706 -278.8834 280.4534 880.997 -283.335 269.1262 -277.8416 806.6177 52.91988 -253.0422 798.3057 60.69881 -382.4373 494.5465 35.25356 -357.6378 486.2344 27.63027 859.7532 249.2361 39.31818 860.2586 8.245234 51.56061 833.9797 244.7845 49.24204 834.4848 3.793635 59.33069 -328.1177 302.0346 56.71015 852.5067 -14.62831 267.0932 836.9381 6.38854 258.4835 588.0311 -210.5401 298.0383 572.4624 -189.523 293.4774 -168.6318 382.7136 13.44829 -167.7523 382.3166 272.4203 -167.7523 382.3166 315.6822 -187.0394 402.215 272.4203 852.5067 -14.6283 50.83124 836.9381 6.388545 58.60132 588.0311 -210.5401 33.16492 572.4624 -189.523 37.08734 -843.2232 303.5755 293.3193 -819.7553 292.0276 286.1184 -701.9813 498.8382 265.7339 -678.5131 487.2903 257.1243 -570.8401 758.4692 280.4535 -547.3722 746.9214 269.1263 897.2562 -308.1652 282.5421 879.0216 -289.4144 277.8848 -682.265 512.7869 267.0932 -682.0232 486.6327 258.4835 -353.1457 515.8283 298.0383 -352.9039 489.6738 293.4774 -616.9613 190.7471 61.82582 -698.9833 484.7403 52.91987 -591.768 197.7759 67.14565 -673.7904 491.7691 60.68995 880.997 -283.335 61.23024 906.7706 -278.8834 49.24707 698.0307 -490.0565 269.1818 673.0818 -497.9085 255.6168 599.2195 -176.1056 297.521 574.2706 -183.9578 301.9499 -853.6326 -14.62826 269.1818 -838.0639 6.388584 255.6168 -589.1571 -210.5401 297.521 -573.5883 -189.523 301.9499 -352.9039 489.6738 39.17613 -682.0232 486.6327 60.68995 -353.1457 515.8283 35.25356 -682.265 512.7869 52.91987 -155.4016 81.63088 332.682 -132.7543 112.0648 299.4633 -673.7904 491.7691 58.60133 -698.9833 484.7403 50.83125 -591.768 197.7759 65.05702 -616.9613 190.7471 59.7372 371.5726 -527.4647 255.59 676.523 -514.6235 267.0932 370.4721 -501.3326 267.4851 675.4227 -488.4916 253.5282 548.7975 -707.7867 293.3193 530.5629 -689.036 285.6492 -843.2232 303.5755 37.22957 -819.7553 292.0276 47.15327 -701.9813 498.8382 49.47199 -678.5131 487.2904 57.24208 -570.8401 758.4692 47.15847 -547.3722 746.9214 59.14165 160.4974 83.15675 345.6742 869.4693 -56.42793 451.8848 867.7081 -10.10469 464.5034 351.778 489.6738 25.54164 680.8972 486.633 58.61018 352.0198 515.8283 33.16493 681.139 512.7868 50.83125 -9.382436 644.9945 261.3356 244.8755 813.851 269.1818 5.087435 623.2062 253.1265 259.3453 792.063 260.5722 28.00492 895.0482 295.408 257.357 821.0587 267.8226 24.27426 869.1605 288.2071 253.6264 795.1705 259.2129 541.075 750.6787 271.2147 544.8057 776.5665 282.5421 356.5119 486.2344 295.5662 251.9163 798.3057 260.5722 381.3114 494.5465 300.1272 276.7157 806.6177 269.1818 259.3453 792.063 258.4836 244.8755 813.851 267.0932 5.087435 623.2062 251.0378 -9.382436 644.9945 259.2468 -143.746 -780.5298 651.6816 -129.0467 -908.6551 751.1411 615.8355 190.7471 65.38845 697.8574 484.7403 50.83125 590.642 197.7759 54.59498 672.6644 491.7691 58.61018 681.139 512.7868 52.91987 680.8972 486.633 60.69881 352.0198 515.8283 35.25356 351.778 489.6738 27.63027 569.7143 758.4692 49.24709 700.8554 498.8382 51.56062 546.2464 746.9214 51.84765 677.3872 487.2903 59.33955 842.0973 303.5754 39.31819 818.6295 292.0276 47.18944 672.6644 491.7691 60.69881 697.8574 484.7403 52.91987 590.642 197.7759 56.6836 615.8355 190.7471 67.47707 351.778 489.6738 299.8612 680.8972 486.6329 253.5282 352.0198 515.8283 295.4324 681.139 512.7868 267.0932 615.8355 190.7471 255.59 697.8574 484.7403 267.0932 590.642 197.7759 267.4851 672.6644 491.7691 253.5282 415.2771 -36.65954 330.5465 172.4045 -13.43139 296.6186 573.9059 546.8316 651.6816 637.324 659.1272 751.1411 356.5119 486.2344 39.17613 251.9163 798.3057 60.68996 381.3114 494.5465 35.25356 276.7157 806.6177 52.91988 259.3453 792.063 58.60134 244.8755 813.851 50.83126 5.087435 623.2062 65.05703 -9.382436 644.9945 59.7372 276.7157 806.6177 50.83126 251.9163 798.3057 58.60134 381.3114 494.5465 33.16493 356.5119 486.2344 37.08736 681.139 512.7868 269.1818 680.8972 486.6329 255.6168 352.0198 515.8283 297.521 351.778 489.6738 301.9499 569.7143 758.4692 282.5421 700.8554 498.8382 267.8225 546.2464 746.9214 277.8848 677.3872 487.2903 254.2576 842.0973 303.5754 295.408 818.6295 292.0276 287.7378 672.6644 491.7691 255.6168 697.8574 484.7403 269.1818 590.642 197.7759 269.5738 615.8355 190.7471 257.6786 254.8822 -794.032 58.6013 279.3952 -803.1537 50.83122 361.3296 -507.9748 65.057 385.8429 -517.0969 59.73718 -3.488724 -603.7246 39.1761 264.5617 -794.7158 60.68992 -18.66626 -625.026 35.25353 249.3843 -816.0169 52.91984 167.4408 384.1843 272.4203 -167.7523 382.3166 272.4203 185.7158 404.6777 56.71015 -389.309 -218.4942 13.44827 -179.8944 26.92445 345.6742 -328.2459 302.0218 13.44828 -30.12601 178.6951 345.6742 321.7114 809.8334 451.8848 277.111 822.4732 464.5034 -964.0388 51.3251 620.5435 -928.7319 108.6097 618.9356 -488.4905 425.4205 382.3896 -343.3569 715.1535 651.6816 -430.5589 810.1688 751.1411 -671.4188 556.574 451.8848 -697.2221 518.0625 464.5034 359.5686 -211.4987 272.4203 748.5848 -608.3091 620.5435 686.3499 -633.9003 618.9356 143.9704 -631.4384 382.3896 442.2145 -52.20275 13.44827 442.1184 -52.28851 56.71014 214.8724 -845.0664 451.8848 258.3843 -829.0765 464.5034 128.541 -127.6599 345.6742 76.5703 -157.5219 332.682 -737.449 -466.2103 451.8848 -708.796 -502.6514 464.5034 809.226 524.3245 620.5435 814.333 457.2278 618.9356 644.387 -57.84516 382.3896 -347.3531 -900.6389 620.5435 -390.9236 -849.3582 618.9356 -556.1865 -332.7638 382.3896 -358.3802 -215.2359 330.5465 86.86174 -437.4173 13.44826 86.7505 -437.3523 56.71014 -81.83283 -162.4136 345.6742 -249.2336 932.001 620.5435 -183.8423 916.1239 618.9356 253.5048 595.3296 382.3896 -167.7523 382.3166 272.4203 311.6241 276.9696 272.4203 683.621 501.2142 585.4674 784.1532 564.4647 638.6209 185.664 404.7955 13.44829 185.7158 404.6777 56.71015 40.35959 -168.8318 299.4633 -148.239 -91.27074 296.6186 -250.5102 -816.0172 269.1817 -265.6876 -794.7158 255.6168 17.54033 -625.026 297.521 2.362831 -603.7246 301.9499 -15.95726 -949.2844 282.542 -274.6599 -816.3213 267.8225 -3.759004 -926.148 277.8847 -262.4614 -793.1847 254.2576 -503.6996 -741.3703 295.4079 -491.5014 -718.2337 287.7378 -256.0081 -794.032 255.6168 -280.5212 -803.1537 269.1817 -362.4555 -507.9749 269.5738 -386.9687 -517.0969 257.6786 442.2145 -52.20275 13.44827 367.8822 -118.4488 13.44827 89.48949 -410.031 272.4203 359.5686 -211.4987 272.4203 386.8682 -216.2601 272.4203 86.7505 -437.3523 56.71014 86.86174 -437.4173 13.44826 -699.1565 -490.0565 267.0932 -674.2077 -497.9086 258.4835 -600.3453 -176.1056 298.0383 -575.3963 -183.9578 293.4774 -898.3822 -308.1651 280.4534 -880.1475 -289.4143 269.1262 0.888113 -387.1941 13.44827 -90.1765 -408.0414 272.4203 -90.17642 -408.0414 315.6822 89.23786 -410.0832 315.6576 359.5686 -211.4987 272.4203 359.5686 -211.4984 315.6822 442.1184 -52.28851 56.71014 416.9805 -41.24084 272.4203 311.6241 276.9696 272.4203 324.5886 301.4615 272.4203 -699.1565 -490.0565 50.83123 -674.2077 -497.9086 58.60131 -600.3453 -176.1056 33.16492 -575.3963 -183.9578 37.08734 -898.3822 -308.1651 47.15844 -691.9832 -513.1182 49.47198 -880.1475 -289.4143 59.14162 -673.7485 -494.367 57.24206 -549.9233 -707.7867 37.22954 -531.6887 -689.036 47.15324 -676.5485 -488.4916 58.60131 -677.6489 -514.6235 50.83123 -371.598 -501.3326 65.057 -372.6985 -527.4647 59.73718 -575.3963 -183.9578 39.17612 -674.2077 -497.9086 60.68994 -600.3453 -176.1056 35.25354 -699.1565 -490.0565 52.91985 185.664 404.7955 13.44829 225.6977 313.6301 13.44829 311.6241 276.9696 272.4203 311.6241 276.9696 315.6822 167.675 384.0783 315.6576 276.7157 806.6177 267.0932 251.9163 798.3057 258.4836 381.3114 494.5465 298.0383 356.5119 486.2344 293.4774 -9.382436 644.9945 61.82583 244.8755 813.851 52.91988 5.087435 623.2062 67.14566 259.3453 792.063 60.68996 249.3843 -816.0169 50.83122 264.5617 -794.7158 58.6013 -18.66626 -625.026 33.1649 -3.488724 -603.7246 37.08733 14.83131 -949.2844 47.15842 273.534 -816.3213 49.47196 2.633094 -926.148 59.1416 261.3355 -793.1845 57.24205 502.5737 -741.3703 37.22954 490.3754 -718.2337 47.15324 385.8429 -517.0969 61.8258 279.3952 -803.1537 52.91984 361.3296 -507.9748 67.14562 254.8822 -794.032 60.68992 249.3843 -816.0169 267.0931 264.5617 -794.7158 258.4835 -18.66626 -625.026 298.0383 -3.488724 -603.7246 293.4774 -386.9687 -517.0969 255.59 -280.5212 -803.1537 267.0931 -362.4555 -507.9749 267.4851 -256.0081 -794.032 253.5282 2.362831 -603.7246 299.8612 -265.6876 -794.7158 253.5282 17.54033 -625.026 295.4324 -250.5102 -816.0172 267.0931 -256.0081 -794.032 60.69878 -280.5212 -803.1537 52.91984 -362.4555 -507.9748 56.68358 -386.9687 -517.0969 67.47705 -503.6996 -741.3703 39.31816 -491.5014 -718.2337 47.18941 -274.6599 -816.3213 51.56059 -262.4614 -793.1847 59.33952 -15.95726 -949.2844 49.24704 -3.759004 -926.148 51.8476 -250.5102 -816.0172 52.91984 -265.6876 -794.7158 60.69878 17.54033 -625.026 35.25353 2.362831 -603.7246 27.63024 -386.9687 -517.0969 65.38842 -280.5212 -803.1537 50.83122 -362.4555 -507.9748 54.59497 -256.0081 -794.032 58.61015 2.362831 -603.7246 25.54162 -265.6876 -794.7158 58.61015 17.54033 -625.026 33.1649 -250.5102 -816.0172 50.83122 385.8429 -517.0969 261.3356 279.3952 -803.1537 269.1817 361.3296 -507.9749 253.1265 254.8822 -794.032 260.5721 -3.488724 -603.7246 295.5662 264.5617 -794.7158 260.5721 -18.66626 -625.026 300.1272 249.3843 -816.0169 269.1817 254.8822 -794.032 258.4835 279.3952 -803.1537 267.0931 361.3296 -507.9749 251.0378 385.8429 -517.0969 259.2468 502.5737 -741.3703 293.3193 490.3754 -718.2337 286.1184 273.534 -816.3213 265.7339 261.3355 -793.1845 257.1242 14.83131 -949.2844 280.4534 2.633094 -926.148 269.1262 -29.13078 895.0482 37.22958 906.7706 -278.8834 47.15844 -503.6996 -741.3703 293.3193 -503.6996 -741.3703 37.22954 502.5737 -741.3703 295.4079 28.00492 895.0482 39.31821 502.5737 -741.3703 39.31816 544.8057 776.5665 47.15847 842.0973 303.5754 293.3193 842.0973 303.5754 37.22957 544.8057 776.5665 280.4535 212.4843 293.9337 315.6822 -214.5219 293.2712 315.6822 5.86e-4 -363.4926 315.6822 345.0664 -111.9687 315.6822 -345.8441 -113.0404 315.6822 -843.2232 303.5755 295.408 548.7975 -707.7867 37.22954 897.2562 -308.1651 49.24707 -29.13078 895.0482 293.3194 -843.2232 303.5755 39.31819 -860.8792 249.2362 293.3193 -860.8792 249.2362 37.22956 -907.8965 -278.8833 282.5421 -167.7523 382.3166 315.6822 -549.9233 -707.7867 295.408 -549.9233 -707.7867 39.31816</float_array>
          <technique_common>
            <accessor source="#mesh1_003-mesh-positions-array" count="1065" stride="3">
              <param name="X" type="float"/>
              <param name="Y" type="float"/>
              <param name="Z" type="float"/>
            </accessor>
          </technique_common>
        </source>
        <source id="mesh1_003-mesh-normals">
          <float_array id="mesh1_003-mesh-normals-array" count="3168">-0.03963345 0.3741694 -0.9265131 -0.03749018 0.4622653 -0.8859488 -0.1579645 0.3604 -0.9193254 -0.1218997 0.3894774 -0.9129337 -0.1248885 0.2801225 -0.9518058 -0.3424366 0.2804467 -0.8967089 -0.187188 0.1727477 -0.9670155 -0.3757815 0.1534592 -0.9139139 -0.4446436 0.1332976 -0.8857336 -0.2617008 0.149357 -0.9535225 0.3436086 0.1533179 -0.9265132 0.4280572 0.178503 -0.885948 0.293944 0.2616028 -0.9193264 0.332746 0.2362883 -0.9129338 0.2278196 0.2053388 -0.9518058 0.1609017 0.4123396 -0.8967089 0.1064486 0.2314083 -0.9670155 0.02982574 0.4048107 -0.913914 -0.01062852 0.4640729 -0.8857334 0.06117671 0.2950469 -0.9535223 0.2519952 -0.2794137 -0.9265132 0.3020429 -0.3519456 -0.8859483 0.3396335 -0.1987197 -0.9193256 0.3275477 -0.243443 -0.9129338 0.265689 -0.1532161 -0.9518058 0.4418795 -0.0256071 -0.896709 0.252977 -0.02972948 -0.9670155 0.3942146 0.0967276 -0.9139139 0.4380741 0.1535151 -0.8857337 0.2995101 0.03299164 -0.9535227 -0.6986962 -0.2046474 -0.685524 0.41054 0.6012535 -0.6855299 0.410547 0.6012585 -0.6855214 -0.6986893 -0.2046416 -0.6855327 -0.6987005 -0.2046495 0.6855189 -0.698691 -0.2046416 0.685531 0.410543 0.6012552 0.6855266 0.4105388 0.6012523 0.6855317 0.6986885 -0.2046483 0.6855316 0.6986963 -0.2046544 -0.6855217 0.6986889 -0.2046507 -0.6855305 0.6986933 -0.2046502 0.6855261 -0.4105346 0.6012558 0.685531 -0.4105436 0.6012622 0.6855201 -0.4105349 0.6012543 -0.6855322 -0.4105414 0.6012587 -0.6855245 0.6986886 -0.2046482 0.6855315 0.6986968 -0.2046542 -0.6855213 0.6986896 -0.2046499 -0.68553 0.698693 -0.2046506 0.6855263 -0.4105352 0.6012556 0.6855309 -0.4105446 0.6012619 0.6855198 -0.4105345 0.6012541 -0.6855326 -0.4105411 0.6012585 -0.6855249 -0.3681038 0.07793146 -0.926513 -0.4512267 0.1071937 -0.8859482 -0.3915749 -0.03886348 -0.9193252 -0.4080839 0.004421651 -0.9129338 -0.305005 -0.03221338 -0.9518058 -0.3725392 -0.2390136 -0.896709 -0.2221371 -0.1246445 -0.9670155 -0.2620713 -0.3099678 -0.913914 -0.2641761 -0.3816903 -0.8857333 -0.2229171 -0.2027387 -0.9535224 -0.3748624 -0.7397899 -0.5587389 -0.4169436 0.7793815 -0.4676778 -0.7075467 0.3765415 -0.5979918 -0.2149369 -0.9588232 -0.1856347 -0.009939849 -0.9999499 0.001178503 0.1551291 -0.9878781 0.005649268 -0.003596305 -0.5449953 0.8384314 -0.3918311 -0.7339686 0.5547599 1.36815e-4 -3.83554e-7 1 0 0 1 -0.4449621 0.5762419 0.685532 -0.4449666 0.5762516 -0.685521 -0.4449629 0.5762435 -0.68553 -0.4449644 0.5762467 0.6855263 -0.02127963 -0.7277327 0.6855308 -0.02127629 -0.7277438 0.6855191 -0.02127844 -0.727731 -0.6855325 -0.02127647 -0.7277389 -0.6855242 -0.02127635 -0.7277387 -0.6855245 -0.4449607 0.5762448 -0.6855304 -0.4449647 0.5762526 -0.6855214 -0.02127879 -0.7277312 -0.6855322 -0.02127474 -0.7277433 0.6855196 -0.02127832 -0.7277329 0.6855306 -0.4449647 0.5762468 0.6855263 -0.4449621 0.5762422 0.6855317 -0.68554 -0.2451151 0.6855316 -0.6855502 -0.2451147 -0.6855216 -0.6855416 -0.2451152 -0.68553 -0.6855451 -0.2451152 0.6855265 0.6855385 -0.2451211 0.6855309 0.6855506 -0.2451213 0.6855188 0.6855369 -0.2451213 -0.6855325 0.6855456 -0.2451208 -0.6855239 -0.6986956 -0.2046474 -0.6855247 0.4105408 0.6012532 -0.6855296 0.4105476 0.6012583 -0.6855211 -0.6986886 -0.2046416 -0.6855334 -0.698701 -0.2046495 0.6855185 -0.6986914 -0.2046417 0.6855306 0.4105421 0.6012557 0.6855266 0.4105382 0.6012526 0.6855319 -0.8194223 0.127905 -0.5587376 0.6123923 0.63738 -0.4676778 0.1394656 0.7892757 -0.5979911 -0.9783144 -0.09187549 -0.1856338 -0.9540804 -0.2995489 0.001179099 -0.8915908 -0.452807 0.005649149 -0.519433 -0.1649916 0.8384313 -0.8191283 0.1458483 0.5547587 4.21689e-5 -1.29845e-4 1 -0.68554 -0.2451154 0.6855315 -0.6855502 -0.2451146 -0.6855216 -0.6855416 -0.245115 -0.6855301 -0.6855449 -0.2451156 0.6855265 0.6855385 -0.2451214 0.6855307 0.6855505 -0.2451216 0.6855188 0.6855369 -0.2451214 -0.6855325 0.6855456 -0.245121 -0.6855239 0.02127242 -0.7277327 0.6855309 0.02126967 -0.7277406 -0.6855226 0.02127158 -0.7277342 -0.6855294 0.02127146 -0.7277358 0.6855278 0.4449663 0.5762389 0.6855317 0.444971 0.5762515 0.6855182 0.4449666 0.5762369 -0.6855333 0.4449701 0.5762464 -0.685523 -0.1878667 -0.3260053 -0.9265131 -0.2413837 -0.3960184 -0.8859478 -0.0840373 -0.3844177 -0.9193264 -0.1303099 -0.3867446 -0.9129337 -0.06361472 -0.3000316 -0.9518058 0.1121944 -0.4281653 -0.896709 0.04989975 -0.2497823 -0.9670155 0.213812 -0.3450299 -0.913914 0.2813729 -0.3691952 -0.8857337 0.1239312 -0.2746568 -0.9535223 0.02127212 -0.7277327 0.6855309 0.02127063 -0.7277407 -0.6855224 0.021272 -0.7277343 -0.6855293 0.02127164 -0.7277358 0.6855277 0.4449669 0.5762388 0.6855315 0.4449717 0.5762513 0.6855178 0.4449654 0.5762372 -0.6855338 0.4449695 0.5762466 -0.6855232 0.7381101 0.378162 -0.558737 -0.1207947 -0.8756076 -0.4676751 0.3510909 -0.720514 -0.5979924 0.7374705 0.6493667 -0.1856345 0.5957975 0.8031339 0.00117892 0.4551591 0.8903923 0.00564897 0.323251 0.4387966 0.838431 0.7484157 0.3634777 0.5547594 -1.09641e-4 8.04864e-5 1 0.5769624 -0.5994634 0.5547596 4.23265e-5 1.29608e-4 1 1.5029e-6 0 1 0.5172096 -0.1718336 0.8384315 0.9874654 -0.1577348 0.005649447 0.9479374 -0.3184546 0.001178383 0.8454759 -0.5007097 -0.1856353 0.5877432 -0.5851227 -0.5587391 -0.870079 -0.1556957 -0.4676766 -0.576756 -0.5565603 -0.5979909 -0.3861717 0.1943704 0.9017159 -0.4853591 0.3958873 0.7795512 -0.104357 0.1924921 0.9757338 -0.4633144 0.1238023 0.8775037 -0.4561448 0.01319152 0.8898078 -0.327548 0.243443 0.9129337 -0.2595846 0.1668547 0.9511969 -0.2465745 0.2779741 0.9284027 -0.07006454 0.2246071 0.9719273 0.06552183 0.4273363 0.9017153 0.226524 0.583939 0.7795525 0.1508206 0.1587371 0.9757334 -0.0254293 0.478895 0.8775038 -0.128411 0.437896 0.8898078 0.1303098 0.3867447 0.9129337 0.07847195 0.2984404 0.9511969 0.1881737 0.3204047 0.9284027 0.1919629 0.1360422 0.9719274 -0.30419 -0.3072094 0.9017155 -0.5264928 -0.3392685 0.7795526 -0.2153185 -0.03976976 0.9757338 -0.2609147 -0.4023812 0.8775039 -0.1535018 -0.4297435 0.8898077 -0.3327461 -0.2362884 0.9129337 -0.2389042 -0.1953187 0.9511969 -0.3405641 -0.1486068 0.928403 -0.2352651 0.002772152 0.9719273 0.1981711 -0.3842358 0.9017156 0.1599662 -0.6055674 0.7795506 -0.02871638 -0.2170715 0.9757332 0.3020598 -0.3724877 0.8775038 0.3612755 -0.2787871 0.8898077 0.1218998 -0.3894774 0.9129336 0.1119336 -0.2875682 0.9511969 0.03609341 -0.3698186 0.9284027 -0.07533788 -0.2228935 0.9719274 0.4266675 0.06973773 0.9017159 0.6253597 -0.03499239 0.7795517 0.1975714 -0.09438759 0.9757339 0.4475984 0.1721707 0.8775039 0.3767827 0.2574432 0.8898078 0.4080842 -0.004421651 0.9129337 0.3080829 0.01759153 0.9511969 0.3628718 -0.07995319 0.9284027 0.1887037 -0.1405285 0.9719274 0.336596 -0.4248665 -0.8403521 0.05881053 -0.3367272 -0.9397639 0.2329638 -0.4665522 -0.8532625 -0.07709902 -0.4271517 -0.9008869 0.02542966 -0.4788948 -0.877504 -0.7358503 0.3807777 0.5599399 0.1335835 -0.9910327 0.003146529 -0.4365254 -0.8996739 0.005701303 -0.7326326 0.6532722 0.19101 -0.317431 0.4430246 0.8384311 -0.5797143 0.8148191 0.001178622 -0.706162 0.7080279 0.005649328 -0.3896945 0.9020412 -0.1856342 -0.02258092 0.5415704 -0.8403521 0.1503459 0.3069847 -0.9397641 0.08575916 0.5143825 -0.853262 0.3134478 0.3002546 -0.9008871 0.2609146 0.4023811 -0.8775039 -0.4677163 -0.6333041 -0.6165771 -0.7976425 -0.3802245 -0.4681836 -0.7934928 0.1224635 -0.5961309 -0.9012489 -0.4332903 0.003146886 -0.6544578 -0.7560931 0.002908945 -0.9905349 0.1371431 0.005701661 0.006143987 0.7872704 -0.6165773 0.4218156 0.77645 -0.4681847 0.7139325 0.3673266 -0.5961305 0.4744431 0.8802806 0.003146469 0.08504682 0.9963727 0.002908706 0.8819714 0.4712685 0.005700826 -0.02665185 -0.1871692 0.9819661 0.1545799 -0.1666517 0.9738236 0.3916521 -0.1622783 0.90569 -0.1862445 -0.03249084 0.9819661 -0.1107276 -0.1985123 0.9738236 -0.03330862 -0.4226304 0.90569 -0.04102408 -0.5422255 0.8392311 -0.01353394 -0.5427547 0.8397822 0.01634186 -0.3873925 0.92177 -0.3717277 -0.3657348 -0.8532623 -0.3000583 -0.4514133 -0.8403518 -0.3020737 -0.1599842 -0.9397641 0.1697724 -0.08318614 0.9819661 0.206263 0.09551596 0.9738236 0.275363 0.3223368 0.90569 -0.08845305 0.1670888 0.9819662 -0.2230131 0.04396432 0.9738236 -0.4122382 -0.09892159 0.90569 0.1347505 0.8175017 0.5599403 0.3949035 0.8986473 0.1910095 0.5157078 0.07738995 -0.8532621 0.5080863 0.1888312 -0.8403518 0.3384181 -0.04812455 -0.9397644 -0.7468402 0.2491233 -0.616577 -0.6080998 0.6411077 -0.4681832 -0.1287313 0.7925009 -0.5961297 -0.6905859 0.7232436 0.003146529 -0.9213261 0.3887799 0.002909183 -0.1756593 0.9844346 0.005701482 0.1315774 0.1357572 0.9819661 -0.02710217 0.2256839 0.9738236 -0.2214685 0.3614934 0.90569 -0.5895321 -0.5821669 0.5599408 0.9838075 -0.179201 0.003148198 0.7207483 -0.6931735 0.005703568 -0.8476945 -0.4949029 0.1910108 0.5030094 -0.2065731 0.8392313 0.5120071 -0.1805921 0.839783 0.3734832 -0.1041686 0.9217696 0.5168488 -0.8560718 0.002909004 0.4577753 -0.6405267 -0.6165772 0.1151294 -0.8760979 -0.4681856 -0.361674 -0.7168124 -0.5961307 -5.72527e-4 6.84266e-4 0.9999997 0.8191308 0.1244667 0.5599399 0.976696 -0.09787791 0.1910101 -0.5283641 -0.1285393 0.8392313 -0.5203723 -0.1548488 0.8397825 -0.3633828 -0.1352535 0.9217697 -0.2855224 0.4627829 0.8392313 -0.3080735 0.4470523 0.8397827 -0.2409258 0.3038024 0.9217695 0.3519014 0.4145556 0.8392313 0.3299722 0.431142 0.8397827 0.2144826 0.3230132 0.9217699 -0.5220426 0.1458777 -0.8403519 -0.2454982 0.2378516 -0.9397644 -0.4627048 0.2405154 -0.8532623 0.7506374 0.237437 -0.6165772 0.8687967 -0.1612347 -0.4681834 0.5699639 -0.5654824 -0.59613 0.9738877 0.227012 0.002908945 0.3714998 -0.740577 0.5599406 0.2087282 -0.9591389 0.1910107 -0.5108402 0.5115249 0.6909303 -0.4528154 0.6263958 0.6344971 -0.5267026 0.5336053 0.6617022 -0.4546988 0.5693362 0.6849127 -0.4496974 0.4829369 0.7513616 0.1330051 -0.259123 0.9566426 0.1812121 -0.3666376 0.9125454 0.1840014 -0.3738241 0.909065 0.1310961 -0.25281 0.9585932 0.1526972 -0.3154277 0.9365836 0.4427189 -0.06583762 0.8942402 0.2785221 -0.1112615 0.9539635 0.2659695 -0.1101785 0.9576643 0.4568326 -0.05958276 0.8875551 0.1999811 0.01958203 0.9796041 -0.4427191 0.06583774 -0.8942402 -0.199979 -0.01958227 -0.9796046 -0.1812953 -0.02103531 -0.9832037 -0.4568326 0.05958288 -0.887555 -0.2785234 0.1112613 -0.9539632 0.2042292 -0.1922807 0.9598534 0.2006197 -0.2065981 0.9576373 0.2007693 -0.2067329 0.9575768 0.2090987 -0.1942565 0.958406 0.08402353 -0.07194983 0.9938628 -0.1142038 0.7153245 -0.6893972 -0.0754345 0.6566116 -0.7504472 -0.1698081 0.6790459 -0.7141861 -0.03321158 0.727867 -0.6849136 0.001849293 0.7729215 -0.634499 0.7139455 -0.113568 0.69093 0.6883383 -0.04977118 0.7236804 0.6476763 -0.1263784 0.7513615 0.7392051 -0.002119302 0.6734772 0.7397579 -0.122107 0.661701 -0.5276229 0.4448612 0.72368 -0.5967846 0.436208 0.6734766 0.5261068 0.1711575 -0.8330167 0.1701205 -0.1125044 -0.97898 -0.32988 0.4261937 0.8423408 -0.2937942 0.3637231 0.8839629 -0.04470491 -0.287813 -0.9566428 -0.06186807 -0.3449363 -0.936585 -0.06279152 -0.3493292 -0.9348939 -0.04253864 -0.2815836 -0.9585934 -0.06890058 -0.4031308 -0.912545 -0.2053397 -0.2065685 0.9566427 -0.2926954 -0.2856401 0.9125454 -0.2986683 -0.2905136 0.909065 -0.1999254 -0.202802 0.9585933 -0.2528054 -0.2426976 0.9365828 0.6450232 0.3296613 -0.6893972 0.7356659 0.237087 -0.6344962 0.6819802 0.2565094 -0.6849132 0.6686674 0.3391708 -0.6617003 0.6043395 0.4470719 -0.6594699 0.2782436 -0.03551542 -0.9598538 0.1102675 -0.008820891 -0.9938628 0.09901517 -0.008021712 -0.9950536 0.2833445 -0.03425174 -0.9584064 0.2837383 -0.0492196 -0.9576377 0.517391 -0.1508996 0.8423396 0.4514763 -0.1215702 0.8839626 -0.1144178 0.8241059 0.5547594 -1.11232e-4 -7.98654e-5 1 6.1162e-5 -8.9041e-4 0.9999997 0.5933368 0.3713335 -0.7141869 0.6011624 0.2746449 -0.7504492 0.2093663 0.2338187 0.9494708 0.3091341 0.2460932 0.9186263 0.312931 0.2493197 0.9164682 0.2132645 0.2287313 0.9498422 0.1392585 0.2382661 0.9611641 -0.6443474 -0.3277676 0.6909304 -0.598264 -0.2784516 0.7513621 -0.6819811 -0.2565085 0.6849126 -0.5861319 -0.3643287 0.7236809 -0.5992753 -0.4327786 0.6734774 -0.670249 -0.3360313 0.6617018 -0.7356657 -0.2370865 0.6344966 -0.1994242 -0.4007079 -0.894239 -0.04317373 -0.1962453 -0.979604 -0.03601825 -0.1789252 -0.9832032 -0.1978362 -0.416064 -0.8875537 -0.191883 -0.2305065 -0.9539642 0.4633142 -0.123802 -0.8775039 0.3824185 -0.2053241 -0.9008874 0.7345224 -0.2406058 0.6344965 0.7025063 -0.1933383 0.6849126 0.3286309 0.6439077 0.6909303 0.2600435 0.6392682 0.7236806 0.3203362 0.576923 0.7513618 0.2304422 0.7023706 0.6734775 0.3447279 0.6658183 0.6617014 0.11976 0.2536524 -0.9598531 0.04246389 0.1021453 -0.9938628 0.03822666 0.09169059 -0.9950536 0.1201342 0.2588943 -0.9584057 0.1344906 0.2546411 -0.9576379 -0.4475979 -0.1721712 -0.8775039 -0.4300696 -0.05866968 -0.9008874 0.4558099 0.6242205 0.6344968 0.4009627 0.6083775 0.684913 -0.1576775 0.2713732 0.9494706 -0.1385214 0.3700509 0.9186263 -0.1404167 0.374659 0.9164682 -0.1516349 0.2735085 0.9498422 -0.1835706 0.2060692 0.9611645 -0.3250261 -0.4477075 -0.8330163 -0.2037587 -0.008976161 -0.9789801 -0.3280648 -0.6458368 -0.689397 -0.3249191 -0.5755469 -0.7504488 -0.2617557 -0.6491693 -0.7141871 -0.4009615 -0.6083781 -0.6849132 -0.455809 -0.6242213 -0.6344966 -0.2875416 -0.04642206 -0.9566425 -0.3471732 -0.04775071 -0.9365846 -0.3516365 -0.04822993 -0.9348935 -0.2809478 -0.0465573 -0.9585931 -0.4046916 -0.05904585 -0.912545 -0.2599126 0.1314569 0.9566425 -0.3621081 0.1901024 0.9125453 -0.3685888 0.1942769 0.9090648 -0.2546575 0.1274716 0.958593 -0.3089389 0.1654338 0.9365835 -0.2459802 -0.1348153 -0.9598535 -0.09439325 -0.05767732 -0.9938629 -0.08482009 -0.05170983 -0.9950536 -0.249364 -0.138836 -0.958406 -0.2584801 -0.1269581 -0.9576376 -0.7156052 0.1124341 -0.6893967 -0.647784 0.1311624 -0.7504481 -0.6982843 0.04834008 -0.7141865 -0.7025064 0.1933379 -0.6849126 -0.7345229 0.2406055 -0.634496 -0.07419228 0.4413964 -0.8942397 -0.08042114 0.1841421 -0.9796041 -0.07602959 0.165924 -0.9832034 -0.08450293 0.4528863 -0.8875548 0.01974862 0.2992696 -0.9539642 -0.2042289 0.1922806 -0.9598535 -0.08402353 0.07195013 -0.9938628 -0.07538986 0.06468957 -0.9950536 -0.2090985 0.1942564 -0.9584062 -0.2006201 0.2065981 -0.9576371 0.3968663 0.20696 -0.8942399 0.150281 0.1333882 -0.9796036 0.1343116 0.1235817 -0.9832029 0.4046075 0.2203167 -0.8875547 0.2907269 0.07369774 -0.9539637 0.05220496 -0.2756011 -0.9598535 0.02568525 -0.1075963 -0.9938629 0.02296811 -0.09664779 -0.9950537 0.05498319 -0.2800617 -0.9584062 0.04086929 -0.2850603 -0.957638 0.01636809 -0.5386977 0.8423402 0.02389341 -0.4669467 0.8839627 0.5128492 -0.511583 -0.6893973 0.446972 -0.4868707 -0.7504487 0.5365098 -0.4495491 -0.7141869 0.4546979 -0.5693361 -0.6849133 0.4528154 -0.6263949 -0.634498 0.2870736 -0.1268653 0.9494704 0.329577 -0.2179578 0.9186258 0.3338188 -0.2205718 0.9164677 0.2834401 -0.1321448 0.9498419 0.2696368 -0.05881369 0.9611644 -0.5262339 0.1707688 -0.8330163 -0.07150191 0.1910123 -0.97898 -0.30206 0.3724874 -0.8775038 -0.1886966 0.3908917 -0.900887 0.04470539 0.2878132 0.9566426 0.06890058 0.4031308 0.912545 0.07086813 0.4105843 0.9090645 0.042539 0.2815837 0.9585933 0.06186956 0.3449407 0.9365832 0.1126119 -0.7140965 0.6909305 0.226411 -0.7036801 0.6734779 0.1653732 -0.6700294 0.7236798 0.1124671 -0.7412836 0.6617022 -0.001849472 -0.7729219 0.6344985 0.0319454 0.3122255 -0.9494708 -0.02738678 0.2746145 -0.9611643 -0.02807444 0.2716329 -0.9619915 0.03808933 0.3104012 -0.9498423 0.1054448 0.3807953 -0.9186275 0.03704708 0.2988325 0.9535863 0.03634124 0.3105765 0.9498534 0.03709268 0.2980685 0.9538236 0.03629541 0.3113343 0.9496071 -0.268205 0.0146054 0.9632512 0.2288372 0.12882 0.9649036 0.2561385 0.1344804 0.9572399 -0.2945017 0.007966041 0.9556178 -0.02668482 -0.3492282 -0.9366578 -0.001083254 0.2492939 -0.9684273 -0.02797251 -0.3826084 -0.9234872 6.04596e-4 0.2853295 -0.9584293 -0.2255666 -0.1458309 -0.9632513 0.1094155 0.2387258 -0.9649032 -0.2429388 -0.1666593 -0.9556179 0.1281758 0.2593527 -0.9572394 -0.7062526 -0.3768965 -0.5992966 0 0 -1 0.1391592 -0.1522142 0.9785017 0.2632966 -0.1770006 0.9483385 0.1317008 -0.1506586 0.979774 0.2703597 -0.1783463 0.9460963 -0.2294641 -0.2905247 -0.9289465 0.2617006 0.3272939 -0.9079601 -0.2574536 -0.3256898 -0.9097493 0.2882818 0.3607702 -0.8869828 0.1488577 0.1424839 0.9785396 0.1902196 0.2065216 0.9597736 0.1461777 0.1383531 0.9795359 0.1927782 0.210501 0.9583976 -2.04382e-6 0 1 -0.381551 0.8066438 0.451381 0.08234304 -0.170531 -0.9819058 -0.4338373 0.06079542 -0.8989378 0.1131061 -0.1829038 -0.976603 -0.4594784 0.07362246 -0.8851324 -0.1315661 0.8188416 -0.5587386 0.7954238 -0.3854598 -0.4676769 -0.7850604 -0.4232376 -0.4522726 -0.2268583 -0.2668448 0.9366585 0.145655 0.20232 0.9684272 0.1682016 0.2304811 0.9584293 -0.2475202 -0.293093 0.9234881 -0.05220496 0.2756012 0.9598535 -0.04086911 0.2850598 0.9576381 -0.04091089 0.2852566 0.9575777 -0.05498319 0.2800619 0.9584062 -0.02568525 0.1075963 0.9938628 -0.02296811 0.09664785 0.9950537 0.9548063 0.2972275 -9.81102e-4 0.2956539 0.05710989 0.9535866 0.3066068 0.06141149 0.9498532 0.2949413 0.05683028 0.9538239 0.3073134 0.06168931 0.9496067 -0.2261389 -0.7169104 -0.65947 -0.341603 -0.6674287 -0.6616997 -0.03667837 -0.2027689 0.9785395 -0.03250044 -0.2788892 0.9597733 -0.03693825 -0.1978517 0.9795358 -0.03223139 -0.2836126 0.9583972 -0.2083976 0.1694623 -0.9632512 0.2608515 -0.03028947 -0.9649037 -0.2335746 0.1795478 -0.9556179 0.2862657 -0.04175734 -0.9572399 -0.1017627 -0.1793827 0.978502 -0.08697414 -0.3051048 0.9483389 -0.1025881 -0.1718085 0.9797743 -0.08607125 -0.3122381 0.9460968 -0.2053973 0.308012 0.928946 0.2304029 -0.3500308 0.9079609 0.2540264 -0.3856554 0.8869839 -0.2301916 0.3454977 0.909749 -0.2956476 -0.05710834 -0.9535886 -0.306607 -0.06141126 -0.9498531 -0.307314 -0.06168919 -0.9496065 -0.2949346 -0.05682873 -0.953826 0.3068174 0.06610047 -0.9494704 0.2527129 0.1109066 -0.9611639 0.2496648 0.1106392 -0.9619909 0.306981 0.05969411 -0.9498418 0.2056177 0.2199799 -0.9535881 0.2119525 0.2299004 -0.9498537 0.212361 0.2305406 -0.9496073 0.2052053 0.2193347 -0.9538256 0.229465 0.2905243 0.9289464 -0.2617004 -0.3272944 0.90796 -0.2882816 -0.3607707 0.8869827 0.2574545 0.3256893 0.9097492 0.07419228 -0.4413967 0.8942396 -0.01974886 -0.2992692 0.9539643 -0.02259796 -0.286996 0.9576652 0.08450287 -0.4528867 0.8875546 -0.8850684 -0.1136108 0.4513829 0.0804212 -0.1841422 0.9796041 0.07602965 -0.1659241 0.9832034 -0.08234304 0.170531 0.9819058 0.4338368 -0.06079554 0.8989381 0.4594779 -0.07362258 0.8851327 -0.1131061 0.1829038 0.976603 0.1599239 -0.8774247 -0.4522722 0.1401981 -0.7881519 -0.5993005 0.01237165 0.999923 -9.81164e-4 -0.02311187 0.2049391 0.9785018 -0.108974 0.2979593 0.948338 -0.01799225 0.1992967 0.9797741 -0.1138973 0.3031995 0.946096 -0.9885882 -0.1506422 7.50319e-4 -0.2093657 -0.2338185 -0.9494709 -0.1392585 -0.2382658 -0.9611641 -0.1369497 -0.2362579 -0.9619913 -0.2132639 -0.2287313 -0.9498423 -0.3947465 -0.01738888 0.9186257 -0.3068158 -0.06610077 0.9494709 -0.306979 -0.0596944 0.9498423 -0.3997148 -0.01776736 0.9164675 0.2268581 0.2668448 -0.9366586 -0.1456548 -0.2023198 -0.9684274 0.24752 0.2930929 -0.9234881 -0.1682013 -0.2304808 -0.9584294 -0.03704744 -0.2988283 -0.9535876 -0.0363413 -0.310576 -0.9498537 -0.03629547 -0.311334 -0.9496073 -0.0370931 -0.298064 -0.9538249 0.1732971 -0.1017033 -0.9796043 0.3194695 -0.313488 -0.8942397 0.3345644 -0.3167231 -0.8875546 0.1590358 -0.08954584 -0.9832035 -0.1668511 0.08956426 -0.9819058 0.3867176 0.2058187 -0.8989373 -0.1990123 0.08149188 -0.976603 0.4150012 0.2105129 -0.8851318 -0.06240987 -0.1558502 -0.9858072 -0.04951852 -0.2779806 -0.9593095 -0.04875457 -0.2848606 -0.9573283 -0.06313771 -0.1485877 -0.9868816 0.02668482 0.3492284 0.9366576 0.001083254 -0.2492934 0.9684275 -6.04595e-4 -0.2853289 0.9584295 0.02797245 0.3826085 0.9234871 -0.2527123 -0.1109064 0.9611641 -0.2496642 -0.110639 0.9619911 -0.20562 -0.2199837 0.9535867 -0.2119528 -0.2299005 0.9498535 -0.2052078 -0.2193387 0.9538241 -0.2123612 -0.2305406 0.9496073 0 0 -1 0.1822511 0.9832056 -0.00955522 0.06390202 0.9979563 0 8.66609e-4 -2.16755e-4 0.9999997 -0.1488577 -0.1424838 -0.9785396 -0.1902197 -0.2065216 -0.9597736 -0.1927783 -0.210501 -0.9583976 -0.1461777 -0.1383529 -0.9795359 0.2682048 -0.01460498 -0.9632512 -0.2288374 -0.1288201 -0.9649036 0.2945014 -0.007965624 -0.9556179 -0.2561387 -0.1344804 -0.9572399 -0.1836816 0.2982151 -0.9366583 0.1474069 -0.2010455 -0.9684276 -0.2022603 0.3259771 -0.9234879 0.1672222 -0.2311905 -0.9584298 0.2255666 0.1458305 0.9632514 -0.1094155 -0.2387257 0.9649034 -0.1281759 -0.2593526 0.9572395 0.2429388 0.1666589 0.955618 -0.1102674 0.008820831 0.9938628 -0.2782438 0.03551536 0.9598537 -0.09901493 0.008021652 0.9950537 -0.2833447 0.03425163 0.9584063 -0.2837383 0.0492196 0.9576377 -0.2839386 0.0492407 0.9575774 0.1836814 -0.2982152 0.9366583 -0.1474069 0.2010455 0.9684275 -0.1672223 0.2311905 0.9584299 0.20226 -0.3259772 0.9234879 0.1876295 0.02561372 -0.9819059 -0.191885 -0.3938189 -0.8989366 0.2089033 0.05104792 -0.9766032 -0.2120081 -0.4142414 -0.8851308 0.04112005 -0.1627747 0.9858061 0.1233329 -0.2539996 0.9593088 0.03626251 -0.1573271 0.9868806 0.1279947 -0.2591164 0.9573276 0.2053974 -0.3080119 -0.928946 -0.2304024 0.3500306 -0.9079611 0.2301915 -0.3454976 -0.909749 -0.2540259 0.3856552 -0.8869842 -0.01487463 -0.3699179 0.9289454 0.01934218 0.4186105 0.9079599 0.02116996 0.461317 0.8869828 -0.01684916 -0.4148187 0.9097481 -0.3194693 0.313488 0.8942397 -0.1599319 0.253724 0.9539633 -0.1504132 0.2454695 0.9576642 -0.3345642 0.316723 0.8875548 0.3947407 0.01738798 -0.9186281 0.3997084 0.01776641 -0.9164702 0.2083976 -0.1694626 0.9632512 -0.2608517 0.03028953 0.9649036 -0.2862659 0.0417574 0.9572399 0.2335746 -0.1795481 0.9556179 0.3471777 0.04775083 0.936583 0.2875418 0.0464217 0.9566425 0.3516413 0.04823017 0.9348917 0.2809477 0.04655694 0.9585932 -0.4487593 0.8936524 7.50395e-4 0.02310776 -0.2049355 -0.9785027 0.1089743 -0.2979584 -0.9483383 0.1138978 -0.3031988 -0.9460962 0.01798778 -0.1992929 -0.979775 0.7937431 0.1112568 -0.5979914 0.6492576 0.6121429 0.451382 0.9914027 0.1304973 -0.009554088 0.9688598 0.2476102 0 -0.04111647 0.1627708 -0.9858068 -0.1233326 0.2539991 -0.9593089 -0.1279948 0.2591162 -0.9573276 -0.03625875 0.157323 -0.9868814 -0.2870724 0.1268656 -0.9494708 -0.2696371 0.05881369 -0.9611643 -0.267014 0.05723828 -0.9619914 -0.2834387 0.1321451 -0.9498423 -0.3295754 0.217956 -0.9186269 -0.3338172 0.2205699 -0.9164688 -0.173298 0.101704 0.9796041 -0.1590367 0.08954656 0.9832034 0.1017624 0.1793774 -0.9785031 0.0869733 0.3051043 -0.9483391 0.08607035 0.3122379 -0.946097 0.1025878 0.1718029 -0.9797753 -0.2041788 -0.02777546 0.9785395 -0.2752828 -0.05527186 0.9597731 -0.1995825 -0.02600884 0.9795358 -0.2796917 -0.0569874 0.9583971 0.4046916 0.05904585 0.912545 0.4123883 0.05947786 0.9090646 0.1668511 -0.08956426 0.9819058 -0.3867185 -0.2058187 0.8989368 -0.4150022 -0.2105128 0.8851315 0.1990123 -0.08149188 0.976603 -0.1876303 -0.0256133 0.9819058 0.1918851 0.3938188 0.8989365 0.2120082 0.4142414 0.8851308 -0.2089042 -0.0510475 0.976603 0.06240934 0.1558554 0.9858064 0.04951852 0.277981 0.9593094 0.06313717 0.1485931 0.9868809 0.04875457 0.2848607 0.9573283 0.2551341 0.3918119 0.8839627 0.3033965 0.4454361 0.8423404 0.2041786 0.02777558 -0.9785395 0.2752827 0.05527198 -0.9597732 0.2796916 0.05698752 -0.9583971 0.1995823 0.02600896 -0.9795358 0.01487463 0.3699179 -0.9289454 -0.01934206 -0.4186108 -0.9079598 0.01684916 0.4148187 -0.9097482 -0.02116984 -0.4613173 -0.8869826 0.1599315 -0.2537242 -0.9539633 0.1504127 -0.2454698 -0.9576642 0.2599124 -0.1314566 -0.9566425 0.3089354 -0.1654312 -0.936585 0.3128279 -0.1676669 -0.934894 0.2546575 -0.1274713 -0.9585931 0.3621084 -0.1901026 -0.9125451 0.3685891 -0.1942772 -0.9090647 -0.01563286 -0.2758675 0.9610686 -0.4280557 -0.1785029 0.8859487 -0.293942 -0.261602 0.9193272 0.0967701 0.2505638 -0.9632514 0.05180037 -0.2574486 -0.9649026 0.09858179 0.277625 -0.9556182 0.04874712 -0.2851631 -0.9572386 0.1456773 -0.2635357 0.9535864 0.1531526 -0.2726235 0.949853 0.1451913 -0.2629444 0.9538238 0.1536351 -0.2732097 0.9496066 0.02738749 -0.2746147 0.9611643 -0.03194522 -0.3122256 0.9494708 0.02807521 -0.2716331 0.9619914 -0.03808903 -0.3104012 0.9498423 -0.1054461 -0.3807997 0.9186254 -0.1066215 -0.3856419 0.9164673 -0.2020503 0.04134988 0.9785019 -0.3170487 -0.01156544 0.9483388 -0.1951019 0.04447543 0.9797741 -0.3235538 -0.01462846 0.9460967 -0.1456757 0.2635324 -0.9535877 -0.1531513 0.2726237 -0.9498532 -0.1536338 0.2732101 -0.9496068 -0.1451897 0.2629408 -0.9538251 0.6119413 -0.4366086 -0.65947 0.5291999 -0.5311305 -0.6617007 0.3238881 -0.1332954 -0.9366585 -0.2374274 0.07600581 -0.9684273 0.3552364 -0.1448349 -0.9234879 -0.2711775 0.0887466 -0.9584293 -0.09677004 -0.2505642 0.9632514 -0.05180037 0.2574487 0.9649026 -0.04874712 0.2851632 0.9572386 -0.09858179 -0.2776255 0.9556181 0.09439361 0.05767732 0.9938628 0.2459799 0.1348153 0.9598535 0.0848205 0.05170983 0.9950536 0.2493637 0.1388359 0.9584062 0.2584804 0.1269583 0.9576374 0.2586549 0.127059 0.957577 -0.323888 0.1332956 0.9366583 0.2374277 -0.07600581 0.9684272 0.2711778 -0.08874666 0.9584293 -0.3552364 0.1448352 0.9234879 -0.1367399 -0.1310069 -0.9819061 -0.07624268 0.4313961 -0.8989352 -0.1390009 -0.1640882 -0.9766033 -0.07196682 0.4597466 -0.8851293 -0.3472136 0.1284568 -0.9289466 0.3921437 -0.1477532 -0.9079605 -0.3893066 0.1442098 -0.9097493 0.4321956 -0.1626887 -0.8869834 0.1595683 0.1270282 -0.97898 -2.03844e-4 0.5532485 -0.8330163 -0.2384386 0.7129137 -0.6594703 -0.1159421 0.7407495 -0.6617006 0.1675133 -0.01119273 0.9858063 0.279679 0.0388059 0.959309 0.1608314 -0.01412904 0.9868808 0.2859859 0.0416584 0.9573279 0.08951085 -0.1856021 -0.9785395 0.1376336 -0.2447295 -0.9597731 0.1406276 -0.2483927 -0.9583972 0.0864104 -0.1817768 -0.9795359 -0.1675087 0.01119488 -0.9858071 -0.2796781 -0.03880584 -0.9593093 -0.2859853 -0.04165852 -0.9573281 -0.1608266 0.0141313 -0.9868816 0.1367399 0.1310068 0.9819061 0.07624268 -0.4313964 0.8989351 0.07196688 -0.459747 0.8851292 0.1390009 0.1640882 0.9766033 -0.1502811 -0.1333884 0.9796035 -0.3968653 -0.2069602 0.8942402 -0.1343119 -0.1235819 0.9832029 -0.4046065 -0.2203169 0.8875551 -0.2907272 -0.07369804 0.9539635 -0.2799354 -0.06719589 0.9576643 0.3472136 -0.1284568 0.9289466 -0.3921444 0.1477535 0.9079603 -0.4321963 0.162689 0.886983 0.3893066 -0.1442098 0.9097493 -0.1815095 0.09754222 -0.9785397 -0.255195 0.117091 -0.9597736 -0.2597703 0.1182947 -0.9583976 -0.1767527 0.0962699 -0.979536 -0.1421009 -0.08940744 0.9858062 -0.2034563 -0.195787 0.9593086 -0.1384209 -0.08310437 0.9868806 -0.2068821 -0.2018018 0.9573276 0 0 1 0 0 1 -0.6451209 0.6158457 -0.4522755 -0.9770749 0.2128964 2.26712e-7 0.174798 0.213993 0.9610686 -0.09945589 0.995042 0 0.2575352 -0.1001153 0.9610685 0.03749024 -0.4622647 0.8859491 0.1579627 -0.3604 0.9193257 -0.6253603 0.03499227 -0.7795513 -0.1975728 0.09438729 -0.9757336 -0.2051883 0.1288682 -0.9702014 -0.7517029 -0.006465673 -0.6594704 -0.7403233 0.118638 -0.6616997 0.4512259 -0.1071932 0.8859486 0.3915732 0.03886467 0.9193258 -0.9471602 0.3207595 -9.8089e-4 0.4853602 -0.3958871 -0.7795506 0.1043584 -0.1924926 -0.9757336 0.09025436 -0.2248635 -0.9702014 0.8883296 -0.4592058 7.50118e-4 0.6653329 -0.7465469 -9.06847e-7 -0.3020434 0.3519448 0.8859484 -0.3396331 0.198719 0.919326 -0.2671965 -0.07038033 0.9610685 -0.4367092 -0.1670184 0.8839626 0.241384 0.3960182 0.8859477 0.08404052 0.3844167 0.9193264 0.5264936 0.3392683 -0.7795522 0.2153184 0.03977048 -0.9757338 0.2417477 0.0163505 -0.9702014 -0.2265226 -0.5839398 -0.7795524 -0.1508204 -0.1587383 -0.9757333 -0.1859676 -0.1553236 -0.9702014 -0.05442804 -0.1965599 -0.9789801 -0.1622224 -0.986754 7.50494e-4 -0.5044102 -0.8634642 0 -0.1495044 0.2323708 0.9610683 -0.1599669 0.6055677 -0.7795501 0.02871423 0.2170728 -0.9757331 0.05915421 0.2349685 -0.9702013 0.5777311 -0.8162267 -9.80937e-4 -0.5977491 -0.8016827 -9.80776e-4 0.07995069 -0.6550309 0.7513604 0.03321141 -0.7278673 0.6849133 0.7112397 0.7029492 7.50701e-4 0.9156076 0.4020731 -9.06847e-7 -0.5072742 -0.1820337 0.8423401 0.3253552 -0.447467 -0.8330171 -0.03362202 -0.18636 0.9819061 -0.3152487 0.3041886 0.898937 -0.3284533 0.3296374 0.8851314 -0.01600629 -0.2144528 0.9766033 0.04317402 0.1962445 0.9796041 0.1994245 0.400708 0.8942388 0.03601849 0.1789243 0.9832034 0.1978366 0.4160642 0.8875536 0.1918829 0.2305065 0.9539642 0.1869737 0.2189025 0.9576652 -0.3564079 -0.1001635 0.9289461 0.4040986 0.1109614 0.9079603 0.4452798 0.1224201 0.8869832 -0.3997218 -0.1121608 0.9097486 0.3498371 0.7200402 -0.5992964 0 0 -1 -0.1654508 -0.8768571 0.4513843 0.8839002 -0.1190401 -0.4522719 0.7929049 -0.1102095 -0.599296 -0.1391541 0.1522126 -0.9785028 -0.263296 0.1770001 -0.9483388 -0.2703594 0.1783457 -0.9460965 -0.1316955 0.1506569 -0.9797748 -0.3091309 -0.2460895 -0.9186285 -0.3129276 -0.2493157 -0.9164704 0 0 -1 -0.8787662 0.4771572 -0.009552419 -0.9293663 0.3691588 2.22662e-6 4.7487e-4 7.56449e-4 0.9999997 -0.7253592 -0.6883044 -0.009551823 -0.6382784 -0.7698057 5.52815e-6 0.3863536 0.8038541 -0.4522714 0.7828119 -0.4283208 0.4513832 0.1289373 -0.107516 -0.985807 0.2490738 -0.1329962 -0.9593092 0.2558532 -0.1343957 -0.957328 0.1218053 -0.1059639 -0.9868816 0.2926956 0.2856402 -0.9125453 0.2053395 0.2065687 -0.9566427 0.2986685 0.2905137 -0.909065 0.1999254 0.2028023 -0.9585934 0.2528016 0.2426947 -0.9365845 0.2561308 0.2457059 -0.9348934 0.03667843 0.2027689 -0.9785395 0.03250038 0.2788888 -0.9597733 0.03223133 0.2836121 -0.9583973 0.03693825 0.1978517 -0.9795358 -0.1289427 0.1075171 0.9858062 -0.2490739 0.1329963 0.9593092 -0.121811 0.1059651 0.9868807 -0.255853 0.1343957 0.9573281 -0.5766953 0.5552171 -0.5992968 0 0 -1 0.430468 -0.9025553 -0.009554445 0.534884 -0.8449256 0 -8.29373e-4 -3.33548e-4 0.9999997 0.2020471 -0.0413509 -0.9785026 0.317048 0.01156616 -0.9483391 0.3235533 0.01462936 -0.9460969 0.1950985 -0.04447662 -0.9797747 -0.08951061 0.1856021 0.9785396 -0.1376335 0.2447295 0.9597732 -0.08641016 0.1817768 0.9795359 -0.1406275 0.2483926 0.9583972 0.1420982 0.08940279 -0.9858069 0.2034558 0.1957862 -0.9593089 0.2068817 0.2018014 -0.9573277 0.1384181 0.08309942 -0.9868815 -0.1812121 0.3666375 -0.9125455 -0.1330051 0.2591224 -0.9566427 -0.1840013 0.373824 -0.9090651 -0.1310962 0.2528097 -0.9585933 -0.1526958 0.3154231 -0.9365854 -0.1545308 0.3195198 -0.9348943 0.1815097 -0.0975421 0.9785397 0.2551957 -0.117091 0.9597734 0.1767529 -0.09626972 0.9795359 0.259771 -0.1182947 0.9583973 -0.1877632 -0.08530569 -0.978503 -0.2497007 -0.1957147 -0.9483382 -0.2531633 -0.2020167 -0.9460961 -0.1839788 -0.07869267 -0.9797752 0.3564077 0.1001634 -0.9289462 -0.4040981 -0.1109614 -0.9079606 0.3997215 0.1121607 -0.9097487 -0.4452794 -0.1224202 -0.8869835 0.03362196 0.18636 -0.9819061 0.315248 -0.3041884 -0.8989373 0.01600629 0.2144528 -0.9766033 0.3284527 -0.3296372 -0.8851318 0.3403801 0.08253806 0.9366583 -0.2367569 -0.07806575 0.9684276 -0.2715504 -0.08759611 0.9584296 0.3725243 0.09162849 0.9234879 -0.11976 -0.2536524 0.9598531 -0.1344905 -0.2546411 0.9576379 -0.1345725 -0.2548249 0.9575775 -0.1201344 -0.2588943 0.9584057 -0.04246407 -0.1021454 0.9938628 -0.0382269 -0.09169065 0.9950536 -0.06898927 0.2595899 0.9632516 0.1932304 -0.1778299 0.9649035 0.2070504 -0.2020459 0.9572397 -0.08342993 0.282548 0.9556182 -0.3403801 -0.082538 -0.9366583 0.2367566 0.07806581 -0.9684277 -0.3725243 -0.09162837 -0.9234879 0.2715501 0.08759611 -0.9584297 0.06898939 -0.2595899 -0.9632516 -0.1932302 0.1778296 -0.9649035 0.08343005 -0.282548 -0.9556182 -0.2070502 0.2020455 -0.9572398 -0.2727572 0.127578 0.9535866 -0.2841454 0.1305359 0.9498535 -0.2720165 0.1273853 0.9538239 -0.2848803 0.1307265 0.9496072 0.1877673 0.0853098 0.9785017 0.2497014 0.1957147 0.948338 0.183983 0.07869702 0.9797741 0.2531639 0.2020164 0.946096 0.2727543 -0.127577 -0.9535877 0.2841456 -0.130536 -0.9498535 0.2848806 -0.1307266 -0.949607 0.2720134 -0.1273842 -0.953825 0.1576764 -0.2713729 -0.9494709 0.1835705 -0.2060691 -0.9611647 0.1823742 -0.2032526 -0.9619917 0.1516338 -0.2735084 -0.9498423 0.1385191 -0.3700479 -0.9186278 0.1404142 -0.3746557 -0.9164698 0.04091107 -0.2852572 -0.9575775 -0.4123883 -0.05947786 -0.9090645 -0.1869738 -0.2189026 -0.9576652 0.1345725 0.2548249 -0.9575774 -0.1823743 0.2032528 0.9619917 0.06279301 0.349334 0.9348919 0.1545323 -0.3195248 0.9348924 -0.07086813 -0.4105843 -0.9090645 0.2799349 0.06719553 -0.9576645 -0.2586546 -0.1270588 -0.9575771 0.1066201 0.3856371 -0.9164695 -0.1686617 -0.9856741 0 0.8853127 -0.464996 0 -0.442916 0.8965631 1.79544e-6 -0.9895509 -0.1441842 4.48859e-7 0.7158142 0.6982908 0 0.2670136 -0.05723834 0.9619914 -0.2007698 0.206733 -0.9575767 0.0753898 -0.06468927 0.9950537 0.02259767 0.2869964 -0.9576652 -0.3128317 0.1676697 0.9348922 -0.2659708 0.1101782 -0.9576641 0.2839387 -0.0492407 -0.9575774 0.1812976 0.02103501 0.9832033 1.12717e-6 0 1 0.1369497 0.2362582 0.9619911 -0.2561349 -0.2457091 0.9348915</float_array>
          <technique_common>
            <accessor source="#mesh1_003-mesh-normals-array" count="1056" stride="3">
              <param name="X" type="float"/>
              <param name="Y" type="float"/>
              <param name="Z" type="float"/>
            </accessor>
          </technique_common>
        </source>
        <source id="mesh1_003-mesh-map-0">
          <float_array id="mesh1_003-mesh-map-0-array" count="5280">-6.479935 2.071278 -6.769142 2.092051 -6.769142 2.071278 -6.769142 2.220772 -6.769142 2.092051 -6.479935 2.071278 -5.475272 2.220772 -6.769142 2.220772 -6.479935 2.071278 -5.475272 2.376475 -6.769142 2.220772 -5.475272 2.220772 -4.483127 2.220772 -5.475272 2.376475 -5.475272 2.220772 -4.483127 2.376475 -5.475272 2.376475 -4.483127 2.220772 -3.155705 2.220772 -4.483127 2.376475 -4.483127 2.220772 -3.155705 2.376475 -4.483127 2.376475 -3.155705 2.220772 -6.479935 2.071278 -6.769142 2.092051 -6.769142 2.071278 -6.769142 2.220772 -6.769142 2.092051 -6.479935 2.071278 -5.475272 2.220772 -6.769142 2.220772 -6.479935 2.071278 -5.475272 2.376475 -6.769142 2.220772 -5.475272 2.220772 -4.483127 2.220772 -5.475272 2.376475 -5.475272 2.220772 -4.483127 2.376475 -5.475272 2.376475 -4.483127 2.220772 -3.155705 2.220772 -4.483127 2.376475 -4.483127 2.220772 -3.155705 2.376475 -4.483127 2.376475 -3.155705 2.220772 -6.479935 2.071278 -6.769142 2.092051 -6.769142 2.071278 -6.769142 2.220772 -6.769142 2.092051 -6.479935 2.071278 -5.475272 2.220772 -6.769142 2.220772 -6.479935 2.071278 -5.475272 2.376475 -6.769142 2.220772 -5.475272 2.220772 -4.483127 2.220772 -5.475272 2.376475 -5.475272 2.220772 -4.483127 2.376475 -5.475272 2.376475 -4.483127 2.220772 -3.155705 2.220772 -4.483127 2.376475 -4.483127 2.220772 -3.155705 2.376475 -4.483127 2.376475 -3.155705 2.220772 -1 1.070009 -2 1.002171 -2 1.070009 -1 1.002171 -2 1.002171 -1 1.070009 0 1.070009 -1 1.002171 -1 1.070009 0 1.002171 -1 1.002171 0 1.070009 1 1.070009 0 1.002171 0 1.070009 1 1.002171 0 1.002171 1 1.070009 2 1.070009 1 1.002171 1 1.070009 2 1.002171 1 1.002171 2 1.070009 1 1.002171 2 1.070009 2 1.002171 1 1.070009 2 1.070009 1 1.002171 0 1.002171 1 1.070009 1 1.002171 0 1.070009 1 1.070009 0 1.002171 -1 1.002171 0 1.070009 0 1.002171 -1 1.070009 0 1.070009 -1 1.002171 -2 1.002171 -1 1.070009 -1 1.002171 -2 1.070009 -1 1.070009 -2 1.002171 1 1.002171 2 1.070009 2 1.002171 1 1.070009 2 1.070009 1 1.002171 0 1.002171 1 1.070009 1 1.002171 0 1.070009 1 1.070009 0 1.002171 -1 1.002171 0 1.070009 0 1.002171 -1 1.070009 0 1.070009 -1 1.002171 -2 1.002171 -1 1.070009 -1 1.002171 -2 1.070009 -1 1.070009 -2 1.002171 -6.479935 2.071278 -6.769142 2.092051 -6.769142 2.071278 -6.769142 2.220772 -6.769142 2.092051 -6.479935 2.071278 -5.475272 2.220772 -6.769142 2.220772 -6.479935 2.071278 -5.475272 2.376475 -6.769142 2.220772 -5.475272 2.220772 -4.483127 2.220772 -5.475272 2.376475 -5.475272 2.220772 -4.483127 2.376475 -5.475272 2.376475 -4.483127 2.220772 -3.155705 2.220772 -4.483127 2.376475 -4.483127 2.220772 -3.155705 2.376475 -4.483127 2.376475 -3.155705 2.220772 4.513185 7.544044 4.997636 7.63974 4.997642 7.544044 4.513103 7.63974 4.997636 7.63974 4.513185 7.544044 2.510777 7.544044 4.513103 7.63974 4.513185 7.544044 4.512508 7.891892 4.513103 7.63974 2.510777 7.544044 2.509489 7.947081 4.512508 7.891892 2.510777 7.544044 4.507627 7.947227 4.512508 7.891892 2.509489 7.947081 2.603041 7.997563 4.507627 7.947227 2.509489 7.947081 4.491066 7.998406 4.507627 7.947227 2.603041 7.997563 1 1.002171 2 1.070009 2 1.002171 1 1.070009 2 1.070009 1 1.002171 0 1.002171 1 1.070009 1 1.002171 0 1.070009 1 1.070009 0 1.002171 -1 1.002171 0 1.070009 0 1.002171 -1 1.070009 0 1.070009 -1 1.002171 -2 1.002171 -1 1.070009 -1 1.002171 -2 1.070009 -1 1.070009 -2 1.002171 -1 1.070009 -2 1.002171 -2 1.070009 -1 1.002171 -2 1.002171 -1 1.070009 0 1.070009 -1 1.002171 -1 1.070009 0 1.002171 -1 1.002171 0 1.070009 1 1.070009 0 1.002171 0 1.070009 1 1.002171 0 1.002171 1 1.070009 2 1.070009 1 1.002171 1 1.070009 2 1.002171 1 1.002171 2 1.070009 1 1.002171 2 1.070009 2 1.002171 1 1.070009 2 1.070009 1 1.002171 0 1.002171 1 1.070009 1 1.002171 0 1.070009 1 1.070009 0 1.002171 -1 1.002171 0 1.070009 0 1.002171 -1 1.070009 0 1.070009 -1 1.002171 -2 1.002171 -1 1.070009 -1 1.002171 -2 1.070009 -1 1.070009 -2 1.002171 -1 1.070009 -2 1.002171 -2 1.070009 -1 1.002171 -2 1.002171 -1 1.070009 0 1.070009 -1 1.002171 -1 1.070009 0 1.002171 -1 1.002171 0 1.070009 1 1.070009 0 1.002171 0 1.070009 1 1.002171 0 1.002171 1 1.070009 2 1.070009 1 1.002171 1 1.070009 2 1.002171 1 1.002171 2 1.070009 4.513185 7.544044 4.997636 7.63974 4.997642 7.544044 4.513103 7.63974 4.997636 7.63974 4.513185 7.544044 2.510777 7.544044 4.513103 7.63974 4.513185 7.544044 4.512508 7.891892 4.513103 7.63974 2.510777 7.544044 2.509489 7.947081 4.512508 7.891892 2.510777 7.544044 4.507627 7.947227 4.512508 7.891892 2.509489 7.947081 2.603041 7.997563 4.507627 7.947227 2.509489 7.947081 4.491066 7.998406 4.507627 7.947227 2.603041 7.997563 1 1.002171 2 1.070009 2 1.002171 1 1.070009 2 1.070009 1 1.002171 0 1.002171 1 1.070009 1 1.002171 0 1.070009 1 1.070009 0 1.002171 -1 1.002171 0 1.070009 0 1.002171 -1 1.070009 0 1.070009 -1 1.002171 -2 1.002171 -1 1.070009 -1 1.002171 -2 1.070009 -1 1.070009 -2 1.002171 1 1.002171 2 1.070009 2 1.002171 1 1.070009 2 1.070009 1 1.002171 0 1.002171 1 1.070009 1 1.002171 0 1.070009 1 1.070009 0 1.002171 -1 1.002171 0 1.070009 0 1.002171 -1 1.070009 0 1.070009 -1 1.002171 -2 1.002171 -1 1.070009 -1 1.002171 -2 1.070009 -1 1.070009 -2 1.002171 -6.479935 2.071278 -6.769142 2.092051 -6.769142 2.071278 -6.769142 2.220772 -6.769142 2.092051 -6.479935 2.071278 -5.475272 2.220772 -6.769142 2.220772 -6.479935 2.071278 -5.475272 2.376475 -6.769142 2.220772 -5.475272 2.220772 -4.483127 2.220772 -5.475272 2.376475 -5.475272 2.220772 -4.483127 2.376475 -5.475272 2.376475 -4.483127 2.220772 -3.155705 2.220772 -4.483127 2.376475 -4.483127 2.220772 -3.155705 2.376475 -4.483127 2.376475 -3.155705 2.220772 1 1.002171 2 1.070009 2 1.002171 1 1.070009 2 1.070009 1 1.002171 0 1.002171 1 1.070009 1 1.002171 0 1.070009 1 1.070009 0 1.002171 -1 1.002171 0 1.070009 0 1.002171 -1 1.070009 0 1.070009 -1 1.002171 -2 1.002171 -1 1.070009 -1 1.002171 -2 1.070009 -1 1.070009 -2 1.002171 4.513185 7.544044 4.997636 7.63974 4.997642 7.544044 4.513103 7.63974 4.997636 7.63974 4.513185 7.544044 2.510777 7.544044 4.513103 7.63974 4.513185 7.544044 4.512508 7.891892 4.513103 7.63974 2.510777 7.544044 2.509489 7.947081 4.512508 7.891892 2.510777 7.544044 4.507627 7.947227 4.512508 7.891892 2.509489 7.947081 2.603041 7.997563 4.507627 7.947227 2.509489 7.947081 4.491066 7.998406 4.507627 7.947227 2.603041 7.997563 4.507627 7.947227 2.603041 7.997563 4.491066 7.998406 2.509489 7.947081 2.603041 7.997563 4.507627 7.947227 4.512508 7.891892 2.509489 7.947081 4.507627 7.947227 2.510777 7.544044 2.509489 7.947081 4.512508 7.891892 4.513103 7.63974 2.510777 7.544044 4.512508 7.891892 4.513185 7.544044 2.510777 7.544044 4.513103 7.63974 4.997636 7.63974 4.513185 7.544044 4.513103 7.63974 4.997642 7.544044 4.513185 7.544044 4.997636 7.63974 -6.465862 2.539025 -6.769142 2.519171 -6.769142 2.539025 -6.769142 2.376475 -6.769142 2.519171 -6.465862 2.539025 -5.475272 2.376475 -6.769142 2.376475 -6.465862 2.539025 -6.769142 2.220772 -6.769142 2.376475 -5.475272 2.376475 -5.475272 2.220772 -6.769142 2.220772 -5.475272 2.376475 -6.479935 2.071278 -6.769142 2.220772 -5.475272 2.220772 -5.475272 2.071278 -6.479935 2.071278 -5.475272 2.220772 -6.465862 2.539025 -6.769142 2.519171 -6.769142 2.539025 -6.769142 2.376475 -6.769142 2.519171 -6.465862 2.539025 -5.475272 2.376475 -6.769142 2.376475 -6.465862 2.539025 -6.769142 2.220772 -6.769142 2.376475 -5.475272 2.376475 -5.475272 2.220772 -6.769142 2.220772 -5.475272 2.376475 -6.479935 2.071278 -6.769142 2.220772 -5.475272 2.220772 -5.475272 2.071278 -6.479935 2.071278 -5.475272 2.220772 -6.465862 2.539025 -6.769142 2.519171 -6.769142 2.539025 -6.769142 2.376475 -6.769142 2.519171 -6.465862 2.539025 -5.475272 2.376475 -6.769142 2.376475 -6.465862 2.539025 -6.769142 2.220772 -6.769142 2.376475 -5.475272 2.376475 -5.475272 2.220772 -6.769142 2.220772 -5.475272 2.376475 -6.479935 2.071278 -6.769142 2.220772 -5.475272 2.220772 -5.475272 2.071278 -6.479935 2.071278 -5.475272 2.220772 -6.465862 2.539025 -6.769142 2.519171 -6.769142 2.539025 -6.769142 2.376475 -6.769142 2.519171 -6.465862 2.539025 -5.475272 2.376475 -6.769142 2.376475 -6.465862 2.539025 -6.769142 2.220772 -6.769142 2.376475 -5.475272 2.376475 -5.475272 2.220772 -6.769142 2.220772 -5.475272 2.376475 -6.479935 2.071278 -6.769142 2.220772 -5.475272 2.220772 -5.475272 2.071278 -6.479935 2.071278 -5.475272 2.220772 -6.465862 2.539025 -6.769142 2.519171 -6.769142 2.539025 -6.769142 2.376475 -6.769142 2.519171 -6.465862 2.539025 -5.475272 2.376475 -6.769142 2.376475 -6.465862 2.539025 -6.769142 2.220772 -6.769142 2.376475 -5.475272 2.376475 -5.475272 2.220772 -6.769142 2.220772 -5.475272 2.376475 -6.479935 2.071278 -6.769142 2.220772 -5.475272 2.220772 -5.475272 2.071278 -6.479935 2.071278 -5.475272 2.220772 -4.483127 2.539025 -3.155705 2.376475 -3.155705 2.539025 -4.483127 2.376475 -3.155705 2.376475 -4.483127 2.539025 -5.475272 2.539025 -4.483127 2.376475 -4.483127 2.539025 -5.475272 2.376475 -4.483127 2.376475 -5.475272 2.539025 -6.465862 2.539025 -5.475272 2.376475 -5.475272 2.539025 -6.769142 2.376475 -5.475272 2.376475 -6.465862 2.539025 1.003711 7.947526 0.504877 7.891893 0.505091 7.946602 1.004394 7.891908 0.504877 7.891893 1.003711 7.947526 2.509489 7.947081 1.004394 7.891908 1.003711 7.947526 2.510777 7.544044 1.004394 7.891908 2.509489 7.947081 4.512508 7.891892 2.510777 7.544044 2.509489 7.947081 4.513103 7.63974 2.510777 7.544044 4.512508 7.891892 -4.483127 2.539025 -3.155705 2.376475 -3.155705 2.539025 -4.483127 2.376475 -3.155705 2.376475 -4.483127 2.539025 -5.475272 2.539025 -4.483127 2.376475 -4.483127 2.539025 -5.475272 2.376475 -4.483127 2.376475 -5.475272 2.539025 -6.465862 2.539025 -5.475272 2.376475 -5.475272 2.539025 -6.769142 2.376475 -5.475272 2.376475 -6.465862 2.539025 2.594749 6.54782 1.085093 6.597197 1.085093 6.54782 1.085093 6.894577 1.085093 6.597197 2.594749 6.54782 2.594749 6.942296 1.085093 6.894577 2.594749 6.54782 1.085093 6.942296 1.085093 6.894577 2.594749 6.942296 2.594749 6.54782 1.085093 6.597197 1.085093 6.54782 1.085093 6.894577 1.085093 6.597197 2.594749 6.54782 2.594749 6.942296 1.085093 6.894577 2.594749 6.54782 1.085093 6.942296 1.085093 6.894577 2.594749 6.942296 -5.475272 2.220772 -4.483127 2.071278 -5.475272 2.071278 -4.483127 2.220772 -4.483127 2.071278 -5.475272 2.220772 -5.475272 2.376475 -4.483127 2.220772 -5.475272 2.220772 -4.483127 2.376475 -4.483127 2.220772 -5.475272 2.376475 -5.475272 2.220772 -4.483127 2.071278 -5.475272 2.071278 -4.483127 2.220772 -4.483127 2.071278 -5.475272 2.220772 -5.475272 2.376475 -4.483127 2.220772 -5.475272 2.220772 -4.483127 2.376475 -4.483127 2.220772 -5.475272 2.376475 -5.475272 2.539025 -5.475272 2.376475 -6.465862 2.539025 -4.483127 2.376475 -5.475272 2.376475 -5.475272 2.539025 -4.483127 2.539025 -4.483127 2.376475 -5.475272 2.539025 -3.155705 2.539025 -4.483127 2.376475 -4.483127 2.539025 -4.483127 2.376475 -5.475272 2.539025 -5.475272 2.376475 -4.483127 2.539025 -5.475272 2.539025 -4.483127 2.376475 -3.155705 2.376475 -4.483127 2.539025 -4.483127 2.376475 -3.155705 2.539025 -4.483127 2.539025 -3.155705 2.376475 -5.475272 2.220772 -4.483127 2.071278 -5.475272 2.071278 -4.483127 2.220772 -4.483127 2.071278 -5.475272 2.220772 -5.475272 2.376475 -4.483127 2.220772 -5.475272 2.220772 -4.483127 2.376475 -4.483127 2.220772 -5.475272 2.376475 -5.475272 2.220772 -4.483127 2.071278 -5.475272 2.071278 -4.483127 2.220772 -4.483127 2.071278 -5.475272 2.220772 -5.475272 2.376475 -4.483127 2.220772 -5.475272 2.220772 -4.483127 2.376475 -4.483127 2.220772 -5.475272 2.376475 1.003711 7.947526 0.504877 7.891893 0.505091 7.946602 1.004394 7.891908 0.504877 7.891893 1.003711 7.947526 2.509489 7.947081 1.004394 7.891908 1.003711 7.947526 2.510777 7.544044 1.004394 7.891908 2.509489 7.947081 -4.483127 2.376475 -5.475272 2.539025 -5.475272 2.376475 -4.483127 2.539025 -5.475272 2.539025 -4.483127 2.376475 -3.155705 2.376475 -4.483127 2.539025 -4.483127 2.376475 -3.155705 2.539025 -4.483127 2.539025 -3.155705 2.376475 2.594749 6.54782 1.085093 6.597197 1.085093 6.54782 1.085093 6.894577 1.085093 6.597197 2.594749 6.54782 2.594749 6.942296 1.085093 6.894577 2.594749 6.54782 1.085093 6.942296 1.085093 6.894577 2.594749 6.942296 -5.475272 2.220772 -4.483127 2.071278 -5.475272 2.071278 -4.483127 2.220772 -4.483127 2.071278 -5.475272 2.220772 -5.475272 2.376475 -4.483127 2.220772 -5.475272 2.220772 -4.483127 2.376475 -4.483127 2.220772 -5.475272 2.376475 1.003711 7.947526 0.504877 7.891893 0.505091 7.946602 1.004394 7.891908 0.504877 7.891893 1.003711 7.947526 2.509489 7.947081 1.004394 7.891908 1.003711 7.947526 2.510777 7.544044 1.004394 7.891908 2.509489 7.947081 -5.475272 2.539025 -5.475272 2.376475 -6.465862 2.539025 -4.483127 2.376475 -5.475272 2.376475 -5.475272 2.539025 -4.483127 2.539025 -4.483127 2.376475 -5.475272 2.539025 -3.155705 2.539025 -4.483127 2.376475 -4.483127 2.539025 1.085093 6.894577 2.594749 6.942296 1.085093 6.942296 2.594749 6.54782 2.594749 6.942296 1.085093 6.894577 1.085093 6.597197 2.594749 6.54782 1.085093 6.894577 1.085093 6.54782 2.594749 6.54782 1.085093 6.597197 2.509489 7.947081 1.088795 8.000068 2.603041 7.997563 1.003711 7.947526 1.088795 8.000068 2.509489 7.947081 1.004394 7.891908 1.003711 7.947526 2.509489 7.947081 0.504877 7.891893 1.003711 7.947526 1.004394 7.891908 -5.475272 2.539025 -5.475272 2.376475 -6.465862 2.539025 -4.483127 2.376475 -5.475272 2.376475 -5.475272 2.539025 -4.483127 2.539025 -4.483127 2.376475 -5.475272 2.539025 -3.155705 2.539025 -4.483127 2.376475 -4.483127 2.539025 -5.475272 2.539025 -5.475272 2.376475 -6.465862 2.539025 -4.483127 2.376475 -5.475272 2.376475 -5.475272 2.539025 -4.483127 2.539025 -4.483127 2.376475 -5.475272 2.539025 -3.155705 2.539025 -4.483127 2.376475 -4.483127 2.539025 -5.475272 2.539025 -5.475272 2.376475 -6.465862 2.539025 -4.483127 2.376475 -5.475272 2.376475 -5.475272 2.539025 -4.483127 2.539025 -4.483127 2.376475 -5.475272 2.539025 -3.155705 2.539025 -4.483127 2.376475 -4.483127 2.539025 -4.483127 2.539025 -3.155705 2.376475 -3.155705 2.539025 -4.483127 2.376475 -3.155705 2.376475 -4.483127 2.539025 -5.475272 2.539025 -4.483127 2.376475 -4.483127 2.539025 -5.475272 2.376475 -4.483127 2.376475 -5.475272 2.539025 2.594749 6.54782 1.085093 6.597197 1.085093 6.54782 1.085093 6.894577 1.085093 6.597197 2.594749 6.54782 2.594749 6.942296 1.085093 6.894577 2.594749 6.54782 1.085093 6.942296 1.085093 6.894577 2.594749 6.942296 1.003711 7.947526 0.504877 7.891893 0.505091 7.946602 1.004394 7.891908 0.504877 7.891893 1.003711 7.947526 2.509489 7.947081 1.004394 7.891908 1.003711 7.947526 2.510777 7.544044 1.004394 7.891908 2.509489 7.947081 -3.039459 1.328346 -3.756736 1.324173 -3.706703 1.540966 -3.76817 1.02543 -3.756736 1.324173 -3.039459 1.328346 -2.951727 1.130031 -3.76817 1.02543 -3.039459 1.328346 -3.299634 2.066812 -0.380031 2.000528 -0.380031 2.066812 -3.299634 2.000528 -0.380031 2.000528 -3.299634 2.066812 -5.601292 2.000528 -3.299634 2.000528 -3.299634 2.066812 -3.299634 2.066812 -5.601292 2.000528 -5.601292 2.066812 -3.299634 2.000528 -5.601292 2.000528 -3.299634 2.066812 -0.380031 2.000528 -3.299634 2.000528 -3.299634 2.066812 -3.299634 2.066812 -0.380031 2.000528 -0.380031 2.066812 -3.299634 2.000528 -0.380031 2.000528 -3.299634 2.066812 -5.601292 2.000528 -3.299634 2.000528 -3.299634 2.066812 -3.299634 2.066812 -5.601292 2.000528 -5.601292 2.066812 -3.299634 2.000528 -5.601292 2.000528 -3.299634 2.066812 -0.380031 2.000528 -3.299634 2.000528 -3.299634 2.066812 -3.039459 1.328346 -2.951727 1.130031 -1.169079 1.540966 -3.76817 1.02543 -2.951727 1.130031 -3.039459 1.328346 -3.756736 1.324173 -3.76817 1.02543 -3.039459 1.328346 -3.039459 1.328346 -1.152568 1.540966 -2.951727 1.130031 -2.494582 1.540966 -1.152568 1.540966 -3.039459 1.328346 -3.706703 1.540966 -2.494582 1.540966 -3.039459 1.328346 -3.039459 1.328346 -1.152568 1.540966 -2.951727 1.130031 -2.494582 1.540966 -1.152568 1.540966 -3.039459 1.328346 -3.706703 1.540966 -2.494582 1.540966 -3.039459 1.328346 -4.483127 2.220772 -3.155705 2.071278 -3.155705 2.220772 -4.483127 2.071278 -3.155705 2.071278 -4.483127 2.220772 -5.475272 2.220772 -4.483127 2.071278 -4.483127 2.220772 -4.483127 2.220772 -3.155705 2.071278 -4.483127 2.071278 -3.155705 2.220772 -3.155705 2.071278 -4.483127 2.220772 -4.483127 2.376475 -3.155705 2.220772 -4.483127 2.220772 -3.299634 2.066812 -5.601292 2.000528 -5.601292 2.066812 -3.299634 2.000528 -5.601292 2.000528 -3.299634 2.066812 -0.380031 2.000528 -3.299634 2.000528 -3.299634 2.066812 -3.299634 2.066812 -0.380031 2.000528 -0.380031 2.066812 -3.299634 2.000528 -0.380031 2.000528 -3.299634 2.066812 -5.601292 2.000528 -3.299634 2.000528 -3.299634 2.066812 -3.039459 1.328346 -3.756736 1.324173 -3.76817 1.02543 -3.747982 1.540966 -3.756736 1.324173 -3.039459 1.328346 -2.494582 1.540966 -3.747982 1.540966 -3.039459 1.328346 -3.299634 2.066812 -0.380031 2.000528 -0.380031 2.066812 -3.299634 2.000528 -0.380031 2.000528 -3.299634 2.066812 -5.601292 2.000528 -3.299634 2.000528 -3.299634 2.066812 -4.483127 2.220772 -3.155705 2.071278 -4.483127 2.071278 -3.155705 2.220772 -3.155705 2.071278 -4.483127 2.220772 -4.483127 2.376475 -3.155705 2.220772 -4.483127 2.220772 2.509489 7.947081 4.507627 7.947227 4.512508 7.891892 2.603041 7.997563 4.507627 7.947227 2.509489 7.947081 1.088795 8.000068 2.603041 7.997563 2.509489 7.947081 -3.039459 1.328346 -1.169079 1.540966 -2.494582 1.540966 -2.951727 1.130031 -1.169079 1.540966 -3.039459 1.328346 -3.76817 1.02543 -2.951727 1.130031 -3.039459 1.328346 -3.299634 2.066812 -0.380031 2.000528 -0.380031 2.066812 -3.299634 2.000528 -0.380031 2.000528 -3.299634 2.066812 -5.601292 2.000528 -3.299634 2.000528 -3.299634 2.066812 -3.039459 1.328346 -2.951727 1.130031 -3.76817 1.02543 -1.152568 1.540966 -2.951727 1.130031 -3.039459 1.328346 -2.494582 1.540966 -1.152568 1.540966 -3.039459 1.328346 -3.039459 1.328346 -3.706703 1.540966 -2.494582 1.540966 -3.756736 1.324173 -3.706703 1.540966 -3.039459 1.328346 -3.76817 1.02543 -3.756736 1.324173 -3.039459 1.328346 -3.299634 2.066812 -0.380031 2.000528 -0.380031 2.066812 -3.299634 2.000528 -0.380031 2.000528 -3.299634 2.066812 -5.601292 2.000528 -3.299634 2.000528 -3.299634 2.066812 -5.475272 2.376475 -6.769142 2.376475 -6.769142 2.220772 -6.465862 2.539025 -6.769142 2.376475 -5.475272 2.376475 -5.475272 2.539025 -6.465862 2.539025 -5.475272 2.376475 -3.039459 1.328346 -3.756736 1.324173 -3.706703 1.540966 -3.76817 1.02543 -3.756736 1.324173 -3.039459 1.328346 -2.951727 1.130031 -3.76817 1.02543 -3.039459 1.328346 -3.039459 1.328346 -1.152568 1.540966 -2.951727 1.130031 -2.494582 1.540966 -1.152568 1.540966 -3.039459 1.328346 -3.706703 1.540966 -2.494582 1.540966 -3.039459 1.328346 -3.299634 2.066812 -0.380031 2.000528 -0.380031 2.066812 -3.299634 2.000528 -0.380031 2.000528 -3.299634 2.066812 -5.601292 2.000528 -3.299634 2.000528 -3.299634 2.066812 -5.475272 2.376475 -6.769142 2.376475 -6.769142 2.220772 -6.465862 2.539025 -6.769142 2.376475 -5.475272 2.376475 -5.475272 2.539025 -6.465862 2.539025 -5.475272 2.376475 -3.039459 1.328346 -3.756736 1.324173 -3.706703 1.540966 -3.76817 1.02543 -3.756736 1.324173 -3.039459 1.328346 -2.951727 1.130031 -3.76817 1.02543 -3.039459 1.328346 -3.299634 2.066812 -0.380031 2.000528 -0.380031 2.066812 -3.299634 2.000528 -0.380031 2.000528 -3.299634 2.066812 -5.601292 2.000528 -3.299634 2.000528 -3.299634 2.066812 -4.483127 2.220772 -3.155705 2.071278 -3.155705 2.220772 -4.483127 2.071278 -3.155705 2.071278 -4.483127 2.220772 -5.475272 2.220772 -4.483127 2.071278 -4.483127 2.220772 -3.039459 1.328346 -2.951727 1.130031 -1.169079 1.540966 -3.76817 1.02543 -2.951727 1.130031 -3.039459 1.328346 -3.756736 1.324173 -3.76817 1.02543 -3.039459 1.328346 -3.299634 2.066812 -5.601292 2.000528 -5.601292 2.066812 -3.299634 2.000528 -5.601292 2.000528 -3.299634 2.066812 -0.380031 2.000528 -3.299634 2.000528 -3.299634 2.066812 -3.299634 2.066812 -0.380031 2.000528 -0.380031 2.066812 -3.299634 2.000528 -0.380031 2.000528 -3.299634 2.066812 -5.601292 2.000528 -3.299634 2.000528 -3.299634 2.066812 -3.299634 2.066812 -0.380031 2.000528 -0.380031 2.066812 -3.299634 2.000528 -0.380031 2.000528 -3.299634 2.066812 -5.601292 2.000528 -3.299634 2.000528 -3.299634 2.066812 -3.039459 1.328346 -2.951727 1.130031 -1.169079 1.540966 -3.76817 1.02543 -2.951727 1.130031 -3.039459 1.328346 -3.756736 1.324173 -3.76817 1.02543 -3.039459 1.328346 -3.299634 2.066812 -0.380031 2.000528 -0.380031 2.066812 -3.299634 2.000528 -0.380031 2.000528 -3.299634 2.066812 -5.601292 2.000528 -3.299634 2.000528 -3.299634 2.066812 -3.299634 2.066812 -0.380031 2.000528 -0.380031 2.066812 -3.299634 2.000528 -0.380031 2.000528 -3.299634 2.066812 -5.601292 2.000528 -3.299634 2.000528 -3.299634 2.066812 -3.299634 2.066812 -0.380031 2.000528 -0.380031 2.066812 -3.299634 2.000528 -0.380031 2.000528 -3.299634 2.066812 -5.601292 2.000528 -3.299634 2.000528 -3.299634 2.066812 -3.299634 2.066812 -0.380031 2.000528 -0.380031 2.066812 -3.299634 2.000528 -0.380031 2.000528 -3.299634 2.066812 -5.601292 2.000528 -3.299634 2.000528 -3.299634 2.066812 -4.483127 2.220772 -3.155705 2.071278 -4.483127 2.071278 -3.155705 2.220772 -3.155705 2.071278 -4.483127 2.220772 -4.483127 2.376475 -3.155705 2.220772 -4.483127 2.220772 -3.039459 1.328346 -2.951727 1.130031 -1.169079 1.540966 -3.76817 1.02543 -2.951727 1.130031 -3.039459 1.328346 -3.756736 1.324173 -3.76817 1.02543 -3.039459 1.328346 -3.299634 2.066812 -0.380031 2.000528 -0.380031 2.066812 -3.299634 2.000528 -0.380031 2.000528 -3.299634 2.066812 -5.601292 2.000528 -3.299634 2.000528 -3.299634 2.066812 -4.483127 2.220772 -3.155705 2.071278 -3.155705 2.220772 -4.483127 2.071278 -3.155705 2.071278 -4.483127 2.220772 -5.475272 2.220772 -4.483127 2.071278 -4.483127 2.220772 -5.475272 2.376475 -6.769142 2.376475 -6.769142 2.220772 -6.465862 2.539025 -6.769142 2.376475 -5.475272 2.376475 -5.475272 2.539025 -6.465862 2.539025 -5.475272 2.376475 -3.299634 2.066812 -0.380031 2.000528 -0.380031 2.066812 -3.299634 2.000528 -0.380031 2.000528 -3.299634 2.066812 -5.601292 2.000528 -3.299634 2.000528 -3.299634 2.066812 -3.039459 1.328346 -2.494582 1.540966 -1.152568 1.540966 -3.706703 1.540966 -2.494582 1.540966 -3.039459 1.328346 -3.756736 1.324173 -3.706703 1.540966 -3.039459 1.328346 -3.299634 2.066812 -5.601292 2.000528 -5.601292 2.066812 -3.299634 2.000528 -5.601292 2.000528 -3.299634 2.066812 -0.380031 2.000528 -3.299634 2.000528 -3.299634 2.066812 4.133994 2.000646 1.335819 2.069637 4.133994 2.069637 1.335819 2.000646 1.335819 2.069637 4.133994 2.000646 1.489608 3.070776 -1.75262 3.000143 -1.75262 3.070776 1.489608 3.000143 -1.75262 3.000143 1.489608 3.070776 4.133994 2.000646 1.335819 2.069637 4.133994 2.069637 1.335819 2.000646 1.335819 2.069637 4.133994 2.000646 1.489608 3.070776 -1.75262 3.000143 1.489608 3.000143 -1.75262 3.070776 -1.75262 3.000143 1.489608 3.070776 1.002742 8.947946 2.613518 8.997309 1.104941 8.997309 2.511592 8.947947 2.613518 8.997309 1.002742 8.947946 1.489608 3.070776 -1.75262 3.000143 1.489608 3.000143 -1.75262 3.070776 -1.75262 3.000143 1.489608 3.070776 4.133994 2.000646 1.335819 2.069637 4.133994 2.069637 1.335819 2.000646 1.335819 2.069637 4.133994 2.000646 4.133994 2.000646 1.335819 2.069637 4.133994 2.069637 1.335819 2.000646 1.335819 2.069637 4.133994 2.000646 2.006199 5.945013 1.509434 5.543262 1.509434 5.945013 2.006199 5.543261 1.509434 5.543262 2.006199 5.945013 1.489608 3.070776 -1.75262 3.000143 1.489608 3.000143 -1.75262 3.070776 -1.75262 3.000143 1.489608 3.070776 4.513103 7.63974 4.513185 7.544044 2.510777 7.544044 4.997636 7.63974 4.513185 7.544044 4.513103 7.63974 2.510916 5.941779 3.007412 5.543531 2.494744 5.543531 3.007412 5.941779 3.007412 5.543531 2.510916 5.941779 4.133994 2.000646 1.335819 2.069637 1.335819 2.000646 4.133994 2.069637 1.335819 2.069637 4.133994 2.000646 -3.299634 2.066812 -5.601292 2.000528 -5.601292 2.066812 -3.299634 2.000528 -5.601292 2.000528 -3.299634 2.066812 0.504087 7.544358 1.004758 7.639562 1.004772 7.544222 0.504366 7.639375 1.004758 7.639562 0.504087 7.544358 -0.380031 2.000528 -3.299634 2.066812 -0.380031 2.066812 -3.299634 2.000528 -3.299634 2.066812 -0.380031 2.000528 -0.49274 5.943818 -3.007211 5.545688 -0.49274 5.545688 -3.007211 5.943818 -3.007211 5.545688 -0.49274 5.943818 4.133994 2.000646 1.335819 2.069637 4.133994 2.069637 1.335819 2.000646 1.335819 2.069637 4.133994 2.000646 -2.494582 1.540966 -3.039459 1.328346 -1.169079 1.540966 -3.747982 1.540966 -3.039459 1.328346 -2.494582 1.540966 4.133994 2.000646 1.335819 2.069637 4.133994 2.069637 1.335819 2.000646 1.335819 2.069637 4.133994 2.000646 1.489608 3.070776 -1.75262 3.000143 1.489608 3.000143 -1.75262 3.070776 -1.75262 3.000143 1.489608 3.070776 1.489608 3.070776 -1.75262 3.000143 1.489608 3.000143 -1.75262 3.070776 -1.75262 3.000143 1.489608 3.070776 4.133994 2.000646 1.335819 2.069637 1.335819 2.000646 4.133994 2.069637 1.335819 2.069637 4.133994 2.000646 4.133994 2.000646 1.335819 2.069637 1.335819 2.000646 4.133994 2.069637 1.335819 2.069637 4.133994 2.000646 -3.299634 2.066812 -5.601292 2.000528 -5.601292 2.066812 -3.299634 2.000528 -5.601292 2.000528 -3.299634 2.066812 4.133994 2.000646 1.335819 2.069637 1.335819 2.000646 4.133994 2.069637 1.335819 2.069637 4.133994 2.000646 4.133994 2.000646 1.335819 2.069637 1.335819 2.000646 4.133994 2.069637 1.335819 2.069637 4.133994 2.000646 -3.299634 2.066812 -5.601292 2.000528 -5.601292 2.066812 -3.299634 2.000528 -5.601292 2.000528 -3.299634 2.066812 2.006199 5.945013 1.509434 5.543262 1.509434 5.945013 2.006199 5.543261 1.509434 5.543262 2.006199 5.945013 -0.380031 2.000528 -3.299634 2.066812 -0.380031 2.066812 -3.299634 2.000528 -3.299634 2.066812 -0.380031 2.000528 1.489608 3.070776 -1.75262 3.000143 -1.75262 3.070776 1.489608 3.000143 -1.75262 3.000143 1.489608 3.070776 2.510916 5.941779 3.007412 5.543531 2.494744 5.543531 3.007412 5.941779 3.007412 5.543531 2.510916 5.941779 0.504087 7.544358 1.004758 7.639562 1.004772 7.544222 0.504366 7.639375 1.004758 7.639562 0.504087 7.544358 -0.49274 5.943818 -3.007211 5.545688 -0.49274 5.545688 -3.007211 5.943818 -3.007211 5.545688 -0.49274 5.943818 1.489608 3.070776 -1.75262 3.000143 1.489608 3.000143 -1.75262 3.070776 -1.75262 3.000143 1.489608 3.070776 -3.007211 5.943818 -0.49274 5.545688 -3.007211 5.545688 -0.49274 5.943818 -0.49274 5.545688 -3.007211 5.943818 -3.299634 2.066812 -5.601292 2.000528 -5.601292 2.066812 -3.299634 2.000528 -5.601292 2.000528 -3.299634 2.066812 -0.380031 2.000528 -3.299634 2.066812 -3.299634 2.000528 -0.380031 2.066812 -3.299634 2.066812 -0.380031 2.000528 4.133994 2.000646 1.335819 2.069637 4.133994 2.069637 1.335819 2.000646 1.335819 2.069637 4.133994 2.000646 4.133994 2.000646 1.335819 2.069637 1.335819 2.000646 4.133994 2.069637 1.335819 2.069637 4.133994 2.000646 -0.380031 2.000528 -3.299634 2.066812 -3.299634 2.000528 -0.380031 2.066812 -3.299634 2.066812 -0.380031 2.000528 1.489608 3.070776 -1.75262 3.000143 1.489608 3.000143 -1.75262 3.070776 -1.75262 3.000143 1.489608 3.070776 1.489608 3.070776 -1.75262 3.000143 -1.75262 3.070776 1.489608 3.000143 -1.75262 3.000143 1.489608 3.070776 4.133994 2.000646 1.335819 2.069637 1.335819 2.000646 4.133994 2.069637 1.335819 2.069637 4.133994 2.000646 -5.601292 2.000528 -3.299634 2.066812 -5.601292 2.066812 -3.299634 2.000528 -3.299634 2.066812 -5.601292 2.000528 4.133994 2.000646 1.335819 2.069637 4.133994 2.069637 1.335819 2.000646 1.335819 2.069637 4.133994 2.000646 4.512534 8.997309 2.511592 8.947947 4.508152 8.947947 2.613518 8.997309 2.511592 8.947947 4.512534 8.997309 4.512508 7.891892 5.001532 7.946696 5.000623 7.891892 4.507627 7.947227 5.001532 7.946696 4.512508 7.891892 2.509489 7.947081 1.088795 8.000068 2.603041 7.997563 1.003711 7.947526 1.088795 8.000068 2.509489 7.947081 1.002742 8.947946 2.613518 8.997309 1.104941 8.997309 2.511592 8.947947 2.613518 8.997309 1.002742 8.947946 4.133994 2.000646 1.335819 2.069637 1.335819 2.000646 4.133994 2.069637 1.335819 2.069637 4.133994 2.000646 1.489608 3.070776 -1.75262 3.000143 1.489608 3.000143 -1.75262 3.070776 -1.75262 3.000143 1.489608 3.070776 4.133994 2.000646 1.335819 2.069637 4.133994 2.069637 1.335819 2.000646 1.335819 2.069637 4.133994 2.000646 1.489608 3.070776 -1.75262 3.000143 -1.75262 3.070776 1.489608 3.000143 -1.75262 3.000143 1.489608 3.070776 -0.380031 2.000528 -3.299634 2.066812 -0.380031 2.066812 -3.299634 2.000528 -3.299634 2.066812 -0.380031 2.000528 -3.299634 2.066812 -5.601292 2.000528 -5.601292 2.066812 -3.299634 2.000528 -5.601292 2.000528 -3.299634 2.066812 4.133994 2.000646 1.335819 2.069637 1.335819 2.000646 4.133994 2.069637 1.335819 2.069637 4.133994 2.000646 1.489608 3.070776 -1.75262 3.000143 1.489608 3.000143 -1.75262 3.070776 -1.75262 3.000143 1.489608 3.070776 1.489608 3.070776 -1.75262 3.000143 1.489608 3.000143 -1.75262 3.070776 -1.75262 3.000143 1.489608 3.070776 4.133994 2.000646 1.335819 2.069637 4.133994 2.069637 1.335819 2.000646 1.335819 2.069637 4.133994 2.000646 4.133994 2.000646 1.335819 2.069637 1.335819 2.000646 4.133994 2.069637 1.335819 2.069637 4.133994 2.000646 -3.299634 2.066812 -5.601292 2.000528 -5.601292 2.066812 -3.299634 2.000528 -5.601292 2.000528 -3.299634 2.066812 -0.380031 2.000528 -3.299634 2.066812 -0.380031 2.066812 -3.299634 2.000528 -3.299634 2.066812 -0.380031 2.000528 1.489608 3.070776 -1.75262 3.000143 -1.75262 3.070776 1.489608 3.000143 -1.75262 3.000143 1.489608 3.070776 -5.601292 2.000528 -3.299634 2.066812 -5.601292 2.066812 -3.299634 2.000528 -3.299634 2.066812 -5.601292 2.000528 -3.007211 5.943818 -0.49274 5.545688 -3.007211 5.545688 -0.49274 5.943818 -0.49274 5.545688 -3.007211 5.943818 1.489608 3.070776 -1.75262 3.000143 -1.75262 3.070776 1.489608 3.000143 -1.75262 3.000143 1.489608 3.070776 4.512534 8.997309 2.511592 8.947947 4.508152 8.947947 2.613518 8.997309 2.511592 8.947947 4.512534 8.997309 4.512508 7.891892 5.001532 7.946696 5.000623 7.891892 4.507627 7.947227 5.001532 7.946696 4.512508 7.891892 1.489608 3.070776 -1.75262 3.000143 -1.75262 3.070776 1.489608 3.000143 -1.75262 3.000143 1.489608 3.070776 -3.299634 2.066812 -5.601292 2.000528 -5.601292 2.066812 -3.299634 2.000528 -5.601292 2.000528 -3.299634 2.066812 -0.380031 2.000528 -3.299634 2.066812 -0.380031 2.066812 -3.299634 2.000528 -3.299634 2.066812 -0.380031 2.000528 -0.380031 2.000528 -3.299634 2.066812 -0.380031 2.066812 -3.299634 2.000528 -3.299634 2.066812 -0.380031 2.000528 1.489608 3.070776 -1.75262 3.000143 -1.75262 3.070776 1.489608 3.000143 -1.75262 3.000143 1.489608 3.070776 4.133994 2.000646 1.335819 2.069637 4.133994 2.069637 1.335819 2.000646 1.335819 2.069637 4.133994 2.000646 -0.380031 2.000528 -3.299634 2.066812 -3.299634 2.000528 -0.380031 2.066812 -3.299634 2.066812 -0.380031 2.000528 1.489608 3.070776 -1.75262 3.000143 -1.75262 3.070776 1.489608 3.000143 -1.75262 3.000143 1.489608 3.070776 1.489608 3.070776 -1.75262 3.000143 -1.75262 3.070776 1.489608 3.000143 -1.75262 3.000143 1.489608 3.070776 1.489608 3.070776 -1.75262 3.000143 1.489608 3.000143 -1.75262 3.070776 -1.75262 3.000143 1.489608 3.070776 -3.155705 2.220772 -4.483127 2.220772 -4.483127 2.376475 -3.155705 2.071278 -4.483127 2.220772 -3.155705 2.220772 4.133994 2.000646 1.335819 2.069637 1.335819 2.000646 4.133994 2.069637 1.335819 2.069637 4.133994 2.000646 4.133994 2.000646 1.335819 2.069637 4.133994 2.069637 1.335819 2.000646 1.335819 2.069637 4.133994 2.000646 -5.601292 2.000528 -3.299634 2.066812 -5.601292 2.066812 -3.299634 2.000528 -3.299634 2.066812 -5.601292 2.000528 -3.299634 2.066812 -5.601292 2.000528 -5.601292 2.066812 -3.299634 2.000528 -5.601292 2.000528 -3.299634 2.066812 -0.380031 2.000528 -3.299634 2.066812 -0.380031 2.066812 -3.299634 2.000528 -3.299634 2.066812 -0.380031 2.000528 -3.155705 2.376475 -4.483127 2.376475 -3.155705 2.539025 -3.155705 2.220772 -4.483127 2.376475 -3.155705 2.376475 -6.769142 2.092051 -6.479935 2.071278 -6.769142 2.074634 -6.769142 2.220772 -6.479935 2.071278 -6.769142 2.092051 1.489608 3.070776 -1.75262 3.000143 1.489608 3.000143 -1.75262 3.070776 -1.75262 3.000143 1.489608 3.070776 4.133994 2.000646 1.335819 2.069637 4.133994 2.069637 1.335819 2.000646 1.335819 2.069637 4.133994 2.000646 -5.601292 2.000528 -3.299634 2.066812 -5.601292 2.066812 -3.299634 2.000528 -3.299634 2.066812 -5.601292 2.000528 -0.380031 2.000528 -3.299634 2.066812 -3.299634 2.000528 -0.380031 2.066812 -3.299634 2.066812 -0.380031 2.000528 1.489608 3.070776 -1.75262 3.000143 1.489608 3.000143 -1.75262 3.070776 -1.75262 3.000143 1.489608 3.070776 4.133994 2.000646 1.335819 2.069637 1.335819 2.000646 4.133994 2.069637 1.335819 2.069637 4.133994 2.000646 -2.494582 1.540966 -3.039459 1.328346 -1.169079 1.540966 -3.747982 1.540966 -3.039459 1.328346 -2.494582 1.540966 4.133994 2.000646 1.335819 2.069637 4.133994 2.069637 1.335819 2.000646 1.335819 2.069637 4.133994 2.000646 1.489608 3.070776 -1.75262 3.000143 -1.75262 3.070776 1.489608 3.000143 -1.75262 3.000143 1.489608 3.070776 -0.380031 2.000528 -3.299634 2.066812 -0.380031 2.066812 -3.299634 2.000528 -3.299634 2.066812 -0.380031 2.000528 -3.299634 2.066812 -5.601292 2.000528 -5.601292 2.066812 -3.299634 2.000528 -5.601292 2.000528 -3.299634 2.066812 4.133994 2.000646 1.335819 2.069637 1.335819 2.000646 4.133994 2.069637 1.335819 2.069637 4.133994 2.000646 1.489608 3.070776 -1.75262 3.000143 1.489608 3.000143 -1.75262 3.070776 -1.75262 3.000143 1.489608 3.070776 4.133994 2.000646 1.335819 2.069637 4.133994 2.069637 1.335819 2.000646 1.335819 2.069637 4.133994 2.000646 -4.483127 2.071278 -4.483127 2.220772 -5.475272 2.220772 -3.155705 2.071278 -4.483127 2.220772 -4.483127 2.071278 -2.494582 1.540966 -3.039459 1.328346 -1.169079 1.540966 -3.747982 1.540966 -3.039459 1.328346 -2.494582 1.540966 1.489608 3.070776 -1.75262 3.000143 1.489608 3.000143 -1.75262 3.070776 -1.75262 3.000143 1.489608 3.070776 4.133994 2.000646 1.335819 2.069637 1.335819 2.000646 4.133994 2.069637 1.335819 2.069637 4.133994 2.000646 1.489608 3.070776 -1.75262 3.000143 -1.75262 3.070776 1.489608 3.000143 -1.75262 3.000143 1.489608 3.070776 1.489608 3.070776 -1.75262 3.000143 -1.75262 3.070776 1.489608 3.000143 -1.75262 3.000143 1.489608 3.070776 -0.380031 2.000528 -3.299634 2.066812 -0.380031 2.066812 -3.299634 2.000528 -3.299634 2.066812 -0.380031 2.000528 -3.299634 2.066812 -5.601292 2.000528 -5.601292 2.066812 -3.299634 2.000528 -5.601292 2.000528 -3.299634 2.066812 4.133994 2.000646 1.335819 2.069637 1.335819 2.000646 4.133994 2.069637 1.335819 2.069637 4.133994 2.000646 4.133994 2.000646 1.335819 2.069637 1.335819 2.000646 4.133994 2.069637 1.335819 2.069637 4.133994 2.000646 1.489608 3.070776 -1.75262 3.000143 1.489608 3.000143 -1.75262 3.070776 -1.75262 3.000143 1.489608 3.070776 2.006199 5.945013 1.509434 5.543262 1.509434 5.945013 2.006199 5.543261 1.509434 5.543262 2.006199 5.945013 2.510916 5.941779 3.007412 5.543531 2.494744 5.543531 3.007412 5.941779 3.007412 5.543531 2.510916 5.941779 4.54563 6.596854 2.594749 6.54782 4.54563 6.54782 4.541965 6.894237 2.594749 6.54782 4.54563 6.596854 1.004758 7.639562 2.510777 7.544044 1.004772 7.544222 1.004394 7.891908 2.510777 7.544044 1.004758 7.639562 -3.155705 2.376475 -4.483127 2.376475 -3.155705 2.539025 -3.155705 2.220772 -4.483127 2.376475 -3.155705 2.376475 1.004758 7.639562 2.510777 7.544044 1.004772 7.544222 1.004394 7.891908 2.510777 7.544044 1.004758 7.639562 -3.155705 2.376475 -4.483127 2.376475 -3.155705 2.539025 -3.155705 2.220772 -4.483127 2.376475 -3.155705 2.376475 -6.769142 2.092051 -6.479935 2.071278 -6.769142 2.074634 -6.769142 2.220772 -6.479935 2.071278 -6.769142 2.092051 -6.769142 2.519171 -6.465862 2.539025 -6.769142 2.539025 -6.769142 2.376475 -6.465862 2.539025 -6.769142 2.519171 -5.475272 2.071278 -5.475272 2.220772 -6.479935 2.071278 -4.483127 2.071278 -5.475272 2.220772 -5.475272 2.071278 -2.494582 1.540966 -3.039459 1.328346 -1.169079 1.540966 -3.747982 1.540966 -3.039459 1.328346 -2.494582 1.540966 -6.769142 2.092051 -6.479935 2.071278 -6.769142 2.074634 -6.769142 2.220772 -6.479935 2.071278 -6.769142 2.092051 4.54563 6.596854 2.594749 6.54782 4.54563 6.54782 4.541965 6.894237 2.594749 6.54782 4.54563 6.596854 -6.769142 2.519171 -6.465862 2.539025 -6.769142 2.539025 -6.769142 2.376475 -6.465862 2.539025 -6.769142 2.519171 -5.475272 2.071278 -5.475272 2.220772 -6.479935 2.071278 -4.483127 2.071278 -5.475272 2.220772 -5.475272 2.071278 1.004758 7.639562 2.510777 7.544044 1.004772 7.544222 1.004394 7.891908 2.510777 7.544044 1.004758 7.639562 -6.769142 2.092051 -6.479935 2.071278 -6.769142 2.074634 -6.769142 2.220772 -6.479935 2.071278 -6.769142 2.092051 -3.155705 2.376475 -4.483127 2.376475 -3.155705 2.539025 -3.155705 2.220772 -4.483127 2.376475 -3.155705 2.376475 -6.769142 2.092051 -6.479935 2.071278 -6.769142 2.074634 -6.769142 2.220772 -6.479935 2.071278 -6.769142 2.092051 -6.769142 2.519171 -6.465862 2.539025 -6.769142 2.539025 -6.769142 2.376475 -6.465862 2.539025 -6.769142 2.519171 -5.475272 2.071278 -5.475272 2.220772 -6.479935 2.071278 -4.483127 2.071278 -5.475272 2.220772 -5.475272 2.071278 -6.769142 2.519171 -6.465862 2.539025 -6.769142 2.539025 -6.769142 2.376475 -6.465862 2.539025 -6.769142 2.519171 -5.475272 2.071278 -5.475272 2.220772 -6.479935 2.071278 -4.483127 2.071278 -5.475272 2.220772 -5.475272 2.071278 4.54563 6.596854 2.594749 6.54782 4.54563 6.54782 4.541965 6.894237 2.594749 6.54782 4.54563 6.596854 1.004758 7.639562 2.510777 7.544044 1.004772 7.544222 1.004394 7.891908 2.510777 7.544044 1.004758 7.639562 -3.155705 2.376475 -4.483127 2.376475 -3.155705 2.539025 -3.155705 2.220772 -4.483127 2.376475 -3.155705 2.376475 -6.769142 2.519171 -6.465862 2.539025 -6.769142 2.539025 -6.769142 2.376475 -6.465862 2.539025 -6.769142 2.519171 -5.475272 2.071278 -5.475272 2.220772 -6.479935 2.071278 -4.483127 2.071278 -5.475272 2.220772 -5.475272 2.071278 4.54563 6.596854 2.594749 6.54782 4.54563 6.54782 4.541965 6.894237 2.594749 6.54782 4.54563 6.596854 4.54563 6.596854 2.594749 6.54782 4.54563 6.54782 4.541965 6.894237 2.594749 6.54782 4.54563 6.596854 -2.951727 1.130031 -3.039459 1.328346 -1.152568 1.540966 -3.76817 1.02543 -3.039459 1.328346 -2.951727 1.130031 1.004758 7.639562 2.510777 7.544044 1.004772 7.544222 1.004394 7.891908 2.510777 7.544044 1.004758 7.639562 -3.155705 2.220772 -4.483127 2.220772 -4.483127 2.376475 -3.155705 2.071278 -4.483127 2.220772 -3.155705 2.220772 -4.483127 2.071278 -4.483127 2.220772 -5.475272 2.220772 -3.155705 2.071278 -4.483127 2.220772 -4.483127 2.071278 1.489608 3.070776 -1.75262 3.000143 -1.75262 3.070776 1.489608 3.000143 -1.75262 3.000143 1.489608 3.070776 -0.380031 2.000528 -3.299634 2.066812 -0.380031 2.066812 -3.299634 2.000528 -3.299634 2.066812 -0.380031 2.000528 -3.299634 2.066812 -5.601292 2.000528 -5.601292 2.066812 -3.299634 2.000528 -5.601292 2.000528 -3.299634 2.066812 4.133994 2.000646 1.335819 2.069637 1.335819 2.000646 4.133994 2.069637 1.335819 2.069637 4.133994 2.000646 1.002742 8.947946 2.613518 8.997309 1.104941 8.997309 2.511592 8.947947 2.613518 8.997309 1.002742 8.947946 2.006199 5.945013 1.509434 5.543262 1.509434 5.945013 2.006199 5.543261 1.509434 5.543262 2.006199 5.945013 2.510916 5.941779 3.007412 5.543531 2.494744 5.543531 3.007412 5.941779 3.007412 5.543531 2.510916 5.941779 0.504087 7.544358 1.004758 7.639562 1.004772 7.544222 0.504366 7.639375 1.004758 7.639562 0.504087 7.544358 -0.49274 5.943818 -3.007211 5.545688 -0.49274 5.545688 -3.007211 5.943818 -3.007211 5.545688 -0.49274 5.943818 1.489608 3.070776 -1.75262 3.000143 -1.75262 3.070776 1.489608 3.000143 -1.75262 3.000143 1.489608 3.070776 -0.380031 2.000528 -3.299634 2.066812 -0.380031 2.066812 -3.299634 2.000528 -3.299634 2.066812 -0.380031 2.000528 -3.007211 5.943818 -0.49274 5.545688 -3.007211 5.545688 -0.49274 5.943818 -0.49274 5.545688 -3.007211 5.943818 4.512534 8.997309 2.511592 8.947947 4.508152 8.947947 2.613518 8.997309 2.511592 8.947947 4.512534 8.997309 4.512508 7.891892 5.001532 7.946696 5.000623 7.891892 4.507627 7.947227 5.001532 7.946696 4.512508 7.891892 2.509489 7.947081 1.088795 8.000068 2.603041 7.997563 1.003711 7.947526 1.088795 8.000068 2.509489 7.947081 1.002742 8.947946 2.613518 8.997309 1.104941 8.997309 2.511592 8.947947 2.613518 8.997309 1.002742 8.947946 4.512508 7.891892 5.001532 7.946696 5.000623 7.891892 4.507627 7.947227 5.001532 7.946696 4.512508 7.891892 2.511592 8.947947 4.512534 8.997309 2.613518 8.997309 4.508152 8.947947 4.512534 8.997309 2.511592 8.947947 -3.007211 5.943818 -0.49274 5.545688 -3.007211 5.545688 -0.49274 5.943818 -0.49274 5.545688 -3.007211 5.943818 -0.49274 5.943818 -3.007211 5.545688 -0.49274 5.545688 -3.007211 5.943818 -3.007211 5.545688 -0.49274 5.943818 0.504087 7.544358 1.004758 7.639562 1.004772 7.544222 0.504366 7.639375 1.004758 7.639562 0.504087 7.544358 2.510916 5.941779 3.007412 5.543531 2.494744 5.543531 3.007412 5.941779 3.007412 5.543531 2.510916 5.941779 2.006199 5.945013 1.509434 5.543262 1.509434 5.945013 2.006199 5.543261 1.509434 5.543262 2.006199 5.945013 1.489608 3.070776 -1.75262 3.000143 -1.75262 3.070776 1.489608 3.000143 -1.75262 3.000143 1.489608 3.070776 -0.380031 2.000528 -3.299634 2.066812 -0.380031 2.066812 -3.299634 2.000528 -3.299634 2.066812 -0.380031 2.000528 -3.299634 2.066812 -5.601292 2.000528 -5.601292 2.066812 -3.299634 2.000528 -5.601292 2.000528 -3.299634 2.066812 4.133994 2.000646 1.335819 2.069637 1.335819 2.000646 4.133994 2.069637 1.335819 2.069637 4.133994 2.000646 1.489608 3.070776 -1.75262 3.000143 1.489608 3.000143 -1.75262 3.070776 -1.75262 3.000143 1.489608 3.070776 0.504087 7.544358 1.004758 7.639562 1.004772 7.544222 0.504366 7.639375 1.004758 7.639562 0.504087 7.544358 -0.49274 5.943818 -3.007211 5.545688 -0.49274 5.545688 -3.007211 5.943818 -3.007211 5.545688 -0.49274 5.943818 -3.007211 5.943818 -0.49274 5.545688 -3.007211 5.545688 -0.49274 5.943818 -0.49274 5.545688 -3.007211 5.943818 4.512534 8.997309 2.511592 8.947947 4.508152 8.947947 2.613518 8.997309 2.511592 8.947947 4.512534 8.997309 4.512508 7.891892 5.001532 7.946696 5.000623 7.891892 4.507627 7.947227 5.001532 7.946696 4.512508 7.891892 2.509489 7.947081 1.088795 8.000068 2.603041 7.997563 1.003711 7.947526 1.088795 8.000068 2.509489 7.947081 1.002742 8.947946 2.613518 8.997309 1.104941 8.997309 2.511592 8.947947 2.613518 8.997309 1.002742 8.947946 1.489608 3.070776 -1.75262 3.000143 -1.75262 3.070776 1.489608 3.000143 -1.75262 3.000143 1.489608 3.070776 4.133994 2.000646 1.335819 2.069637 4.133994 2.069637 1.335819 2.000646 1.335819 2.069637 4.133994 2.000646 1.489608 3.070776 -1.75262 3.000143 -1.75262 3.070776 1.489608 3.000143 -1.75262 3.000143 1.489608 3.070776 -0.380031 2.000528 -3.299634 2.066812 -0.380031 2.066812 -3.299634 2.000528 -3.299634 2.066812 -0.380031 2.000528 -3.299634 2.066812 -5.601292 2.000528 -5.601292 2.066812 -3.299634 2.000528 -5.601292 2.000528 -3.299634 2.066812 4.133994 2.000646 1.335819 2.069637 4.133994 2.069637 1.335819 2.000646 1.335819 2.069637 4.133994 2.000646 1.489608 3.070776 -1.75262 3.000143 -1.75262 3.070776 1.489608 3.000143 -1.75262 3.000143 1.489608 3.070776 4.133994 2.000646 1.335819 2.069637 4.133994 2.069637 1.335819 2.000646 1.335819 2.069637 4.133994 2.000646 1.489608 3.070776 -1.75262 3.000143 1.489608 3.000143 -1.75262 3.070776 -1.75262 3.000143 1.489608 3.070776 4.133994 2.000646 1.335819 2.069637 1.335819 2.000646 4.133994 2.069637 1.335819 2.069637 4.133994 2.000646 -3.299634 2.066812 -5.601292 2.000528 -5.601292 2.066812 -3.299634 2.000528 -5.601292 2.000528 -3.299634 2.066812 -0.380031 2.000528 -3.299634 2.066812 -0.380031 2.066812 -3.299634 2.000528 -3.299634 2.066812 -0.380031 2.000528 1.489608 3.070776 -1.75262 3.000143 -1.75262 3.070776 1.489608 3.000143 -1.75262 3.000143 1.489608 3.070776 4.133994 2.000646 1.335819 2.069637 4.133994 2.069637 1.335819 2.000646 1.335819 2.069637 4.133994 2.000646 1.489608 3.070776 -1.75262 3.000143 1.489608 3.000143 -1.75262 3.070776 -1.75262 3.000143 1.489608 3.070776 4.133994 2.000646 1.335819 2.069637 4.133994 2.069637 1.335819 2.000646 1.335819 2.069637 4.133994 2.000646 1.489608 3.070776 -1.75262 3.000143 1.489608 3.000143 -1.75262 3.070776 -1.75262 3.000143 1.489608 3.070776 4.133994 2.000646 1.335819 2.069637 1.335819 2.000646 4.133994 2.069637 1.335819 2.069637 4.133994 2.000646 -3.299634 2.066812 -5.601292 2.000528 -5.601292 2.066812 -3.299634 2.000528 -5.601292 2.000528 -3.299634 2.066812 -0.380031 2.000528 -3.299634 2.066812 -0.380031 2.066812 -3.299634 2.000528 -3.299634 2.066812 -0.380031 2.000528 -3.756736 1.324173 -3.039459 1.328346 -3.747982 1.540966 -3.756736 1.324173 -3.039459 1.328346 -3.747982 1.540966 -5.601292 2.000528 -3.299634 2.066812 -5.601292 2.066812 -3.756736 1.324173 -3.039459 1.328346 -3.747982 1.540966 -3.76817 1.02543 -3.756736 1.324173 -3.039459 1.328346 -3.299634 2.066812 -0.380031 2.066812 -0.380031 2.000528 -3.756736 1.324173 -3.039459 1.328346 -3.747982 1.540966 2.594749 6.54782 4.541965 6.894237 2.594749 6.942296 -3.155705 2.071278 -3.155705 2.220772 -4.483127 2.220772 -6.769142 2.220772 -5.475272 2.376475 -6.769142 2.376475 -5.601292 2.000528 -3.299634 2.066812 -5.601292 2.066812 -5.601292 2.000528 -3.299634 2.066812 -5.601292 2.066812 -5.601292 2.000528 -3.299634 2.066812 -5.601292 2.066812 -5.601292 2.000528 -3.299634 2.066812 -5.601292 2.066812 -5.601292 2.000528 -3.299634 2.066812 -5.601292 2.066812 -3.299634 2.066812 -0.380031 2.066812 -0.380031 2.000528 -3.155705 2.071278 -3.155705 2.220772 -4.483127 2.220772 -6.769142 2.220772 -5.475272 2.376475 -6.769142 2.376475 -5.601292 2.000528 -3.299634 2.066812 -5.601292 2.066812 -5.601292 2.000528 -3.299634 2.066812 -5.601292 2.066812 2.594749 6.54782 4.541965 6.894237 2.594749 6.942296 -3.299634 2.066812 -0.380031 2.066812 -0.380031 2.000528 4.541965 6.894237 4.541965 6.942296 2.594749 6.942296 4.541965 6.894237 4.541965 6.942296 2.594749 6.942296 4.541965 6.894237 4.541965 6.942296 2.594749 6.942296 4.541965 6.894237 4.541965 6.942296 2.594749 6.942296 4.541965 6.894237 4.541965 6.942296 2.594749 6.942296 -5.601292 2.000528 -3.299634 2.066812 -5.601292 2.066812 2.594749 6.54782 4.541965 6.894237 2.594749 6.942296 4.997636 7.63974 4.997642 7.544044 4.513185 7.544044 -5.601292 2.000528 -3.299634 2.066812 -5.601292 2.066812 -3.299634 2.066812 -0.380031 2.066812 -0.380031 2.000528 -5.601292 2.000528 -3.299634 2.066812 -5.601292 2.066812 -3.155705 2.071278 -4.483127 2.071278 -4.483127 2.220772 -5.601292 2.000528 -3.299634 2.066812 -5.601292 2.066812 -5.601292 2.000528 -3.299634 2.066812 -5.601292 2.066812 -5.601292 2.000528 -3.299634 2.066812 -5.601292 2.066812 -3.155705 2.071278 -4.483127 2.071278 -4.483127 2.220772 -3.299634 2.066812 -0.380031 2.066812 -0.380031 2.000528 1.088795 8.000068 2.509489 7.947081 1.003711 7.947526 2.603041 7.997563 4.491066 7.998406 4.507627 7.947227 -5.601292 2.000528 -3.299634 2.066812 -5.601292 2.066812 2.594749 6.54782 4.541965 6.894237 2.594749 6.942296 -5.601292 2.000528 -3.299634 2.066812 -5.601292 2.066812 2.594749 6.54782 4.541965 6.894237 2.594749 6.942296 0.504877 7.891893 0.505091 7.946602 1.003711 7.947526 2.510777 7.544044 1.004394 7.891908 2.509489 7.947081</float_array>
          <technique_common>
            <accessor source="#mesh1_003-mesh-map-0-array" count="2640" stride="2">
              <param name="S" type="float"/>
              <param name="T" type="float"/>
            </accessor>
          </technique_common>
        </source>
        <source id="mesh1_003-mesh-colors-colors1" name="colors1">
          <float_array id="mesh1_003-mesh-colors-colors1-array" count="10560">0.5019608 0.5019608 0.5019608 1 0.5019608 0.5019608 0.5019608 1 0.5019608 0.5019608 0.5019608 1 0.5019608 0.5019608 0.5019608 1 0.5019608 0.5019608 0.5019608 1 0.5019608 0.5019608 0.5019608 1 0.5019608 0.5019608 0.5019608 1 0.5019608 0.5019608 0.5019608 1 0.5019608 0.5019608 0.5019608 1 0.5019608 0.5019608 0.5019608 1 0.5019608 0.5019608 0.5019608 1 0.5019608 0.5019608 0.5019608 1 0.5019608 0.5019608 0.5019608 1 0.5019608 0.5019608 0.5019608 1 0.5019608 0.5019608 0.5019608 1 0.5019608 0.5019608 0.5019608 1 0.5019608 0.5019608 0.5019608 1 0.5019608 0.5019608 0.5019608 1 0.5019608 0.5019608 0.5019608 1 0.5019608 0.5019608 0.5019608 1 0.5019608 0.5019608 0.5019608 1 0.5019608 0.5019608 0.5019608 1 0.5019608 0.5019608 0.5019608 1 0.5019608 0.5019608 0.5019608 1 0.5019608 0.5019608 0.5019608 1 0.5019608 0.5019608 0.5019608 1 0.5019608 0.5019608 0.5019608 1 0.5019608 0.5019608 0.5019608 1 0.5019608 0.5019608 0.5019608 1 0.5019608 0.5019608 0.5019608 1 0.5019608 0.5019608 0.5019608 1 0.5019608 0.5019608 0.5019608 1 0.5019608 0.5019608 0.5019608 1 0.5019608 0.5019608 0.5019608 1 0.5019608 0.5019608 0.5019608 1 0.5019608 0.5019608 0.5019608 1 0.5019608 0.5019608 0.5019608 1 0.5019608 0.5019608 0.5019608 1 0.5019608 0.5019608 0.5019608 1 0.5019608 0.5019608 0.5019608 1 0.5019608 0.5019608 0.5019608 1 0.5019608 0.5019608 0.5019608 1 0.5019608 0.5019608 0.5019608 1 0.5019608 0.5019608 0.5019608 1 0.5019608 0.5019608 0.5019608 1 0.5019608 0.5019608 0.5019608 1 0.5019608 0.5019608 0.5019608 1 0.5019608 0.5019608 0.5019608 1 0.5019608 0.5019608 0.5019608 1 0.5019608 0.5019608 0.5019608 1 0.5019608 0.5019608 0.5019608 1 0.5019608 0.5019608 0.5019608 1 0.5019608 0.5019608 0.5019608 1 0.5019608 0.5019608 0.5019608 1 0.5019608 0.5019608 0.5019608 1 0.5019608 0.5019608 0.5019608 1 0.5019608 0.5019608 0.5019608 1 0.5019608 0.5019608 0.5019608 1 0.5019608 0.5019608 0.5019608 1 0.5019608 0.5019608 0.5019608 1 0.5019608 0.5019608 0.5019608 1 0.5019608 0.5019608 0.5019608 1 0.5019608 0.5019608 0.5019608 1 0.5019608 0.5019608 0.5019608 1 0.5019608 0.5019608 0.5019608 1 0.5019608 0.5019608 0.5019608 1 0.5019608 0.5019608 0.5019608 1 0.5019608 0.5019608 0.5019608 1 0.5019608 0.5019608 0.5019608 1 0.5019608 0.5019608 0.5019608 1 0.5019608 0.5019608 0.5019608 1 0.5019608 0.5019608 0.5019608 1 1 1 1 1 0.5019608 0.5019608 0.5019608 1 0.5019608 0.5019608 0.5019608 1 0.5019608 0.5019608 0.5019608 1 0.5019608 0.5019608 0.5019608 1 1 1 1 1 1 1 1 1 0.5019608 0.5019608 0.5019608 1 1 1 1 1 1 1 1 1 0.5019608 0.5019608 0.5019608 1 1 1 1 1 1 1 1 1 1 1 1 1 1 1 1 1 0.5019608 0.5019608 0.5019608 1 1 1 1 1 1 1 1 1 0.5019608 0.5019608 0.5019608 1 0.5019608 0.5019608 0.5019608 1 1 1 1 1 0.5019608 0.5019608 0.5019608 1 0.5019608 0.5019608 0.5019608 1 0.5019608 0.5019608 0.5019608 1 0.5019608 0.5019608 0.5019608 1 0.5019608 0.5019608 0.5019608 1 0.5019608 0.5019608 0.5019608 1 1 1 1 1 0.5019608 0.5019608 0.5019608 1 0.5019608 0.5019608 0.5019608 1 1 1 1 1 1 1 1 1 0.5019608 0.5019608 0.5019608 1 1 1 1 1 1 1 1 1 1 1 1 1 0.5019608 0.5019608 0.5019608 1 1 1 1 1 1 1 1 1 1 1 1 1 1 1 1 1 0.5019608 0.5019608 0.5019608 1 0.5019608 0.5019608 0.5019608 1 1 1 1 1 0.5019608 0.5019608 0.5019608 1 0.5019608 0.5019608 0.5019608 1 1 1 1 1 0.5019608 0.5019608 0.5019608 1 0.5019608 0.5019608 0.5019608 1 0.5019608 0.5019608 0.5019608 1 0.5019608 0.5019608 0.5019608 1 1 1 1 1 0.5019608 0.5019608 0.5019608 1 0.5019608 0.5019608 0.5019608 1 1 1 1 1 1 1 1 1 0.5019608 0.5019608 0.5019608 1 1 1 1 1 1 1 1 1 1 1 1 1 0.5019608 0.5019608 0.5019608 1 1 1 1 1 1 1 1 1 1 1 1 1 1 1 1 1 0.5019608 0.5019608 0.5019608 1 0.5019608 0.5019608 0.5019608 1 1 1 1 1 0.5019608 0.5019608 0.5019608 1 0.5019608 0.5019608 0.5019608 1 1 1 1 1 0.5019608 0.5019608 0.5019608 1 0.5019608 0.5019608 0.5019608 1 0.5019608 0.5019608 0.5019608 1 0.5019608 0.5019608 0.5019608 1 0.5019608 0.5019608 0.5019608 1 0.5019608 0.5019608 0.5019608 1 0.5019608 0.5019608 0.5019608 1 0.5019608 0.5019608 0.5019608 1 0.5019608 0.5019608 0.5019608 1 0.5019608 0.5019608 0.5019608 1 0.5019608 0.5019608 0.5019608 1 0.5019608 0.5019608 0.5019608 1 0.5019608 0.5019608 0.5019608 1 0.5019608 0.5019608 0.5019608 1 0.5019608 0.5019608 0.5019608 1 0.5019608 0.5019608 0.5019608 1 0.5019608 0.5019608 0.5019608 1 0.5019608 0.5019608 0.5019608 1 0.5019608 0.5019608 0.5019608 1 0.5019608 0.5019608 0.5019608 1 0.5019608 0.5019608 0.5019608 1 0.5019608 0.5019608 0.5019608 1 0.5019608 0.5019608 0.5019608 1 0.5019608 0.5019608 0.5019608 1 0.5019608 0.5019608 0.5019608 1 0.5019608 0.5019608 0.5019608 1 0.5019608 0.5019608 0.5019608 1 0.5019608 0.5019608 0.5019608 1 0.5019608 0.5019608 0.5019608 1 0.5019608 0.5019608 0.5019608 1 0.5019608 0.5019608 0.5019608 1 1 1 1 1 0.5019608 0.5019608 0.5019608 1 0.5019608 0.5019608 0.5019608 1 0.5019608 0.5019608 0.5019608 1 0.5019608 0.5019608 0.5019608 1 1 1 1 1 1 1 1 1 0.5019608 0.5019608 0.5019608 1 1 1 1 1 1 1 1 1 0.5019608 0.5019608 0.5019608 1 1 1 1 1 0.9333333 0.9333333 0.9333333 1 1 1 1 1 1 1 1 1 0.9333333 0.9333333 0.9333333 1 1 1 1 1 0.9333333 0.9333333 0.9333333 1 0.5019608 0.5019608 0.5019608 1 0.5019608 0.5019608 0.5019608 1 0.5019608 0.5019608 0.5019608 1 1 1 1 1 0.5019608 0.5019608 0.5019608 1 0.5019608 0.5019608 0.5019608 1 1 1 1 1 1 1 1 1 0.5019608 0.5019608 0.5019608 1 1 1 1 1 1 1 1 1 1 1 1 1 0.5019608 0.5019608 0.5019608 1 1 1 1 1 1 1 1 1 1 1 1 1 1 1 1 1 0.5019608 0.5019608 0.5019608 1 0.5019608 0.5019608 0.5019608 1 1 1 1 1 0.5019608 0.5019608 0.5019608 1 0.5019608 0.5019608 0.5019608 1 1 1 1 1 0.5019608 0.5019608 0.5019608 1 1 1 1 1 0.5019608 0.5019608 0.5019608 1 0.5019608 0.5019608 0.5019608 1 0.5019608 0.5019608 0.5019608 1 0.5019608 0.5019608 0.5019608 1 1 1 1 1 1 1 1 1 0.5019608 0.5019608 0.5019608 1 1 1 1 1 1 1 1 1 0.5019608 0.5019608 0.5019608 1 1 1 1 1 1 1 1 1 1 1 1 1 1 1 1 1 0.5019608 0.5019608 0.5019608 1 1 1 1 1 1 1 1 1 0.5019608 0.5019608 0.5019608 1 0.5019608 0.5019608 0.5019608 1 1 1 1 1 0.5019608 0.5019608 0.5019608 1 0.5019608 0.5019608 0.5019608 1 0.5019608 0.5019608 0.5019608 1 0.5019608 0.5019608 0.5019608 1 0.5019608 0.5019608 0.5019608 1 0.5019608 0.5019608 0.5019608 1 1 1 1 1 0.5019608 0.5019608 0.5019608 1 0.5019608 0.5019608 0.5019608 1 1 1 1 1 1 1 1 1 0.5019608 0.5019608 0.5019608 1 1 1 1 1 1 1 1 1 1 1 1 1 0.5019608 0.5019608 0.5019608 1 1 1 1 1 1 1 1 1 1 1 1 1 1 1 1 1 0.5019608 0.5019608 0.5019608 1 0.5019608 0.5019608 0.5019608 1 1 1 1 1 0.5019608 0.5019608 0.5019608 1 0.5019608 0.5019608 0.5019608 1 1 1 1 1 0.5019608 0.5019608 0.5019608 1 1 1 1 1 0.5019608 0.5019608 0.5019608 1 0.5019608 0.5019608 0.5019608 1 0.5019608 0.5019608 0.5019608 1 0.5019608 0.5019608 0.5019608 1 1 1 1 1 1 1 1 1 0.5019608 0.5019608 0.5019608 1 1 1 1 1 1 1 1 1 0.5019608 0.5019608 0.5019608 1 1 1 1 1 1 1 1 1 1 1 1 1 1 1 1 1 0.5019608 0.5019608 0.5019608 1 1 1 1 1 1 1 1 1 0.5019608 0.5019608 0.5019608 1 0.5019608 0.5019608 0.5019608 1 1 1 1 1 0.5019608 0.5019608 0.5019608 1 0.5019608 0.5019608 0.5019608 1 0.5019608 0.5019608 0.5019608 1 0.5019608 0.5019608 0.5019608 1 0.5019608 0.5019608 0.5019608 1 0.5019608 0.5019608 0.5019608 1 0.5019608 0.5019608 0.5019608 1 0.5019608 0.5019608 0.5019608 1 0.5019608 0.5019608 0.5019608 1 1 1 1 1 0.5019608 0.5019608 0.5019608 1 0.5019608 0.5019608 0.5019608 1 0.5019608 0.5019608 0.5019608 1 0.5019608 0.5019608 0.5019608 1 1 1 1 1 1 1 1 1 0.5019608 0.5019608 0.5019608 1 1 1 1 1 1 1 1 1 0.5019608 0.5019608 0.5019608 1 1 1 1 1 0.9333333 0.9333333 0.9333333 1 1 1 1 1 1 1 1 1 0.9333333 0.9333333 0.9333333 1 1 1 1 1 0.9333333 0.9333333 0.9333333 1 0.5019608 0.5019608 0.5019608 1 0.5019608 0.5019608 0.5019608 1 0.5019608 0.5019608 0.5019608 1 1 1 1 1 0.5019608 0.5019608 0.5019608 1 0.5019608 0.5019608 0.5019608 1 1 1 1 1 1 1 1 1 0.5019608 0.5019608 0.5019608 1 1 1 1 1 1 1 1 1 1 1 1 1 0.5019608 0.5019608 0.5019608 1 1 1 1 1 1 1 1 1 1 1 1 1 1 1 1 1 0.5019608 0.5019608 0.5019608 1 0.5019608 0.5019608 0.5019608 1 1 1 1 1 0.5019608 0.5019608 0.5019608 1 0.5019608 0.5019608 0.5019608 1 1 1 1 1 0.5019608 0.5019608 0.5019608 1 0.5019608 0.5019608 0.5019608 1 0.5019608 0.5019608 0.5019608 1 0.5019608 0.5019608 0.5019608 1 1 1 1 1 0.5019608 0.5019608 0.5019608 1 0.5019608 0.5019608 0.5019608 1 1 1 1 1 1 1 1 1 0.5019608 0.5019608 0.5019608 1 1 1 1 1 1 1 1 1 1 1 1 1 0.5019608 0.5019608 0.5019608 1 1 1 1 1 1 1 1 1 1 1 1 1 1 1 1 1 0.5019608 0.5019608 0.5019608 1 0.5019608 0.5019608 0.5019608 1 1 1 1 1 0.5019608 0.5019608 0.5019608 1 0.5019608 0.5019608 0.5019608 1 1 1 1 1 0.5019608 0.5019608 0.5019608 1 0.5019608 0.5019608 0.5019608 1 0.5019608 0.5019608 0.5019608 1 0.5019608 0.5019608 0.5019608 1 0.5019608 0.5019608 0.5019608 1 0.5019608 0.5019608 0.5019608 1 0.5019608 0.5019608 0.5019608 1 0.5019608 0.5019608 0.5019608 1 0.5019608 0.5019608 0.5019608 1 0.5019608 0.5019608 0.5019608 1 0.5019608 0.5019608 0.5019608 1 0.5019608 0.5019608 0.5019608 1 0.5019608 0.5019608 0.5019608 1 0.5019608 0.5019608 0.5019608 1 0.5019608 0.5019608 0.5019608 1 0.5019608 0.5019608 0.5019608 1 0.5019608 0.5019608 0.5019608 1 0.5019608 0.5019608 0.5019608 1 0.5019608 0.5019608 0.5019608 1 0.5019608 0.5019608 0.5019608 1 0.5019608 0.5019608 0.5019608 1 0.5019608 0.5019608 0.5019608 1 0.5019608 0.5019608 0.5019608 1 0.5019608 0.5019608 0.5019608 1 0.5019608 0.5019608 0.5019608 1 0.5019608 0.5019608 0.5019608 1 0.5019608 0.5019608 0.5019608 1 0.5019608 0.5019608 0.5019608 1 1 1 1 1 0.5019608 0.5019608 0.5019608 1 0.5019608 0.5019608 0.5019608 1 1 1 1 1 1 1 1 1 0.5019608 0.5019608 0.5019608 1 1 1 1 1 1 1 1 1 1 1 1 1 0.5019608 0.5019608 0.5019608 1 1 1 1 1 1 1 1 1 1 1 1 1 1 1 1 1 0.5019608 0.5019608 0.5019608 1 0.5019608 0.5019608 0.5019608 1 1 1 1 1 0.5019608 0.5019608 0.5019608 1 0.5019608 0.5019608 0.5019608 1 1 1 1 1 0.5019608 0.5019608 0.5019608 1 0.5019608 0.5019608 0.5019608 1 0.5019608 0.5019608 0.5019608 1 0.5019608 0.5019608 0.5019608 1 0.5019608 0.5019608 0.5019608 1 0.5019608 0.5019608 0.5019608 1 0.5019608 0.5019608 0.5019608 1 1 1 1 1 0.5019608 0.5019608 0.5019608 1 0.5019608 0.5019608 0.5019608 1 0.5019608 0.5019608 0.5019608 1 0.5019608 0.5019608 0.5019608 1 1 1 1 1 1 1 1 1 0.5019608 0.5019608 0.5019608 1 1 1 1 1 1 1 1 1 0.5019608 0.5019608 0.5019608 1 1 1 1 1 0.9333333 0.9333333 0.9333333 1 1 1 1 1 1 1 1 1 0.9333333 0.9333333 0.9333333 1 1 1 1 1 0.9333333 0.9333333 0.9333333 1 1 1 1 1 0.9333333 0.9333333 0.9333333 1 0.9333333 0.9333333 0.9333333 1 1 1 1 1 0.9333333 0.9333333 0.9333333 1 1 1 1 1 0.5019608 0.5019608 0.5019608 1 1 1 1 1 1 1 1 1 1 1 1 1 1 1 1 1 0.5019608 0.5019608 0.5019608 1 0.5019608 0.5019608 0.5019608 1 1 1 1 1 0.5019608 0.5019608 0.5019608 1 0.5019608 0.5019608 0.5019608 1 1 1 1 1 0.5019608 0.5019608 0.5019608 1 0.5019608 0.5019608 0.5019608 1 0.5019608 0.5019608 0.5019608 1 0.5019608 0.5019608 0.5019608 1 0.5019608 0.5019608 0.5019608 1 0.5019608 0.5019608 0.5019608 1 0.5019608 0.5019608 0.5019608 1 1 1 1 1 0.9960784 0.9960784 0.9960784 1 1 1 1 1 0.9686275 0.9686275 0.9686275 1 0.9960784 0.9960784 0.9960784 1 1 1 1 1 1 1 1 1 0.9686275 0.9686275 0.9686275 1 1 1 1 1 0.7960785 0.7960785 0.7960785 1 0.9686275 0.9686275 0.9686275 1 1 1 1 1 0.882353 0.882353 0.882353 1 0.7960785 0.7960785 0.7960785 1 1 1 1 1 0.6980392 0.6980392 0.6980392 1 0.7960785 0.7960785 0.7960785 1 0.882353 0.882353 0.882353 1 0.5019608 0.5019608 0.5019608 1 0.6980392 0.6980392 0.6980392 1 0.882353 0.882353 0.882353 1 1 1 1 1 0.9960784 0.9960784 0.9960784 1 1 1 1 1 0.9686275 0.9686275 0.9686275 1 0.9960784 0.9960784 0.9960784 1 1 1 1 1 1 1 1 1 0.9686275 0.9686275 0.9686275 1 1 1 1 1 0.7960785 0.7960785 0.7960785 1 0.9686275 0.9686275 0.9686275 1 1 1 1 1 0.882353 0.882353 0.882353 1 0.7960785 0.7960785 0.7960785 1 1 1 1 1 0.6980392 0.6980392 0.6980392 1 0.7960785 0.7960785 0.7960785 1 0.882353 0.882353 0.882353 1 0.5019608 0.5019608 0.5019608 1 0.6980392 0.6980392 0.6980392 1 0.882353 0.882353 0.882353 1 1 1 1 1 0.9960784 0.9960784 0.9960784 1 1 1 1 1 0.9686275 0.9686275 0.9686275 1 0.9960784 0.9960784 0.9960784 1 1 1 1 1 1 1 1 1 0.9686275 0.9686275 0.9686275 1 1 1 1 1 0.7960785 0.7960785 0.7960785 1 0.9686275 0.9686275 0.9686275 1 1 1 1 1 0.882353 0.882353 0.882353 1 0.7960785 0.7960785 0.7960785 1 1 1 1 1 0.6980392 0.6980392 0.6980392 1 0.7960785 0.7960785 0.7960785 1 0.882353 0.882353 0.882353 1 0.5019608 0.5019608 0.5019608 1 0.6980392 0.6980392 0.6980392 1 0.882353 0.882353 0.882353 1 1 1 1 1 0.9960784 0.9960784 0.9960784 1 1 1 1 1 0.9686275 0.9686275 0.9686275 1 0.9960784 0.9960784 0.9960784 1 1 1 1 1 1 1 1 1 0.9686275 0.9686275 0.9686275 1 1 1 1 1 0.7960785 0.7960785 0.7960785 1 0.9686275 0.9686275 0.9686275 1 1 1 1 1 0.882353 0.882353 0.882353 1 0.7960785 0.7960785 0.7960785 1 1 1 1 1 0.6980392 0.6980392 0.6980392 1 0.7960785 0.7960785 0.7960785 1 0.882353 0.882353 0.882353 1 0.5019608 0.5019608 0.5019608 1 0.6980392 0.6980392 0.6980392 1 0.882353 0.882353 0.882353 1 1 1 1 1 0.9960784 0.9960784 0.9960784 1 1 1 1 1 0.9686275 0.9686275 0.9686275 1 0.9960784 0.9960784 0.9960784 1 1 1 1 1 1 1 1 1 0.9686275 0.9686275 0.9686275 1 1 1 1 1 0.7960785 0.7960785 0.7960785 1 0.9686275 0.9686275 0.9686275 1 1 1 1 1 0.882353 0.882353 0.882353 1 0.7960785 0.7960785 0.7960785 1 1 1 1 1 0.6980392 0.6980392 0.6980392 1 0.7960785 0.7960785 0.7960785 1 0.882353 0.882353 0.882353 1 0.5019608 0.5019608 0.5019608 1 0.6980392 0.6980392 0.6980392 1 0.882353 0.882353 0.882353 1 0.5019608 0.5019608 0.5019608 1 0.5019608 0.5019608 0.5019608 1 0.5019608 0.5019608 0.5019608 1 0.5019608 0.5019608 0.5019608 1 0.5019608 0.5019608 0.5019608 1 0.5019608 0.5019608 0.5019608 1 0.5019608 0.5019608 0.5019608 1 0.5019608 0.5019608 0.5019608 1 0.5019608 0.5019608 0.5019608 1 0.5019608 0.5019608 0.5019608 1 0.5019608 0.5019608 0.5019608 1 0.5019608 0.5019608 0.5019608 1 0.5019608 0.5019608 0.5019608 1 0.5019608 0.5019608 0.5019608 1 0.5019608 0.5019608 0.5019608 1 0.5019608 0.5019608 0.5019608 1 0.5019608 0.5019608 0.5019608 1 0.5019608 0.5019608 0.5019608 1 1 1 1 1 0.5019608 0.5019608 0.5019608 1 0.5019608 0.5019608 0.5019608 1 1 1 1 1 0.5019608 0.5019608 0.5019608 1 1 1 1 1 1 1 1 1 1 1 1 1 1 1 1 1 1 1 1 1 1 1 1 1 1 1 1 1 0.5019608 0.5019608 0.5019608 1 1 1 1 1 1 1 1 1 0.5019608 0.5019608 0.5019608 1 1 1 1 1 0.5019608 0.5019608 0.5019608 1 0.5019608 0.5019608 0.5019608 1 0.5019608 0.5019608 0.5019608 1 0.5019608 0.5019608 0.5019608 1 0.5019608 0.5019608 0.5019608 1 0.5019608 0.5019608 0.5019608 1 0.5019608 0.5019608 0.5019608 1 0.5019608 0.5019608 0.5019608 1 0.5019608 0.5019608 0.5019608 1 0.5019608 0.5019608 0.5019608 1 0.5019608 0.5019608 0.5019608 1 0.5019608 0.5019608 0.5019608 1 0.5019608 0.5019608 0.5019608 1 0.5019608 0.5019608 0.5019608 1 0.5019608 0.5019608 0.5019608 1 0.5019608 0.5019608 0.5019608 1 0.5019608 0.5019608 0.5019608 1 0.5019608 0.5019608 0.5019608 1 0.5019608 0.5019608 0.5019608 1 0.5019608 0.5019608 0.5019608 1 0.5019608 0.5019608 0.5019608 1 0.5019608 0.5019608 0.5019608 1 0.5019608 0.5019608 0.5019608 1 0.5019608 0.5019608 0.5019608 1 0.5019608 0.5019608 0.5019608 1 0.5019608 0.5019608 0.5019608 1 0.5019608 0.5019608 0.5019608 1 0.5019608 0.5019608 0.5019608 1 0.5019608 0.5019608 0.5019608 1 0.5019608 0.5019608 0.5019608 1 0.5019608 0.5019608 0.5019608 1 0.5019608 0.5019608 0.5019608 1 0.5019608 0.5019608 0.5019608 1 0.5019608 0.5019608 0.5019608 1 0.5019608 0.5019608 0.5019608 1 0.5019608 0.5019608 0.5019608 1 0.5019608 0.5019608 0.5019608 1 0.5019608 0.5019608 0.5019608 1 0.5019608 0.5019608 0.5019608 1 0.5019608 0.5019608 0.5019608 1 0.5019608 0.5019608 0.5019608 1 0.5019608 0.5019608 0.5019608 1 0.5019608 0.5019608 0.5019608 1 0.882353 0.882353 0.882353 1 0.5019608 0.5019608 0.5019608 1 0.5019608 0.5019608 0.5019608 1 1 1 1 1 0.5019608 0.5019608 0.5019608 1 0.882353 0.882353 0.882353 1 1 1 1 1 1 1 1 1 0.882353 0.882353 0.882353 1 1 1 1 1 1 1 1 1 1 1 1 1 0.882353 0.882353 0.882353 1 0.5019608 0.5019608 0.5019608 1 0.5019608 0.5019608 0.5019608 1 1 1 1 1 0.5019608 0.5019608 0.5019608 1 0.882353 0.882353 0.882353 1 1 1 1 1 1 1 1 1 0.882353 0.882353 0.882353 1 1 1 1 1 1 1 1 1 1 1 1 1 1 1 1 1 1 1 1 1 1 1 1 1 1 1 1 1 1 1 1 1 1 1 1 1 1 1 1 1 1 1 1 1 1 1 1 1 1 1 1 1 1 1 1 1 1 1 1 1 0.5019608 0.5019608 0.5019608 1 0.5019608 0.5019608 0.5019608 1 0.5019608 0.5019608 0.5019608 1 0.5019608 0.5019608 0.5019608 1 0.5019608 0.5019608 0.5019608 1 0.5019608 0.5019608 0.5019608 1 0.5019608 0.5019608 0.5019608 1 0.5019608 0.5019608 0.5019608 1 0.5019608 0.5019608 0.5019608 1 0.5019608 0.5019608 0.5019608 1 0.5019608 0.5019608 0.5019608 1 0.5019608 0.5019608 0.5019608 1 0.882353 0.882353 0.882353 1 0.5019608 0.5019608 0.5019608 1 0.5019608 0.5019608 0.5019608 1 1 1 1 1 0.5019608 0.5019608 0.5019608 1 0.882353 0.882353 0.882353 1 1 1 1 1 1 1 1 1 0.882353 0.882353 0.882353 1 1 1 1 1 1 1 1 1 1 1 1 1 0.882353 0.882353 0.882353 1 0.5019608 0.5019608 0.5019608 1 0.5019608 0.5019608 0.5019608 1 1 1 1 1 0.5019608 0.5019608 0.5019608 1 0.882353 0.882353 0.882353 1 1 1 1 1 1 1 1 1 0.882353 0.882353 0.882353 1 1 1 1 1 1 1 1 1 1 1 1 1 1 1 1 1 0.5019608 0.5019608 0.5019608 1 0.5019608 0.5019608 0.5019608 1 1 1 1 1 0.5019608 0.5019608 0.5019608 1 1 1 1 1 1 1 1 1 1 1 1 1 1 1 1 1 1 1 1 1 1 1 1 1 1 1 1 1 0.5019608 0.5019608 0.5019608 1 0.5019608 0.5019608 0.5019608 1 0.5019608 0.5019608 0.5019608 1 0.5019608 0.5019608 0.5019608 1 0.5019608 0.5019608 0.5019608 1 0.5019608 0.5019608 0.5019608 1 0.5019608 0.5019608 0.5019608 1 0.5019608 0.5019608 0.5019608 1 0.5019608 0.5019608 0.5019608 1 0.5019608 0.5019608 0.5019608 1 0.5019608 0.5019608 0.5019608 1 0.5019608 0.5019608 0.5019608 1 0.5019608 0.5019608 0.5019608 1 0.5019608 0.5019608 0.5019608 1 0.5019608 0.5019608 0.5019608 1 0.5019608 0.5019608 0.5019608 1 0.5019608 0.5019608 0.5019608 1 0.5019608 0.5019608 0.5019608 1 0.5019608 0.5019608 0.5019608 1 0.5019608 0.5019608 0.5019608 1 0.5019608 0.5019608 0.5019608 1 0.5019608 0.5019608 0.5019608 1 0.5019608 0.5019608 0.5019608 1 0.5019608 0.5019608 0.5019608 1 0.882353 0.882353 0.882353 1 0.5019608 0.5019608 0.5019608 1 0.5019608 0.5019608 0.5019608 1 1 1 1 1 0.5019608 0.5019608 0.5019608 1 0.882353 0.882353 0.882353 1 1 1 1 1 1 1 1 1 0.882353 0.882353 0.882353 1 1 1 1 1 1 1 1 1 1 1 1 1 1 1 1 1 0.5019608 0.5019608 0.5019608 1 0.5019608 0.5019608 0.5019608 1 1 1 1 1 0.5019608 0.5019608 0.5019608 1 1 1 1 1 1 1 1 1 1 1 1 1 1 1 1 1 1 1 1 1 1 1 1 1 1 1 1 1 1 1 1 1 1 1 1 1 1 1 1 1 1 1 1 1 1 1 1 1 1 1 1 1 1 1 1 1 1 1 1 1 1 1 1 1 1 1 1 1 1 1 1 1 1 1 1 1 0.5019608 0.5019608 0.5019608 1 0.5019608 0.5019608 0.5019608 1 0.5019608 0.5019608 0.5019608 1 0.5019608 0.5019608 0.5019608 1 0.5019608 0.5019608 0.5019608 1 0.5019608 0.5019608 0.5019608 1 0.5019608 0.5019608 0.5019608 1 0.5019608 0.5019608 0.5019608 1 0.5019608 0.5019608 0.5019608 1 0.5019608 0.5019608 0.5019608 1 0.5019608 0.5019608 0.5019608 1 0.5019608 0.5019608 0.5019608 1 1 1 1 1 0.9294118 0.9294118 0.9294118 1 0.9333333 0.9333333 0.9333333 1 1 1 1 1 0.9294118 0.9294118 0.9294118 1 1 1 1 1 1 1 1 1 1 1 1 1 1 1 1 1 0.5019608 0.5019608 0.5019608 1 1 1 1 1 1 1 1 1 1 1 1 1 1 1 1 1 1 1 1 1 1 1 1 1 1 1 1 1 1 1 1 1 1 1 1 1 1 1 1 1 1 1 1 1 1 1 1 1 1 1 1 1 1 1 1 1 1 1 1 1 1 1 1 1 1 1 1 1 1 1 1 1 1 1 1 1 1 1 1 1 1 1 1 1 1 1 1 1 1 1 1 1 1 1 1 1 1 1 1 1 1 1 1 1 1 1 1 1 1 1 1 1 1 1 1 1 1 1 1 1 1 1 1 1 1 1 1 1 1 1 1 1 1 1 1 1 1 1 1 1 1 1 1 1 1 1 1 1 1 1 1 1 0.5019608 0.5019608 0.5019608 1 0.5019608 0.5019608 0.5019608 1 0.5019608 0.5019608 0.5019608 1 0.5019608 0.5019608 0.5019608 1 0.5019608 0.5019608 0.5019608 1 0.5019608 0.5019608 0.5019608 1 0.5019608 0.5019608 0.5019608 1 0.5019608 0.5019608 0.5019608 1 0.5019608 0.5019608 0.5019608 1 0.5019608 0.5019608 0.5019608 1 0.5019608 0.5019608 0.5019608 1 0.5019608 0.5019608 0.5019608 1 0.5019608 0.5019608 0.5019608 1 0.5019608 0.5019608 0.5019608 1 0.5019608 0.5019608 0.5019608 1 0.5019608 0.5019608 0.5019608 1 0.5019608 0.5019608 0.5019608 1 0.5019608 0.5019608 0.5019608 1 0.5019608 0.5019608 0.5019608 1 0.5019608 0.5019608 0.5019608 1 0.5019608 0.5019608 0.5019608 1 0.5019608 0.5019608 0.5019608 1 0.5019608 0.5019608 0.5019608 1 0.5019608 0.5019608 0.5019608 1 1 1 1 1 0.5019608 0.5019608 0.5019608 1 0.5019608 0.5019608 0.5019608 1 1 1 1 1 0.5019608 0.5019608 0.5019608 1 1 1 1 1 1 1 1 1 1 1 1 1 1 1 1 1 1 1 1 1 1 1 1 1 1 1 1 1 1 1 1 1 1 1 1 1 1 1 1 1 1 1 1 1 1 1 1 1 1 1 1 1 0.6 0.6 0.6 1 1 1 1 1 1 1 1 1 1 1 1 1 0.5019608 0.5019608 0.5019608 1 1 1 1 1 0.5019608 0.5019608 0.5019608 1 0.5019608 0.5019608 0.5019608 1 1 1 1 1 0.5019608 0.5019608 0.5019608 1 0.5019608 0.5019608 0.5019608 1 1 1 1 1 1 1 1 1 0.5019608 0.5019608 0.5019608 1 1 1 1 1 0.5019608 0.5019608 0.5019608 1 0.5019608 0.5019608 0.5019608 1 1 1 1 1 0.5019608 0.5019608 0.5019608 1 0.5019608 0.5019608 0.5019608 1 1 1 1 1 0.5019608 0.5019608 0.5019608 1 0.5019608 0.5019608 0.5019608 1 0.5019608 0.5019608 0.5019608 1 0.5019608 0.5019608 0.5019608 1 0.5019608 0.5019608 0.5019608 1 0.5019608 0.5019608 0.5019608 1 0.5019608 0.5019608 0.5019608 1 0.5019608 0.5019608 0.5019608 1 0.5019608 0.5019608 0.5019608 1 1 1 1 1 0.5019608 0.5019608 0.5019608 1 1 1 1 1 0.5019608 0.5019608 0.5019608 1 0.5019608 0.5019608 0.5019608 1 1 1 1 1 0.5019608 0.5019608 0.5019608 1 0.5019608 0.5019608 0.5019608 1 1 1 1 1 0.5019608 0.5019608 0.5019608 1 0.5019608 0.5019608 0.5019608 1 0.5019608 0.5019608 0.5019608 1 0.5019608 0.5019608 0.5019608 1 0.5019608 0.5019608 0.5019608 1 0.5019608 0.5019608 0.5019608 1 0.5019608 0.5019608 0.5019608 1 0.5019608 0.5019608 0.5019608 1 0.5019608 0.5019608 0.5019608 1 1 1 1 1 0.6 0.6 0.6 1 0.6 0.6 0.6 1 1 1 1 1 0.6 0.6 0.6 1 1 1 1 1 1 1 1 1 1 1 1 1 1 1 1 1 1 1 1 1 0.6 0.6 0.6 1 0.6 0.6 0.6 1 1 1 1 1 0.6 0.6 0.6 1 1 1 1 1 1 1 1 1 1 1 1 1 1 1 1 1 0.5019608 0.5019608 0.5019608 1 0.5019608 0.5019608 0.5019608 1 0.5019608 0.5019608 0.5019608 1 0.5019608 0.5019608 0.5019608 1 0.5019608 0.5019608 0.5019608 1 0.5019608 0.5019608 0.5019608 1 0.5019608 0.5019608 0.5019608 1 0.5019608 0.5019608 0.5019608 1 0.5019608 0.5019608 0.5019608 1 1 1 1 1 0.6980392 0.6980392 0.6980392 1 0.5019608 0.5019608 0.5019608 1 1 1 1 1 0.6980392 0.6980392 0.6980392 1 1 1 1 1 1 1 1 1 1 1 1 1 1 1 1 1 0.5019608 0.5019608 0.5019608 1 0.5019608 0.5019608 0.5019608 1 0.5019608 0.5019608 0.5019608 1 0.5019608 0.5019608 0.5019608 1 0.5019608 0.5019608 0.5019608 1 0.5019608 0.5019608 0.5019608 1 0.5019608 0.5019608 0.5019608 1 0.5019608 0.5019608 0.5019608 1 0.5019608 0.5019608 0.5019608 1 1 1 1 1 0.5019608 0.5019608 0.5019608 1 1 1 1 1 0.5019608 0.5019608 0.5019608 1 0.5019608 0.5019608 0.5019608 1 1 1 1 1 0.5019608 0.5019608 0.5019608 1 0.5019608 0.5019608 0.5019608 1 1 1 1 1 0.5019608 0.5019608 0.5019608 1 0.5019608 0.5019608 0.5019608 1 0.5019608 0.5019608 0.5019608 1 0.5019608 0.5019608 0.5019608 1 0.5019608 0.5019608 0.5019608 1 0.5019608 0.5019608 0.5019608 1 0.5019608 0.5019608 0.5019608 1 0.5019608 0.5019608 0.5019608 1 0.5019608 0.5019608 0.5019608 1 0.5019608 0.5019608 0.5019608 1 0.5019608 0.5019608 0.5019608 1 0.5019608 0.5019608 0.5019608 1 0.5019608 0.5019608 0.5019608 1 0.5019608 0.5019608 0.5019608 1 0.5019608 0.5019608 0.5019608 1 0.5019608 0.5019608 0.5019608 1 0.5019608 0.5019608 0.5019608 1 0.5019608 0.5019608 0.5019608 1 1 1 1 1 0.6980392 0.6980392 0.6980392 1 0.5019608 0.5019608 0.5019608 1 1 1 1 1 0.6980392 0.6980392 0.6980392 1 1 1 1 1 1 1 1 1 1 1 1 1 1 1 1 1 1 1 1 1 1 1 1 1 0.5019608 0.5019608 0.5019608 1 0.9333333 0.9333333 0.9333333 1 1 1 1 1 1 1 1 1 0.9294118 0.9294118 0.9294118 1 0.9333333 0.9333333 0.9333333 1 1 1 1 1 0.5019608 0.5019608 0.5019608 1 0.5019608 0.5019608 0.5019608 1 0.5019608 0.5019608 0.5019608 1 0.5019608 0.5019608 0.5019608 1 0.5019608 0.5019608 0.5019608 1 0.5019608 0.5019608 0.5019608 1 0.5019608 0.5019608 0.5019608 1 0.5019608 0.5019608 0.5019608 1 0.5019608 0.5019608 0.5019608 1 1 1 1 1 0.5019608 0.5019608 0.5019608 1 1 1 1 1 0.5019608 0.5019608 0.5019608 1 0.5019608 0.5019608 0.5019608 1 1 1 1 1 0.5019608 0.5019608 0.5019608 1 0.5019608 0.5019608 0.5019608 1 1 1 1 1 1 1 1 1 0.6 0.6 0.6 1 1 1 1 1 0.6 0.6 0.6 1 0.6 0.6 0.6 1 1 1 1 1 1 1 1 1 0.6 0.6 0.6 1 1 1 1 1 1 1 1 1 1 1 1 1 1 1 1 1 1 1 1 1 1 1 1 1 1 1 1 1 1 1 1 1 1 1 1 1 1 1 1 1 0.5019608 0.5019608 0.5019608 1 0.5019608 0.5019608 0.5019608 1 0.5019608 0.5019608 0.5019608 1 0.5019608 0.5019608 0.5019608 1 0.5019608 0.5019608 0.5019608 1 0.5019608 0.5019608 0.5019608 1 0.5019608 0.5019608 0.5019608 1 0.5019608 0.5019608 0.5019608 1 0.5019608 0.5019608 0.5019608 1 0.5019608 0.5019608 0.5019608 1 0.5019608 0.5019608 0.5019608 1 0.5019608 0.5019608 0.5019608 1 0.5019608 0.5019608 0.5019608 1 0.5019608 0.5019608 0.5019608 1 0.5019608 0.5019608 0.5019608 1 0.5019608 0.5019608 0.5019608 1 0.5019608 0.5019608 0.5019608 1 0.5019608 0.5019608 0.5019608 1 1 1 1 1 1 1 1 1 1 1 1 1 1 1 1 1 1 1 1 1 1 1 1 1 0.6 0.6 0.6 1 1 1 1 1 1 1 1 1 1 1 1 1 0.6 0.6 0.6 1 0.6 0.6 0.6 1 1 1 1 1 0.6 0.6 0.6 1 1 1 1 1 1 1 1 1 1 1 1 1 1 1 1 1 0.5019608 0.5019608 0.5019608 1 0.5019608 0.5019608 0.5019608 1 0.5019608 0.5019608 0.5019608 1 0.5019608 0.5019608 0.5019608 1 0.5019608 0.5019608 0.5019608 1 0.5019608 0.5019608 0.5019608 1 0.5019608 0.5019608 0.5019608 1 0.5019608 0.5019608 0.5019608 1 0.5019608 0.5019608 0.5019608 1 0.5019608 0.5019608 0.5019608 1 0.5019608 0.5019608 0.5019608 1 0.5019608 0.5019608 0.5019608 1 0.5019608 0.5019608 0.5019608 1 0.5019608 0.5019608 0.5019608 1 0.5019608 0.5019608 0.5019608 1 0.5019608 0.5019608 0.5019608 1 0.5019608 0.5019608 0.5019608 1 0.5019608 0.5019608 0.5019608 1 1 1 1 1 1 1 1 1 1 1 1 1 1 1 1 1 1 1 1 1 1 1 1 1 0.6 0.6 0.6 1 1 1 1 1 1 1 1 1 1 1 1 1 0.5019608 0.5019608 0.5019608 1 1 1 1 1 0.5019608 0.5019608 0.5019608 1 0.5019608 0.5019608 0.5019608 1 1 1 1 1 0.5019608 0.5019608 0.5019608 1 0.5019608 0.5019608 0.5019608 1 1 1 1 1 0.5019608 0.5019608 0.5019608 1 0.5019608 0.5019608 0.5019608 1 0.5019608 0.5019608 0.5019608 1 0.5019608 0.5019608 0.5019608 1 0.5019608 0.5019608 0.5019608 1 0.5019608 0.5019608 0.5019608 1 0.5019608 0.5019608 0.5019608 1 0.5019608 0.5019608 0.5019608 1 0.5019608 0.5019608 0.5019608 1 0.5019608 0.5019608 0.5019608 1 0.5019608 0.5019608 0.5019608 1 0.5019608 0.5019608 0.5019608 1 0.5019608 0.5019608 0.5019608 1 0.5019608 0.5019608 0.5019608 1 0.5019608 0.5019608 0.5019608 1 0.5019608 0.5019608 0.5019608 1 0.5019608 0.5019608 0.5019608 1 0.5019608 0.5019608 0.5019608 1 0.5019608 0.5019608 0.5019608 1 0.5019608 0.5019608 0.5019608 1 0.5019608 0.5019608 0.5019608 1 0.5019608 0.5019608 0.5019608 1 0.5019608 0.5019608 0.5019608 1 0.5019608 0.5019608 0.5019608 1 0.5019608 0.5019608 0.5019608 1 0.5019608 0.5019608 0.5019608 1 0.5019608 0.5019608 0.5019608 1 1 1 1 1 0.5019608 0.5019608 0.5019608 1 1 1 1 1 0.5019608 0.5019608 0.5019608 1 0.5019608 0.5019608 0.5019608 1 1 1 1 1 0.5019608 0.5019608 0.5019608 1 0.5019608 0.5019608 0.5019608 1 1 1 1 1 0.5019608 0.5019608 0.5019608 1 0.5019608 0.5019608 0.5019608 1 0.5019608 0.5019608 0.5019608 1 0.5019608 0.5019608 0.5019608 1 0.5019608 0.5019608 0.5019608 1 0.5019608 0.5019608 0.5019608 1 0.5019608 0.5019608 0.5019608 1 0.5019608 0.5019608 0.5019608 1 0.5019608 0.5019608 0.5019608 1 0.5019608 0.5019608 0.5019608 1 0.5019608 0.5019608 0.5019608 1 0.5019608 0.5019608 0.5019608 1 0.5019608 0.5019608 0.5019608 1 0.5019608 0.5019608 0.5019608 1 0.5019608 0.5019608 0.5019608 1 0.5019608 0.5019608 0.5019608 1 0.5019608 0.5019608 0.5019608 1 0.5019608 0.5019608 0.5019608 1 0.5019608 0.5019608 0.5019608 1 0.5019608 0.5019608 0.5019608 1 0.5019608 0.5019608 0.5019608 1 0.5019608 0.5019608 0.5019608 1 0.5019608 0.5019608 0.5019608 1 0.5019608 0.5019608 0.5019608 1 0.5019608 0.5019608 0.5019608 1 0.5019608 0.5019608 0.5019608 1 0.5019608 0.5019608 0.5019608 1 0.5019608 0.5019608 0.5019608 1 0.5019608 0.5019608 0.5019608 1 0.5019608 0.5019608 0.5019608 1 0.5019608 0.5019608 0.5019608 1 0.5019608 0.5019608 0.5019608 1 0.5019608 0.5019608 0.5019608 1 0.5019608 0.5019608 0.5019608 1 0.5019608 0.5019608 0.5019608 1 0.5019608 0.5019608 0.5019608 1 0.5019608 0.5019608 0.5019608 1 0.5019608 0.5019608 0.5019608 1 0.5019608 0.5019608 0.5019608 1 0.5019608 0.5019608 0.5019608 1 0.5019608 0.5019608 0.5019608 1 0.5019608 0.5019608 0.5019608 1 0.5019608 0.5019608 0.5019608 1 0.5019608 0.5019608 0.5019608 1 0.5019608 0.5019608 0.5019608 1 0.5019608 0.5019608 0.5019608 1 0.5019608 0.5019608 0.5019608 1 0.5019608 0.5019608 0.5019608 1 0.5019608 0.5019608 0.5019608 1 0.5019608 0.5019608 0.5019608 1 0.5019608 0.5019608 0.5019608 1 0.5019608 0.5019608 0.5019608 1 0.5019608 0.5019608 0.5019608 1 0.5019608 0.5019608 0.5019608 1 1 1 1 1 0.6980392 0.6980392 0.6980392 1 0.5019608 0.5019608 0.5019608 1 1 1 1 1 0.6980392 0.6980392 0.6980392 1 1 1 1 1 1 1 1 1 1 1 1 1 1 1 1 1 0.5019608 0.5019608 0.5019608 1 0.5019608 0.5019608 0.5019608 1 0.5019608 0.5019608 0.5019608 1 0.5019608 0.5019608 0.5019608 1 0.5019608 0.5019608 0.5019608 1 0.5019608 0.5019608 0.5019608 1 0.5019608 0.5019608 0.5019608 1 0.5019608 0.5019608 0.5019608 1 0.5019608 0.5019608 0.5019608 1 1 1 1 1 0.5019608 0.5019608 0.5019608 1 1 1 1 1 0.5019608 0.5019608 0.5019608 1 0.5019608 0.5019608 0.5019608 1 1 1 1 1 0.5019608 0.5019608 0.5019608 1 0.5019608 0.5019608 0.5019608 1 1 1 1 1 0.5019608 0.5019608 0.5019608 1 0.5019608 0.5019608 0.5019608 1 0.5019608 0.5019608 0.5019608 1 0.5019608 0.5019608 0.5019608 1 0.5019608 0.5019608 0.5019608 1 0.5019608 0.5019608 0.5019608 1 0.5019608 0.5019608 0.5019608 1 0.5019608 0.5019608 0.5019608 1 0.5019608 0.5019608 0.5019608 1 0.5019608 0.5019608 0.5019608 1 0.5019608 0.5019608 0.5019608 1 0.5019608 0.5019608 0.5019608 1 0.5019608 0.5019608 0.5019608 1 0.5019608 0.5019608 0.5019608 1 0.5019608 0.5019608 0.5019608 1 0.5019608 0.5019608 0.5019608 1 0.5019608 0.5019608 0.5019608 1 0.5019608 0.5019608 0.5019608 1 1 1 1 1 0.5019608 0.5019608 0.5019608 1 1 1 1 1 0.5019608 0.5019608 0.5019608 1 0.5019608 0.5019608 0.5019608 1 1 1 1 1 0.5019608 0.5019608 0.5019608 1 0.5019608 0.5019608 0.5019608 1 1 1 1 1 1 1 1 1 1 1 1 1 0.6 0.6 0.6 1 1 1 1 1 1 1 1 1 1 1 1 1 1 1 1 1 1 1 1 1 1 1 1 1 0.5019608 0.5019608 0.5019608 1 0.5019608 0.5019608 0.5019608 1 0.5019608 0.5019608 0.5019608 1 0.5019608 0.5019608 0.5019608 1 0.5019608 0.5019608 0.5019608 1 0.5019608 0.5019608 0.5019608 1 0.5019608 0.5019608 0.5019608 1 0.5019608 0.5019608 0.5019608 1 0.5019608 0.5019608 0.5019608 1 0.5019608 0.5019608 0.5019608 1 1 1 1 1 0.8 0.8 0.8 1 0.5019608 0.5019608 0.5019608 1 1 1 1 1 0.5019608 0.5019608 0.5019608 1 0.8 0.8 0.8 1 0.5019608 0.5019608 0.5019608 1 1 1 1 1 0.5019608 0.5019608 0.5019608 1 0.5019608 0.5019608 0.5019608 1 0.8 0.8 0.8 1 0.5019608 0.5019608 0.5019608 1 0.5019608 0.5019608 0.5019608 1 0.5019608 0.5019608 0.5019608 1 0.5019608 0.5019608 0.5019608 1 0.5019608 0.5019608 0.5019608 1 0.5019608 0.5019608 0.5019608 1 0.5019608 0.5019608 0.5019608 1 0.5019608 0.5019608 0.5019608 1 0.5019608 0.5019608 0.5019608 1 0.5019608 0.5019608 0.5019608 1 0.5019608 0.5019608 0.5019608 1 0.5019608 0.5019608 0.5019608 1 0.5019608 0.5019608 0.5019608 1 0.5019608 0.5019608 0.5019608 1 0.5019608 0.5019608 0.5019608 1 0.5019608 0.5019608 0.5019608 1 0.5019608 0.5019608 0.5019608 1 0.5019608 0.5019608 0.5019608 1 0.8 0.8 0.8 1 0.5019608 0.5019608 0.5019608 1 0.5019608 0.5019608 0.5019608 1 1 1 1 1 0.5019608 0.5019608 0.5019608 1 0.8 0.8 0.8 1 0.5019608 0.5019608 0.5019608 1 0.5019608 0.5019608 0.5019608 1 0.5019608 0.5019608 0.5019608 1 0.5019608 0.5019608 0.5019608 1 0.5019608 0.5019608 0.5019608 1 0.5019608 0.5019608 0.5019608 1 0.5019608 0.5019608 0.5019608 1 1 1 1 1 0.8 0.8 0.8 1 0.5019608 0.5019608 0.5019608 1 1 1 1 1 0.5019608 0.5019608 0.5019608 1 1 1 1 1 0.9254902 0.9254902 0.9254902 1 0.9333333 0.9333333 0.9333333 1 1 1 1 1 0.9254902 0.9254902 0.9254902 1 1 1 1 1 0.5019608 0.5019608 0.5019608 1 0.5019608 0.5019608 0.5019608 1 0.5019608 0.5019608 0.5019608 1 0.5019608 0.5019608 0.5019608 1 0.5019608 0.5019608 0.5019608 1 0.5019608 0.5019608 0.5019608 1 0.5019608 0.5019608 0.5019608 1 0.5019608 0.5019608 0.5019608 1 1 1 1 1 0.5019608 0.5019608 0.5019608 1 0.5019608 0.5019608 0.5019608 1 0.5019608 0.5019608 0.5019608 1 0.5019608 0.5019608 0.5019608 1 0.5019608 0.5019608 0.5019608 1 0.5019608 0.5019608 0.5019608 1 0.5019608 0.5019608 0.5019608 1 0.5019608 0.5019608 0.5019608 1 0.5019608 0.5019608 0.5019608 1 0.5019608 0.5019608 0.5019608 1 1 1 1 1 0.5019608 0.5019608 0.5019608 1 0.8 0.8 0.8 1 1 1 1 1 0.5019608 0.5019608 0.5019608 1 1 1 1 1 0.5019608 0.5019608 0.5019608 1 1 1 1 1 0.5019608 0.5019608 0.5019608 1 0.5019608 0.5019608 0.5019608 1 1 1 1 1 0.5019608 0.5019608 0.5019608 1 0.5019608 0.5019608 0.5019608 1 0.5019608 0.5019608 0.5019608 1 0.5019608 0.5019608 0.5019608 1 0.5019608 0.5019608 0.5019608 1 0.5019608 0.5019608 0.5019608 1 0.5019608 0.5019608 0.5019608 1 1 1 1 1 1 1 1 1 0.5019608 0.5019608 0.5019608 1 1 1 1 1 0.5019608 0.5019608 0.5019608 1 0.5019608 0.5019608 0.5019608 1 0.5019608 0.5019608 0.5019608 1 0.5019608 0.5019608 0.5019608 1 0.5019608 0.5019608 0.5019608 1 0.5019608 0.5019608 0.5019608 1 0.5019608 0.5019608 0.5019608 1 0.5019608 0.5019608 0.5019608 1 1 1 1 1 0.8 0.8 0.8 1 0.5019608 0.5019608 0.5019608 1 1 1 1 1 0.5019608 0.5019608 0.5019608 1 0.5019608 0.5019608 0.5019608 1 0.5019608 0.5019608 0.5019608 1 0.5019608 0.5019608 0.5019608 1 0.5019608 0.5019608 0.5019608 1 0.5019608 0.5019608 0.5019608 1 0.5019608 0.5019608 0.5019608 1 0.5019608 0.5019608 0.5019608 1 1 1 1 1 0.8 0.8 0.8 1 0.5019608 0.5019608 0.5019608 1 1 1 1 1 0.5019608 0.5019608 0.5019608 1 0.5019608 0.5019608 0.5019608 1 0.5019608 0.5019608 0.5019608 1 0.5019608 0.5019608 0.5019608 1 0.5019608 0.5019608 0.5019608 1 0.5019608 0.5019608 0.5019608 1 0.5019608 0.5019608 0.5019608 1 0.8 0.8 0.8 1 0.5019608 0.5019608 0.5019608 1 0.5019608 0.5019608 0.5019608 1 1 1 1 1 0.5019608 0.5019608 0.5019608 1 0.8 0.8 0.8 1 0.5019608 0.5019608 0.5019608 1 1 1 1 1 0.5019608 0.5019608 0.5019608 1 0.8 0.8 0.8 1 1 1 1 1 0.5019608 0.5019608 0.5019608 1 0.5019608 0.5019608 0.5019608 1 0.5019608 0.5019608 0.5019608 1 0.5019608 0.5019608 0.5019608 1 0.5019608 0.5019608 0.5019608 1 0.5019608 0.5019608 0.5019608 1 0.5019608 0.5019608 0.5019608 1 0.5019608 0.5019608 0.5019608 1 0.5019608 0.5019608 0.5019608 1 0.5019608 0.5019608 0.5019608 1 0.5019608 0.5019608 0.5019608 1 0.5019608 0.5019608 0.5019608 1 0.5019608 0.5019608 0.5019608 1 0.5019608 0.5019608 0.5019608 1 0.5019608 0.5019608 0.5019608 1 0.5019608 0.5019608 0.5019608 1 0.5019608 0.5019608 0.5019608 1 0.5019608 0.5019608 0.5019608 1 0.5019608 0.5019608 0.5019608 1 0.5019608 0.5019608 0.5019608 1 1 1 1 1 0.5019608 0.5019608 0.5019608 1 0.8 0.8 0.8 1 1 1 1 1 0.5019608 0.5019608 0.5019608 1 1 1 1 1 0.5019608 0.5019608 0.5019608 1 1 1 1 1 0.5019608 0.5019608 0.5019608 1 0.5019608 0.5019608 0.5019608 1 1 1 1 1 1 1 1 1 0.9254902 0.9254902 0.9254902 1 0.9333333 0.9333333 0.9333333 1 1 1 1 1 0.9254902 0.9254902 0.9254902 1 1 1 1 1 0.5019608 0.5019608 0.5019608 1 1 1 1 1 1 1 1 1 0.5019608 0.5019608 0.5019608 1 1 1 1 1 0.5019608 0.5019608 0.5019608 1 0.8 0.8 0.8 1 0.5019608 0.5019608 0.5019608 1 1 1 1 1 0.5019608 0.5019608 0.5019608 1 0.5019608 0.5019608 0.5019608 1 0.8 0.8 0.8 1 0.5019608 0.5019608 0.5019608 1 0.5019608 0.5019608 0.5019608 1 0.5019608 0.5019608 0.5019608 1 0.5019608 0.5019608 0.5019608 1 0.5019608 0.5019608 0.5019608 1 0.5019608 0.5019608 0.5019608 1 0.5019608 0.5019608 0.5019608 1 0.5019608 0.5019608 0.5019608 1 0.5019608 0.5019608 0.5019608 1 0.5019608 0.5019608 0.5019608 1 0.5019608 0.5019608 0.5019608 1 0.5019608 0.5019608 0.5019608 1 0.5019608 0.5019608 0.5019608 1 0.5019608 0.5019608 0.5019608 1 0.5019608 0.5019608 0.5019608 1 0.5019608 0.5019608 0.5019608 1 0.5019608 0.5019608 0.5019608 1 0.5019608 0.5019608 0.5019608 1 0.8 0.8 0.8 1 0.5019608 0.5019608 0.5019608 1 0.5019608 0.5019608 0.5019608 1 1 1 1 1 0.5019608 0.5019608 0.5019608 1 0.8 0.8 0.8 1 1 1 1 1 0.5019608 0.5019608 0.5019608 1 0.5019608 0.5019608 0.5019608 1 1 1 1 1 0.5019608 0.5019608 0.5019608 1 1 1 1 1 0.5019608 0.5019608 0.5019608 1 0.5019608 0.5019608 0.5019608 1 0.5019608 0.5019608 0.5019608 1 0.5019608 0.5019608 0.5019608 1 0.5019608 0.5019608 0.5019608 1 0.5019608 0.5019608 0.5019608 1 0.5019608 0.5019608 0.5019608 1 1 1 1 1 0.5019608 0.5019608 0.5019608 1 1 1 1 1 1 1 1 1 0.5019608 0.5019608 0.5019608 1 0.5019608 0.5019608 0.5019608 1 0.5019608 0.5019608 0.5019608 1 0.5019608 0.5019608 0.5019608 1 0.5019608 0.5019608 0.5019608 1 0.5019608 0.5019608 0.5019608 1 0.5019608 0.5019608 0.5019608 1 0.5019608 0.5019608 0.5019608 1 0.5019608 0.5019608 0.5019608 1 0.5019608 0.5019608 0.5019608 1 0.5019608 0.5019608 0.5019608 1 0.5019608 0.5019608 0.5019608 1 0.5019608 0.5019608 0.5019608 1 0.5019608 0.5019608 0.5019608 1 0.5019608 0.5019608 0.5019608 1 0.5019608 0.5019608 0.5019608 1 0.5019608 0.5019608 0.5019608 1 0.5019608 0.5019608 0.5019608 1 0.5019608 0.5019608 0.5019608 1 0.5019608 0.5019608 0.5019608 1 0.5019608 0.5019608 0.5019608 1 0.5019608 0.5019608 0.5019608 1 0.5019608 0.5019608 0.5019608 1 0.5019608 0.5019608 0.5019608 1 0.5019608 0.5019608 0.5019608 1 0.5019608 0.5019608 0.5019608 1 0.5019608 0.5019608 0.5019608 1 0.5019608 0.5019608 0.5019608 1 0.5019608 0.5019608 0.5019608 1 0.5019608 0.5019608 0.5019608 1 0.5019608 0.5019608 0.5019608 1 0.5019608 0.5019608 0.5019608 1 1 1 1 1 0.5019608 0.5019608 0.5019608 1 0.8 0.8 0.8 1 1 1 1 1 0.5019608 0.5019608 0.5019608 1 0.5019608 0.5019608 0.5019608 1 1 1 1 1 1 1 1 1 0.5019608 0.5019608 0.5019608 1 1 1 1 1 0.5019608 0.5019608 0.5019608 1 0.5019608 0.5019608 0.5019608 1 1 1 1 1 0.8 0.8 0.8 1 0.5019608 0.5019608 0.5019608 1 1 1 1 1 0.5019608 0.5019608 0.5019608 1 0.5019608 0.5019608 0.5019608 1 0.5019608 0.5019608 0.5019608 1 0.5019608 0.5019608 0.5019608 1 0.5019608 0.5019608 0.5019608 1 0.5019608 0.5019608 0.5019608 1 0.5019608 0.5019608 0.5019608 1 1 1 1 1 1 1 1 1 1 1 1 1 1 1 1 1 1 1 1 1 1 1 1 1 1 1 1 1 0.9294118 0.9294118 0.9294118 1 0.9333333 0.9333333 0.9333333 1 1 1 1 1 0.9294118 0.9294118 0.9294118 1 1 1 1 1 0.5019608 0.5019608 0.5019608 1 0.5019608 0.5019608 0.5019608 1 0.5019608 0.5019608 0.5019608 1 0.5019608 0.5019608 0.5019608 1 0.5019608 0.5019608 0.5019608 1 0.5019608 0.5019608 0.5019608 1 0.5019608 0.5019608 0.5019608 1 0.5019608 0.5019608 0.5019608 1 0.5019608 0.5019608 0.5019608 1 0.5019608 0.5019608 0.5019608 1 0.5019608 0.5019608 0.5019608 1 0.5019608 0.5019608 0.5019608 1 0.5019608 0.5019608 0.5019608 1 0.5019608 0.5019608 0.5019608 1 0.5019608 0.5019608 0.5019608 1 0.5019608 0.5019608 0.5019608 1 0.5019608 0.5019608 0.5019608 1 0.5019608 0.5019608 0.5019608 1 0.5019608 0.5019608 0.5019608 1 0.5019608 0.5019608 0.5019608 1 0.5019608 0.5019608 0.5019608 1 0.5019608 0.5019608 0.5019608 1 0.5019608 0.5019608 0.5019608 1 0.5019608 0.5019608 0.5019608 1 0.8 0.8 0.8 1 0.5019608 0.5019608 0.5019608 1 1 1 1 1 0.5019608 0.5019608 0.5019608 1 0.5019608 0.5019608 0.5019608 1 0.8 0.8 0.8 1 0.5019608 0.5019608 0.5019608 1 1 1 1 1 1 1 1 1 0.5019608 0.5019608 0.5019608 1 1 1 1 1 0.5019608 0.5019608 0.5019608 1 1 1 1 1 0.5019608 0.5019608 0.5019608 1 1 1 1 1 0.5019608 0.5019608 0.5019608 1 0.5019608 0.5019608 0.5019608 1 1 1 1 1 0.5019608 0.5019608 0.5019608 1 1 1 1 1 0.5019608 0.5019608 0.5019608 1 0.8 0.8 0.8 1 1 1 1 1 0.5019608 0.5019608 0.5019608 1 0.5019608 0.5019608 0.5019608 1 0.5019608 0.5019608 0.5019608 1 0.5019608 0.5019608 0.5019608 1 0.5019608 0.5019608 0.5019608 1 0.5019608 0.5019608 0.5019608 1 0.5019608 0.5019608 0.5019608 1 0.8 0.8 0.8 1 0.5019608 0.5019608 0.5019608 1 0.5019608 0.5019608 0.5019608 1 1 1 1 1 0.5019608 0.5019608 0.5019608 1 0.8 0.8 0.8 1 0.5019608 0.5019608 0.5019608 1 0.5019608 0.5019608 0.5019608 1 0.5019608 0.5019608 0.5019608 1 0.5019608 0.5019608 0.5019608 1 0.5019608 0.5019608 0.5019608 1 0.5019608 0.5019608 0.5019608 1 0.5019608 0.5019608 0.5019608 1 1 1 1 1 0.5019608 0.5019608 0.5019608 1 0.8 0.8 0.8 1 1 1 1 1 0.5019608 0.5019608 0.5019608 1 1 1 1 1 0.5019608 0.5019608 0.5019608 1 1 1 1 1 0.5019608 0.5019608 0.5019608 1 0.5019608 0.5019608 0.5019608 1 1 1 1 1 0.5019608 0.5019608 0.5019608 1 0.5019608 0.5019608 0.5019608 1 0.5019608 0.5019608 0.5019608 1 0.5019608 0.5019608 0.5019608 1 0.5019608 0.5019608 0.5019608 1 0.5019608 0.5019608 0.5019608 1 0.8 0.8 0.8 1 0.5019608 0.5019608 0.5019608 1 1 1 1 1 0.5019608 0.5019608 0.5019608 1 0.5019608 0.5019608 0.5019608 1 0.8 0.8 0.8 1 0.5019608 0.5019608 0.5019608 1 1 1 1 1 1 1 1 1 0.5019608 0.5019608 0.5019608 1 1 1 1 1 0.5019608 0.5019608 0.5019608 1 1 1 1 1 0.5019608 0.5019608 0.5019608 1 0.5019608 0.5019608 0.5019608 1 1 1 1 1 0.5019608 0.5019608 0.5019608 1 1 1 1 1 0.5019608 0.5019608 0.5019608 1 0.5019608 0.5019608 0.5019608 1 0.5019608 0.5019608 0.5019608 1 0.5019608 0.5019608 0.5019608 1 0.5019608 0.5019608 0.5019608 1 0.5019608 0.5019608 0.5019608 1 0.5019608 0.5019608 0.5019608 1 0.5019608 0.5019608 0.5019608 1 0.5019608 0.5019608 0.5019608 1 0.5019608 0.5019608 0.5019608 1 0.5019608 0.5019608 0.5019608 1 0.5019608 0.5019608 0.5019608 1 1 1 1 1 1 1 1 1 1 1 1 1 1 1 1 1 1 1 1 1 1 1 1 1 0.5019608 0.5019608 0.5019608 1 0.5019608 0.5019608 0.5019608 1 0.5019608 0.5019608 0.5019608 1 0.5019608 0.5019608 0.5019608 1 0.5019608 0.5019608 0.5019608 1 0.5019608 0.5019608 0.5019608 1 0.5019608 0.5019608 0.5019608 1 0.5019608 0.5019608 0.5019608 1 0.5019608 0.5019608 0.5019608 1 0.5019608 0.5019608 0.5019608 1 0.5019608 0.5019608 0.5019608 1 0.5019608 0.5019608 0.5019608 1 0.5019608 0.5019608 0.5019608 1 0.5019608 0.5019608 0.5019608 1 0.5019608 0.5019608 0.5019608 1 0.5019608 0.5019608 0.5019608 1 0.5019608 0.5019608 0.5019608 1 0.5019608 0.5019608 0.5019608 1 0.5019608 0.5019608 0.5019608 1 1 1 1 1 1 1 1 1 0.5019608 0.5019608 0.5019608 1 1 1 1 1 0.5019608 0.5019608 0.5019608 1 0.5019608 0.5019608 0.5019608 1 0.5019608 0.5019608 0.5019608 1 0.5019608 0.5019608 0.5019608 1 0.5019608 0.5019608 0.5019608 1 0.5019608 0.5019608 0.5019608 1 0.5019608 0.5019608 0.5019608 1 0.5019608 0.5019608 0.5019608 1 1 1 1 1 0.8 0.8 0.8 1 0.5019608 0.5019608 0.5019608 1 1 1 1 1 0.5019608 0.5019608 0.5019608 1 0.5019608 0.5019608 0.5019608 1 1 1 1 1 0.5019608 0.5019608 0.5019608 1 1 1 1 1 1 1 1 1 0.5019608 0.5019608 0.5019608 1 0.8 0.8 0.8 1 0.5019608 0.5019608 0.5019608 1 1 1 1 1 0.5019608 0.5019608 0.5019608 1 0.5019608 0.5019608 0.5019608 1 0.8 0.8 0.8 1 0.8 0.8 0.8 1 0.5019608 0.5019608 0.5019608 1 1 1 1 1 0.5019608 0.5019608 0.5019608 1 0.5019608 0.5019608 0.5019608 1 0.8 0.8 0.8 1 0.8 0.8 0.8 1 0.5019608 0.5019608 0.5019608 1 0.5019608 0.5019608 0.5019608 1 1 1 1 1 0.5019608 0.5019608 0.5019608 1 0.8 0.8 0.8 1 1 1 1 1 1 1 1 1 1 1 1 1 0.6980392 0.6980392 0.6980392 1 1 1 1 1 1 1 1 1 0.5019608 0.5019608 0.5019608 1 0.5019608 0.5019608 0.5019608 1 0.5019608 0.5019608 0.5019608 1 0.5019608 0.5019608 0.5019608 1 0.5019608 0.5019608 0.5019608 1 0.5019608 0.5019608 0.5019608 1 0.5019608 0.5019608 0.5019608 1 0.5019608 0.5019608 0.5019608 1 0.5019608 0.5019608 0.5019608 1 0.5019608 0.5019608 0.5019608 1 0.5019608 0.5019608 0.5019608 1 0.5019608 0.5019608 0.5019608 1 0.5019608 0.5019608 0.5019608 1 0.5019608 0.5019608 0.5019608 1 0.5019608 0.5019608 0.5019608 1 0.5019608 0.5019608 0.5019608 1 0.5019608 0.5019608 0.5019608 1 0.5019608 0.5019608 0.5019608 1 0.5019608 0.5019608 0.5019608 1 0.5019608 0.5019608 0.5019608 1 0.5019608 0.5019608 0.5019608 1 0.5019608 0.5019608 0.5019608 1 0.5019608 0.5019608 0.5019608 1 0.5019608 0.5019608 0.5019608 1 0.5019608 0.5019608 0.5019608 1 0.5019608 0.5019608 0.5019608 1 0.5019608 0.5019608 0.5019608 1 0.5019608 0.5019608 0.5019608 1 0.5019608 0.5019608 0.5019608 1 0.5019608 0.5019608 0.5019608 1 1 1 1 1 1 1 1 1 1 1 1 1 1 1 1 1 1 1 1 1 1 1 1 1 0.7254902 0.7254902 0.7254902 1 0.6980392 0.6980392 0.6980392 1 0.7176471 0.7176471 0.7176471 1 0.7960785 0.7960785 0.7960785 1 0.6980392 0.6980392 0.6980392 1 0.7254902 0.7254902 0.7254902 1 0.5019608 0.5019608 0.5019608 1 0.5019608 0.5019608 0.5019608 1 0.5019608 0.5019608 0.5019608 1 0.5019608 0.5019608 0.5019608 1 0.5019608 0.5019608 0.5019608 1 0.5019608 0.5019608 0.5019608 1 0.5019608 0.5019608 0.5019608 1 1 1 1 1 0.8 0.8 0.8 1 0.5019608 0.5019608 0.5019608 1 1 1 1 1 0.5019608 0.5019608 0.5019608 1 0.5019608 0.5019608 0.5019608 1 1 1 1 1 1 1 1 1 0.5019608 0.5019608 0.5019608 1 1 1 1 1 0.5019608 0.5019608 0.5019608 1 0.5019608 0.5019608 0.5019608 1 1 1 1 1 0.5019608 0.5019608 0.5019608 1 1 1 1 1 1 1 1 1 0.5019608 0.5019608 0.5019608 1 0.8 0.8 0.8 1 0.5019608 0.5019608 0.5019608 1 0.5019608 0.5019608 0.5019608 1 1 1 1 1 0.5019608 0.5019608 0.5019608 1 0.8 0.8 0.8 1 0.5019608 0.5019608 0.5019608 1 0.5019608 0.5019608 0.5019608 1 0.5019608 0.5019608 0.5019608 1 0.5019608 0.5019608 0.5019608 1 0.5019608 0.5019608 0.5019608 1 0.5019608 0.5019608 0.5019608 1 0.5019608 0.5019608 0.5019608 1 0.5019608 0.5019608 0.5019608 1 0.5019608 0.5019608 0.5019608 1 0.5019608 0.5019608 0.5019608 1 0.5019608 0.5019608 0.5019608 1 0.5019608 0.5019608 0.5019608 1 0.5019608 0.5019608 0.5019608 1 0.5019608 0.5019608 0.5019608 1 0.5019608 0.5019608 0.5019608 1 0.5019608 0.5019608 0.5019608 1 0.5019608 0.5019608 0.5019608 1 0.5019608 0.5019608 0.5019608 1 0.8 0.8 0.8 1 0.5019608 0.5019608 0.5019608 1 1 1 1 1 0.5019608 0.5019608 0.5019608 1 0.5019608 0.5019608 0.5019608 1 0.8 0.8 0.8 1 0.5019608 0.5019608 0.5019608 1 1 1 1 1 1 1 1 1 0.5019608 0.5019608 0.5019608 1 1 1 1 1 0.5019608 0.5019608 0.5019608 1 1 1 1 1 0.5019608 0.5019608 0.5019608 1 1 1 1 1 0.5019608 0.5019608 0.5019608 1 0.5019608 0.5019608 0.5019608 1 1 1 1 1 0.5019608 0.5019608 0.5019608 1 1 1 1 1 0.5019608 0.5019608 0.5019608 1 0.8 0.8 0.8 1 1 1 1 1 0.5019608 0.5019608 0.5019608 1 0.5019608 0.5019608 0.5019608 1 0.5019608 0.5019608 0.5019608 1 0.5019608 0.5019608 0.5019608 1 0.5019608 0.5019608 0.5019608 1 0.5019608 0.5019608 0.5019608 1 0.5019608 0.5019608 0.5019608 1 0.5019608 0.5019608 0.5019608 1 0.5019608 0.5019608 0.5019608 1 0.5019608 0.5019608 0.5019608 1 0.5019608 0.5019608 0.5019608 1 0.5019608 0.5019608 0.5019608 1 0.5019608 0.5019608 0.5019608 1 0.5019608 0.5019608 0.5019608 1 0.5019608 0.5019608 0.5019608 1 0.5019608 0.5019608 0.5019608 1 0.5019608 0.5019608 0.5019608 1 0.5019608 0.5019608 0.5019608 1 0.5019608 0.5019608 0.5019608 1 0.5019608 0.5019608 0.5019608 1 0.5019608 0.5019608 0.5019608 1 0.5019608 0.5019608 0.5019608 1 0.5019608 0.5019608 0.5019608 1 0.5019608 0.5019608 0.5019608 1 0.5019608 0.5019608 0.5019608 1 0.8 0.8 0.8 1 0.5019608 0.5019608 0.5019608 1 0.5019608 0.5019608 0.5019608 1 1 1 1 1 0.5019608 0.5019608 0.5019608 1 0.8 0.8 0.8 1 0.5019608 0.5019608 0.5019608 1 0.5019608 0.5019608 0.5019608 1 0.5019608 0.5019608 0.5019608 1 0.5019608 0.5019608 0.5019608 1 0.5019608 0.5019608 0.5019608 1 0.5019608 0.5019608 0.5019608 1 0.5019608 0.5019608 0.5019608 1 0.5019608 0.5019608 0.5019608 1 0.5019608 0.5019608 0.5019608 1 0.5019608 0.5019608 0.5019608 1 0.5019608 0.5019608 0.5019608 1 0.5019608 0.5019608 0.5019608 1 0.8 0.8 0.8 1 0.5019608 0.5019608 0.5019608 1 1 1 1 1 0.5019608 0.5019608 0.5019608 1 0.5019608 0.5019608 0.5019608 1 0.8 0.8 0.8 1 0.5019608 0.5019608 0.5019608 1 1 1 1 1 1 1 1 1 0.5019608 0.5019608 0.5019608 1 1 1 1 1 0.5019608 0.5019608 0.5019608 1 1 1 1 1 0.5019608 0.5019608 0.5019608 1 1 1 1 1 0.5019608 0.5019608 0.5019608 1 0.5019608 0.5019608 0.5019608 1 1 1 1 1 0.5019608 0.5019608 0.5019608 1 1 1 1 1 0.5019608 0.5019608 0.5019608 1 0.8 0.8 0.8 1 1 1 1 1 0.5019608 0.5019608 0.5019608 1 0.5019608 0.5019608 0.5019608 1 0.5019608 0.5019608 0.5019608 1 0.5019608 0.5019608 0.5019608 1 0.5019608 0.5019608 0.5019608 1 0.5019608 0.5019608 0.5019608 1 0.5019608 0.5019608 0.5019608 1 0.8 0.8 0.8 1 0.5019608 0.5019608 0.5019608 1 0.5019608 0.5019608 0.5019608 1 1 1 1 1 0.5019608 0.5019608 0.5019608 1 0.8 0.8 0.8 1 1 1 1 1 0.9254902 0.9254902 0.9254902 1 0.9333333 0.9333333 0.9333333 1 1 1 1 1 0.9254902 0.9254902 0.9254902 1 1 1 1 1 0.5019608 0.5019608 0.5019608 1 0.5019608 0.5019608 0.5019608 1 0.5019608 0.5019608 0.5019608 1 0.5019608 0.5019608 0.5019608 1 0.5019608 0.5019608 0.5019608 1 0.5019608 0.5019608 0.5019608 1 0.5019608 0.5019608 0.5019608 1 0.5019608 0.5019608 0.5019608 1 0.5019608 0.5019608 0.5019608 1 0.5019608 0.5019608 0.5019608 1 0.5019608 0.5019608 0.5019608 1 0.5019608 0.5019608 0.5019608 1 1 1 1 1 1 1 1 1 1 1 1 1 1 1 1 1 1 1 1 1 1 1 1 1 1 1 1 1 1 1 1 1 1 1 1 1 1 1 1 1 1 1 1 1 1 1 1 1 1 1 1 1 1 1 1 1 1 1 1 1 1 1 1 1 1 1 1 1 1 1 1 1 1 1 1 1 1 1 1 1 1 1 1 1 1 1 1 1 1 1 1 1 1 1 1 1 0.7254902 0.7254902 0.7254902 1 0.6980392 0.6980392 0.6980392 1 0.7176471 0.7176471 0.7176471 1 0.7960785 0.7960785 0.7960785 1 0.6980392 0.6980392 0.6980392 1 0.7254902 0.7254902 0.7254902 1 0.5019608 0.5019608 0.5019608 1 0.5019608 0.5019608 0.5019608 1 0.5019608 0.5019608 0.5019608 1 0.5019608 0.5019608 0.5019608 1 0.5019608 0.5019608 0.5019608 1 0.5019608 0.5019608 0.5019608 1 0.5019608 0.5019608 0.5019608 1 0.5019608 0.5019608 0.5019608 1 0.5019608 0.5019608 0.5019608 1 0.5019608 0.5019608 0.5019608 1 0.5019608 0.5019608 0.5019608 1 0.5019608 0.5019608 0.5019608 1 0.5019608 0.5019608 0.5019608 1 0.5019608 0.5019608 0.5019608 1 0.5019608 0.5019608 0.5019608 1 0.5019608 0.5019608 0.5019608 1 0.5019608 0.5019608 0.5019608 1 0.5019608 0.5019608 0.5019608 1 0.7254902 0.7254902 0.7254902 1 0.6980392 0.6980392 0.6980392 1 0.7176471 0.7176471 0.7176471 1 0.7960785 0.7960785 0.7960785 1 0.6980392 0.6980392 0.6980392 1 0.7254902 0.7254902 0.7254902 1 0.5019608 0.5019608 0.5019608 1 0.5019608 0.5019608 0.5019608 1 0.5019608 0.5019608 0.5019608 1 0.5019608 0.5019608 0.5019608 1 0.5019608 0.5019608 0.5019608 1 0.5019608 0.5019608 0.5019608 1 0.5019608 0.5019608 0.5019608 1 0.5019608 0.5019608 0.5019608 1 0.5019608 0.5019608 0.5019608 1 0.5019608 0.5019608 0.5019608 1 0.5019608 0.5019608 0.5019608 1 0.5019608 0.5019608 0.5019608 1 0.5019608 0.5019608 0.5019608 1 0.5019608 0.5019608 0.5019608 1 0.5019608 0.5019608 0.5019608 1 0.5019608 0.5019608 0.5019608 1 0.5019608 0.5019608 0.5019608 1 0.5019608 0.5019608 0.5019608 1 1 1 1 1 1 1 1 1 1 1 1 1 1 1 1 1 1 1 1 1 1 1 1 1 0.7254902 0.7254902 0.7254902 1 0.6980392 0.6980392 0.6980392 1 0.7176471 0.7176471 0.7176471 1 0.7960785 0.7960785 0.7960785 1 0.6980392 0.6980392 0.6980392 1 0.7254902 0.7254902 0.7254902 1 1 1 1 1 1 1 1 1 1 1 1 1 1 1 1 1 1 1 1 1 1 1 1 1 0.7254902 0.7254902 0.7254902 1 0.6980392 0.6980392 0.6980392 1 0.7176471 0.7176471 0.7176471 1 0.7960785 0.7960785 0.7960785 1 0.6980392 0.6980392 0.6980392 1 0.7254902 0.7254902 0.7254902 1 0.5019608 0.5019608 0.5019608 1 0.5019608 0.5019608 0.5019608 1 0.5019608 0.5019608 0.5019608 1 0.5019608 0.5019608 0.5019608 1 0.5019608 0.5019608 0.5019608 1 0.5019608 0.5019608 0.5019608 1 0.5019608 0.5019608 0.5019608 1 0.5019608 0.5019608 0.5019608 1 0.5019608 0.5019608 0.5019608 1 0.5019608 0.5019608 0.5019608 1 0.5019608 0.5019608 0.5019608 1 0.5019608 0.5019608 0.5019608 1 0.5019608 0.5019608 0.5019608 1 0.5019608 0.5019608 0.5019608 1 0.5019608 0.5019608 0.5019608 1 0.5019608 0.5019608 0.5019608 1 0.5019608 0.5019608 0.5019608 1 0.5019608 0.5019608 0.5019608 1 0.5019608 0.5019608 0.5019608 1 0.5019608 0.5019608 0.5019608 1 0.5019608 0.5019608 0.5019608 1 0.5019608 0.5019608 0.5019608 1 0.5019608 0.5019608 0.5019608 1 0.5019608 0.5019608 0.5019608 1 0.5019608 0.5019608 0.5019608 1 0.5019608 0.5019608 0.5019608 1 0.5019608 0.5019608 0.5019608 1 0.5019608 0.5019608 0.5019608 1 0.5019608 0.5019608 0.5019608 1 0.5019608 0.5019608 0.5019608 1 1 1 1 1 1 1 1 1 1 1 1 1 1 1 1 1 1 1 1 1 1 1 1 1 1 1 1 1 1 1 1 1 1 1 1 1 1 1 1 1 1 1 1 1 1 1 1 1 0.5019608 0.5019608 0.5019608 1 0.5019608 0.5019608 0.5019608 1 0.5019608 0.5019608 0.5019608 1 0.5019608 0.5019608 0.5019608 1 0.5019608 0.5019608 0.5019608 1 0.5019608 0.5019608 0.5019608 1 0.5019608 0.5019608 0.5019608 1 0.5019608 0.5019608 0.5019608 1 0.5019608 0.5019608 0.5019608 1 0.5019608 0.5019608 0.5019608 1 0.5019608 0.5019608 0.5019608 1 0.5019608 0.5019608 0.5019608 1 0.5019608 0.5019608 0.5019608 1 0.5019608 0.5019608 0.5019608 1 0.5019608 0.5019608 0.5019608 1 0.5019608 0.5019608 0.5019608 1 0.5019608 0.5019608 0.5019608 1 0.5019608 0.5019608 0.5019608 1 0.5019608 0.5019608 0.5019608 1 0.5019608 0.5019608 0.5019608 1 0.5019608 0.5019608 0.5019608 1 0.5019608 0.5019608 0.5019608 1 0.5019608 0.5019608 0.5019608 1 0.5019608 0.5019608 0.5019608 1 0.6 0.6 0.6 1 1 1 1 1 0.6 0.6 0.6 1 1 1 1 1 1 1 1 1 0.6 0.6 0.6 1 1 1 1 1 1 1 1 1 1 1 1 1 1 1 1 1 1 1 1 1 1 1 1 1 1 1 1 1 1 1 1 1 1 1 1 1 0.6980392 0.6980392 0.6980392 1 1 1 1 1 1 1 1 1 0.5019608 0.5019608 0.5019608 1 0.5019608 0.5019608 0.5019608 1 0.5019608 0.5019608 0.5019608 1 0.5019608 0.5019608 0.5019608 1 0.5019608 0.5019608 0.5019608 1 0.5019608 0.5019608 0.5019608 1 0.8 0.8 0.8 1 0.5019608 0.5019608 0.5019608 1 1 1 1 1 0.5019608 0.5019608 0.5019608 1 0.5019608 0.5019608 0.5019608 1 0.8 0.8 0.8 1 0.5019608 0.5019608 0.5019608 1 1 1 1 1 1 1 1 1 0.5019608 0.5019608 0.5019608 1 1 1 1 1 0.5019608 0.5019608 0.5019608 1 1 1 1 1 0.5019608 0.5019608 0.5019608 1 1 1 1 1 0.5019608 0.5019608 0.5019608 1 0.5019608 0.5019608 0.5019608 1 1 1 1 1 0.5019608 0.5019608 0.5019608 1 1 1 1 1 0.5019608 0.5019608 0.5019608 1 0.8 0.8 0.8 1 1 1 1 1 0.5019608 0.5019608 0.5019608 1 0.5019608 0.5019608 0.5019608 1 0.5019608 0.5019608 0.5019608 1 0.5019608 0.5019608 0.5019608 1 0.5019608 0.5019608 0.5019608 1 0.5019608 0.5019608 0.5019608 1 0.5019608 0.5019608 0.5019608 1 1 1 1 1 0.9254902 0.9254902 0.9254902 1 0.9333333 0.9333333 0.9333333 1 1 1 1 1 0.9254902 0.9254902 0.9254902 1 1 1 1 1 0.5019608 0.5019608 0.5019608 1 0.5019608 0.5019608 0.5019608 1 0.5019608 0.5019608 0.5019608 1 0.5019608 0.5019608 0.5019608 1 0.5019608 0.5019608 0.5019608 1 0.5019608 0.5019608 0.5019608 1 0.5019608 0.5019608 0.5019608 1 0.5019608 0.5019608 0.5019608 1 0.5019608 0.5019608 0.5019608 1 0.5019608 0.5019608 0.5019608 1 0.5019608 0.5019608 0.5019608 1 0.5019608 0.5019608 0.5019608 1 0.5019608 0.5019608 0.5019608 1 0.5019608 0.5019608 0.5019608 1 0.5019608 0.5019608 0.5019608 1 0.5019608 0.5019608 0.5019608 1 0.5019608 0.5019608 0.5019608 1 0.5019608 0.5019608 0.5019608 1 0.5019608 0.5019608 0.5019608 1 0.5019608 0.5019608 0.5019608 1 0.5019608 0.5019608 0.5019608 1 0.5019608 0.5019608 0.5019608 1 0.5019608 0.5019608 0.5019608 1 0.5019608 0.5019608 0.5019608 1 0.5019608 0.5019608 0.5019608 1 0.5019608 0.5019608 0.5019608 1 0.5019608 0.5019608 0.5019608 1 0.5019608 0.5019608 0.5019608 1 0.5019608 0.5019608 0.5019608 1 0.5019608 0.5019608 0.5019608 1 1 1 1 1 0.5019608 0.5019608 0.5019608 1 0.5019608 0.5019608 0.5019608 1 1 1 1 1 0.5019608 0.5019608 0.5019608 1 1 1 1 1 0.5019608 0.5019608 0.5019608 1 0.5019608 0.5019608 0.5019608 1 0.5019608 0.5019608 0.5019608 1 0.5019608 0.5019608 0.5019608 1 0.5019608 0.5019608 0.5019608 1 0.5019608 0.5019608 0.5019608 1 1 1 1 1 1 1 1 1 1 1 1 1 1 1 1 1 1 1 1 1 1 1 1 1 1 1 1 1 0.9294118 0.9294118 0.9294118 1 0.9333333 0.9333333 0.9333333 1 1 1 1 1 0.9294118 0.9294118 0.9294118 1 1 1 1 1 0.5019608 0.5019608 0.5019608 1 0.5019608 0.5019608 0.5019608 1 0.5019608 0.5019608 0.5019608 1 0.5019608 0.5019608 0.5019608 1 0.5019608 0.5019608 0.5019608 1 0.5019608 0.5019608 0.5019608 1 1 1 1 1 1 1 1 1 1 1 1 1 1 1 1 1 1 1 1 1 1 1 1 1 0.5019608 0.5019608 0.5019608 1 0.5019608 0.5019608 0.5019608 1 0.5019608 0.5019608 0.5019608 1 0.5019608 0.5019608 0.5019608 1 0.5019608 0.5019608 0.5019608 1 0.5019608 0.5019608 0.5019608 1 1 1 1 1 0.5019608 0.5019608 0.5019608 1 0.5019608 0.5019608 0.5019608 1 1 1 1 1 0.5019608 0.5019608 0.5019608 1 1 1 1 1 0.5019608 0.5019608 0.5019608 1 0.5019608 0.5019608 0.5019608 1 0.5019608 0.5019608 0.5019608 1 0.5019608 0.5019608 0.5019608 1 0.5019608 0.5019608 0.5019608 1 0.5019608 0.5019608 0.5019608 1 0.5019608 0.5019608 0.5019608 1 0.5019608 0.5019608 0.5019608 1 0.5019608 0.5019608 0.5019608 1 0.5019608 0.5019608 0.5019608 1 0.5019608 0.5019608 0.5019608 1 0.5019608 0.5019608 0.5019608 1 0.5019608 0.5019608 0.5019608 1 0.5019608 0.5019608 0.5019608 1 0.5019608 0.5019608 0.5019608 1 0.5019608 0.5019608 0.5019608 1 0.5019608 0.5019608 0.5019608 1 0.5019608 0.5019608 0.5019608 1 1 1 1 1 0.9254902 0.9254902 0.9254902 1 0.9333333 0.9333333 0.9333333 1 1 1 1 1 0.9254902 0.9254902 0.9254902 1 1 1 1 1 0.5019608 0.5019608 0.5019608 1 0.5019608 0.5019608 0.5019608 1 0.5019608 0.5019608 0.5019608 1 0.5019608 0.5019608 0.5019608 1 0.5019608 0.5019608 0.5019608 1 0.5019608 0.5019608 0.5019608 1 0.5019608 0.5019608 0.5019608 1 0.5019608 0.5019608 0.5019608 1 0.5019608 0.5019608 0.5019608 1 0.5019608 0.5019608 0.5019608 1 0.5019608 0.5019608 0.5019608 1 0.5019608 0.5019608 0.5019608 1 0.5019608 0.5019608 0.5019608 1 0.5019608 0.5019608 0.5019608 1 0.5019608 0.5019608 0.5019608 1 0.5019608 0.5019608 0.5019608 1 0.5019608 0.5019608 0.5019608 1 0.5019608 0.5019608 0.5019608 1 0.5019608 0.5019608 0.5019608 1 0.5019608 0.5019608 0.5019608 1 0.5019608 0.5019608 0.5019608 1 0.5019608 0.5019608 0.5019608 1 0.5019608 0.5019608 0.5019608 1 0.5019608 0.5019608 0.5019608 1 0.8 0.8 0.8 1 0.5019608 0.5019608 0.5019608 1 0.5019608 0.5019608 0.5019608 1 1 1 1 1 0.5019608 0.5019608 0.5019608 1 0.8 0.8 0.8 1 0.5019608 0.5019608 0.5019608 1 0.5019608 0.5019608 0.5019608 1 0.5019608 0.5019608 0.5019608 1 0.5019608 0.5019608 0.5019608 1 0.5019608 0.5019608 0.5019608 1 0.5019608 0.5019608 0.5019608 1 0.5019608 0.5019608 0.5019608 1 0.5019608 0.5019608 0.5019608 1 0.5019608 0.5019608 0.5019608 1 0.5019608 0.5019608 0.5019608 1 0.5019608 0.5019608 0.5019608 1 0.5019608 0.5019608 0.5019608 1 1 1 1 1 0.5019608 0.5019608 0.5019608 1 0.5019608 0.5019608 0.5019608 1 1 1 1 1 0.5019608 0.5019608 0.5019608 1 1 1 1 1 0.5019608 0.5019608 0.5019608 1 0.5019608 0.5019608 0.5019608 1 0.5019608 0.5019608 0.5019608 1 0.5019608 0.5019608 0.5019608 1 0.5019608 0.5019608 0.5019608 1 0.5019608 0.5019608 0.5019608 1 1 1 1 1 1 1 1 1 1 1 1 1 1 1 1 1 1 1 1 1 1 1 1 1 1 1 1 1 0.9294118 0.9294118 0.9294118 1 0.9333333 0.9333333 0.9333333 1 1 1 1 1 0.9294118 0.9294118 0.9294118 1 1 1 1 1 0.5019608 0.5019608 0.5019608 1 0.5019608 0.5019608 0.5019608 1 0.5019608 0.5019608 0.5019608 1 0.5019608 0.5019608 0.5019608 1 0.5019608 0.5019608 0.5019608 1 0.5019608 0.5019608 0.5019608 1 0.5019608 0.5019608 0.5019608 1 0.5019608 0.5019608 0.5019608 1 0.5019608 0.5019608 0.5019608 1 0.5019608 0.5019608 0.5019608 1 0.5019608 0.5019608 0.5019608 1 0.5019608 0.5019608 0.5019608 1 0.5019608 0.5019608 0.5019608 1 1 1 1 1 0.8 0.8 0.8 1 0.5019608 0.5019608 0.5019608 1 1 1 1 1 0.5019608 0.5019608 0.5019608 1 0.5019608 0.5019608 0.5019608 1 0.5019608 0.5019608 0.5019608 1 0.5019608 0.5019608 0.5019608 1 0.5019608 0.5019608 0.5019608 1 0.5019608 0.5019608 0.5019608 1 0.5019608 0.5019608 0.5019608 1 0.5019608 0.5019608 0.5019608 1 0.5019608 0.5019608 0.5019608 1 0.5019608 0.5019608 0.5019608 1 0.5019608 0.5019608 0.5019608 1 0.5019608 0.5019608 0.5019608 1 0.5019608 0.5019608 0.5019608 1 0.5019608 0.5019608 0.5019608 1 0.5019608 0.5019608 0.5019608 1 0.5019608 0.5019608 0.5019608 1 0.5019608 0.5019608 0.5019608 1 0.5019608 0.5019608 0.5019608 1 0.5019608 0.5019608 0.5019608 1 0.5019608 0.5019608 0.5019608 1 1 1 1 1 0.8 0.8 0.8 1 0.5019608 0.5019608 0.5019608 1 1 1 1 1 0.5019608 0.5019608 0.5019608 1 0.5019608 0.5019608 0.5019608 1 0.5019608 0.5019608 0.5019608 1 0.5019608 0.5019608 0.5019608 1 0.5019608 0.5019608 0.5019608 1 0.5019608 0.5019608 0.5019608 1 0.5019608 0.5019608 0.5019608 1 0.5019608 0.5019608 0.5019608 1 0.5019608 0.5019608 0.5019608 1 0.5019608 0.5019608 0.5019608 1 0.5019608 0.5019608 0.5019608 1 0.5019608 0.5019608 0.5019608 1 0.5019608 0.5019608 0.5019608 1 0.5019608 0.5019608 0.5019608 1 0.5019608 0.5019608 0.5019608 1 0.5019608 0.5019608 0.5019608 1 0.5019608 0.5019608 0.5019608 1 0.5019608 0.5019608 0.5019608 1 0.5019608 0.5019608 0.5019608 1 0.5019608 0.5019608 0.5019608 1 1 1 1 1 0.5019608 0.5019608 0.5019608 1 0.8 0.8 0.8 1 1 1 1 1 0.5019608 0.5019608 0.5019608 1 1 1 1 1 0.5019608 0.5019608 0.5019608 1 1 1 1 1 0.5019608 0.5019608 0.5019608 1 0.5019608 0.5019608 0.5019608 1 1 1 1 1 0.5019608 0.5019608 0.5019608 1 1 1 1 1 1 1 1 1 0.5019608 0.5019608 0.5019608 1 1 1 1 1 0.5019608 0.5019608 0.5019608 1 0.8 0.8 0.8 1 0.5019608 0.5019608 0.5019608 1 1 1 1 1 0.5019608 0.5019608 0.5019608 1 0.5019608 0.5019608 0.5019608 1 0.8 0.8 0.8 1 0.5019608 0.5019608 0.5019608 1 0.5019608 0.5019608 0.5019608 1 0.5019608 0.5019608 0.5019608 1 0.5019608 0.5019608 0.5019608 1 0.5019608 0.5019608 0.5019608 1 0.5019608 0.5019608 0.5019608 1 0.5019608 0.5019608 0.5019608 1 0.5019608 0.5019608 0.5019608 1 0.5019608 0.5019608 0.5019608 1 0.5019608 0.5019608 0.5019608 1 0.5019608 0.5019608 0.5019608 1 0.5019608 0.5019608 0.5019608 1 0.5019608 0.5019608 0.5019608 1 1 1 1 1 0.8 0.8 0.8 1 0.5019608 0.5019608 0.5019608 1 1 1 1 1 0.5019608 0.5019608 0.5019608 1 0.8 0.8 0.8 1 0.5019608 0.5019608 0.5019608 1 0.5019608 0.5019608 0.5019608 1 1 1 1 1 0.5019608 0.5019608 0.5019608 1 0.8 0.8 0.8 1 0.5019608 0.5019608 0.5019608 1 0.5019608 0.5019608 0.5019608 1 0.5019608 0.5019608 0.5019608 1 0.5019608 0.5019608 0.5019608 1 0.5019608 0.5019608 0.5019608 1 0.5019608 0.5019608 0.5019608 1 0.5019608 0.5019608 0.5019608 1 0.5019608 0.5019608 0.5019608 1 0.5019608 0.5019608 0.5019608 1 0.5019608 0.5019608 0.5019608 1 0.5019608 0.5019608 0.5019608 1 0.5019608 0.5019608 0.5019608 1 0.5019608 0.5019608 0.5019608 1 0.5019608 0.5019608 0.5019608 1 0.5019608 0.5019608 0.5019608 1 0.5019608 0.5019608 0.5019608 1 0.5019608 0.5019608 0.5019608 1 0.5019608 0.5019608 0.5019608 1 0.5019608 0.5019608 0.5019608 1 0.5019608 0.5019608 0.5019608 1 0.5019608 0.5019608 0.5019608 1 0.5019608 0.5019608 0.5019608 1 0.5019608 0.5019608 0.5019608 1 0.5019608 0.5019608 0.5019608 1 0.5019608 0.5019608 0.5019608 1 0.5019608 0.5019608 0.5019608 1 0.5019608 0.5019608 0.5019608 1 0.5019608 0.5019608 0.5019608 1 0.5019608 0.5019608 0.5019608 1 0.5019608 0.5019608 0.5019608 1 1 1 1 1 1 1 1 1 1 1 1 1 0.5019608 0.5019608 0.5019608 1 0.5019608 0.5019608 0.5019608 1 0.5019608 0.5019608 0.5019608 1 0.5019608 0.5019608 0.5019608 1 0.5019608 0.5019608 0.5019608 1 0.5019608 0.5019608 0.5019608 1 0.5019608 0.5019608 0.5019608 1 0.5019608 0.5019608 0.5019608 1 0.5019608 0.5019608 0.5019608 1 0.5019608 0.5019608 0.5019608 1 0.5019608 0.5019608 0.5019608 1 0.5019608 0.5019608 0.5019608 1 0.5019608 0.5019608 0.5019608 1 0.5019608 0.5019608 0.5019608 1 0.5019608 0.5019608 0.5019608 1 0.5019608 0.5019608 0.5019608 1 0.5019608 0.5019608 0.5019608 1 0.5019608 0.5019608 0.5019608 1 0.5019608 0.5019608 0.5019608 1 0.5019608 0.5019608 0.5019608 1 0.5019608 0.5019608 0.5019608 1 0.5019608 0.5019608 0.5019608 1 1 1 1 1 1 1 1 1 0.5019608 0.5019608 0.5019608 1 1 1 1 1 1 1 1 1 0.5019608 0.5019608 0.5019608 1 1 1 1 1 1 1 1 1 0.5019608 0.5019608 0.5019608 1 0.5019608 0.5019608 0.5019608 1 0.5019608 0.5019608 0.5019608 1 0.5019608 0.5019608 0.5019608 1 0.5019608 0.5019608 0.5019608 1 0.5019608 0.5019608 0.5019608 1 0.5019608 0.5019608 0.5019608 1 0.5019608 0.5019608 0.5019608 1 0.5019608 0.5019608 0.5019608 1 0.5019608 0.5019608 0.5019608 1 0.5019608 0.5019608 0.5019608 1 0.5019608 0.5019608 0.5019608 1 0.5019608 0.5019608 0.5019608 1 0.5019608 0.5019608 0.5019608 1 0.5019608 0.5019608 0.5019608 1 0.5019608 0.5019608 0.5019608 1 0.5019608 0.5019608 0.5019608 1 0.5019608 0.5019608 0.5019608 1 0.5019608 0.5019608 0.5019608 1 0.5019608 0.5019608 0.5019608 1 0.5019608 0.5019608 0.5019608 1 1 1 1 1 1 1 1 1 1 1 1 1 1 1 1 1 1 1 1 1 1 1 1 1 1 1 1 1 1 1 1 1 1 1 1 1 1 1 1 1 1 1 1 1 1 1 1 1 1 1 1 1 1 1 1 1 1 1 1 1 0.5019608 0.5019608 0.5019608 1 1 1 1 1 1 1 1 1 0.5019608 0.5019608 0.5019608 1 0.5019608 0.5019608 0.5019608 1 0.5019608 0.5019608 0.5019608 1 0.5019608 0.5019608 0.5019608 1 0.5019608 0.5019608 0.5019608 1 0.5019608 0.5019608 0.5019608 1 0.5019608 0.5019608 0.5019608 1 0.5019608 0.5019608 0.5019608 1 0.5019608 0.5019608 0.5019608 1 1 1 1 1 1 1 1 1 0.5019608 0.5019608 0.5019608 1 0.5019608 0.5019608 0.5019608 1 0.5019608 0.5019608 0.5019608 1 0.5019608 0.5019608 0.5019608 1 0.6980392 0.6980392 0.6980392 1 0.5019608 0.5019608 0.5019608 1 1 1 1 1 0.5019608 0.5019608 0.5019608 1 1 1 1 1 1 1 1 1 0.5019608 0.5019608 0.5019608 1 0.5019608 0.5019608 0.5019608 1 0.5019608 0.5019608 0.5019608 1 0.5019608 0.5019608 0.5019608 1 0.5019608 0.5019608 0.5019608 1 0.5019608 0.5019608 0.5019608 1 0.6980392 0.6980392 0.6980392 1 0.5019608 0.5019608 0.5019608 1 1 1 1 1 1 1 1 1 1 1 1 1 0.5019608 0.5019608 0.5019608 1 0.9294118 0.9294118 0.9294118 1 1 1 1 1 1 1 1 1 0.9333333 0.9333333 0.9333333 1 0.9333333 0.9333333 0.9333333 1 1 1 1 1 0.5019608 0.5019608 0.5019608 1 1 1 1 1 1 1 1 1 0.5019608 0.5019608 0.5019608 1 0.5019608 0.5019608 0.5019608 1 0.5019608 0.5019608 0.5019608 1 0.5019608 0.5019608 0.5019608 1 1 1 1 1 1 1 1 1 0.5019608 0.5019608 0.5019608 1 0.5019608 0.5019608 0.5019608 1 0.5019608 0.5019608 0.5019608 1 0.5019608 0.5019608 0.5019608 1 0.5019608 0.5019608 0.5019608 1 1 1 1 1 1 1 1 1 1 1 1 1 1 1 1 1</float_array>
          <technique_common>
            <accessor source="#mesh1_003-mesh-colors-colors1-array" count="2640" stride="4">
              <param name="R" type="float"/>
              <param name="G" type="float"/>
              <param name="B" type="float"/>
              <param name="A" type="float"/>
            </accessor>
          </technique_common>
        </source>
        <vertices id="mesh1_003-mesh-vertices">
          <input semantic="POSITION" source="#mesh1_003-mesh-positions"/>
        </vertices>
        <triangles material="lambert13_v_v_001-material" count="880">
          <input semantic="VERTEX" source="#mesh1_003-mesh-vertices" offset="0"/>
          <input semantic="NORMAL" source="#mesh1_003-mesh-normals" offset="1"/>
          <input semantic="TEXCOORD" source="#mesh1_003-mesh-map-0" offset="2" set="0"/>
          <input semantic="COLOR" source="#mesh1_003-mesh-colors-colors1" offset="3" set="0"/>
          <p>2 0 0 0 1 1 1 1 0 2 2 2 3 3 3 3 1 1 4 4 2 0 5 5 4 4 6 6 3 3 7 7 2 0 8 8 5 5 9 9 3 3 10 10 4 4 11 11 6 6 12 12 5 5 13 13 4 4 14 14 7 7 15 15 5 5 16 16 6 6 17 17 8 8 18 18 7 7 19 19 6 6 20 20 9 9 21 21 7 7 22 22 8 8 23 23 12 10 24 24 11 11 25 25 10 12 26 26 13 13 27 27 11 11 28 28 12 10 29 29 14 14 30 30 13 13 31 31 12 10 32 32 15 15 33 33 13 13 34 34 14 14 35 35 16 16 36 36 15 15 37 37 14 14 38 38 17 17 39 39 15 15 40 40 16 16 41 41 18 18 42 42 17 17 43 43 16 16 44 44 19 19 45 45 17 17 46 46 18 18 47 47 22 20 48 48 21 21 49 49 20 22 50 50 23 23 51 51 21 21 52 52 22 20 53 53 24 24 54 54 23 23 55 55 22 20 56 56 25 25 57 57 23 23 58 58 24 24 59 59 26 26 60 60 25 25 61 61 24 24 62 62 27 27 63 63 25 25 64 64 26 26 65 65 28 28 66 66 27 27 67 67 26 26 68 68 29 29 69 69 27 27 70 70 28 28 71 71 32 30 72 72 31 31 73 73 30 32 74 74 33 33 75 75 31 31 76 76 32 30 77 77 34 34 78 78 33 33 79 79 32 30 80 80 35 35 81 81 33 33 82 82 34 34 83 83 36 36 84 84 35 35 85 85 34 34 86 86 37 37 87 87 35 35 88 88 36 36 89 89 30 32 90 90 37 37 91 91 36 36 92 92 31 31 93 93 37 37 94 94 30 32 95 95 40 38 96 96 39 39 97 97 38 40 98 98 41 41 99 99 39 39 100 100 40 38 101 101 42 42 102 102 41 41 103 103 40 38 104 104 43 43 105 105 41 41 106 106 42 42 107 107 44 44 108 108 43 43 109 109 42 42 110 110 45 45 111 111 43 43 112 112 44 44 113 113 38 40 114 114 45 45 115 115 44 44 116 116 39 39 117 117 45 45 118 118 38 40 119 119 48 46 120 120 47 47 121 121 46 48 122 122 49 49 123 123 47 47 124 124 48 46 125 125 50 50 126 126 49 49 127 127 48 46 128 128 51 51 129 129 49 49 130 130 50 50 131 131 52 52 132 132 51 51 133 133 50 50 134 134 53 53 135 135 51 51 136 136 52 52 137 137 46 48 138 138 53 53 139 139 52 52 140 140 47 47 141 141 53 53 142 142 46 48 143 143 56 54 144 144 55 55 145 145 54 56 146 146 57 57 147 147 55 55 148 148 56 54 149 149 58 58 150 150 57 57 151 151 56 54 152 152 59 59 153 153 57 57 154 154 58 58 155 155 60 60 156 156 59 59 157 157 58 58 158 158 61 61 159 159 59 59 160 160 60 60 161 161 62 62 162 162 61 61 163 163 60 60 164 164 63 63 165 165 61 61 166 166 62 62 167 167 66 64 168 168 65 65 169 169 64 66 170 170 67 67 171 171 65 65 172 172 66 64 173 173 68 68 174 174 67 67 175 175 66 64 176 176 69 69 177 177 67 67 178 178 68 68 179 179 70 70 180 180 69 69 181 181 68 68 182 182 71 71 183 183 69 69 184 184 70 70 185 185 72 72 186 186 71 71 187 187 70 70 188 188 73 73 189 189 71 71 190 190 72 72 191 191 76 74 192 192 75 75 193 193 74 76 194 194 77 77 195 195 75 75 196 196 76 74 197 197 78 78 198 198 77 77 199 199 76 74 200 200 79 79 201 201 77 77 202 202 78 78 203 203 80 80 204 204 79 79 205 205 78 78 206 206 81 81 207 207 79 79 208 208 80 80 209 209 74 76 210 210 81 81 211 211 80 80 212 212 75 75 213 213 81 81 214 214 74 76 215 215 84 82 216 216 83 83 217 217 82 84 218 218 85 85 219 219 83 83 220 220 84 82 221 221 86 86 222 222 85 85 223 223 84 82 224 224 87 87 225 225 85 85 226 226 86 86 227 227 88 88 228 228 87 87 229 229 86 86 230 230 89 89 231 231 87 87 232 232 88 88 233 233 82 84 234 234 89 89 235 235 88 88 236 236 83 83 237 237 89 89 238 238 82 84 239 239 92 90 240 240 91 91 241 241 90 92 242 242 93 93 243 243 91 91 244 244 92 90 245 245 94 94 246 246 93 93 247 247 92 90 248 248 95 95 249 249 93 93 250 250 94 94 251 251 96 96 252 252 95 95 253 253 94 94 254 254 97 97 255 255 95 95 256 256 96 96 257 257 90 92 258 258 97 97 259 259 96 96 260 260 91 91 261 261 97 97 262 262 90 92 263 263 100 98 264 264 99 99 265 265 98 100 266 266 101 101 267 267 99 99 268 268 100 98 269 269 102 102 270 270 101 101 271 271 100 98 272 272 103 103 273 273 101 101 274 274 102 102 275 275 104 104 276 276 103 103 277 277 102 102 278 278 105 105 279 279 103 103 280 280 104 104 281 281 98 100 282 282 105 105 283 283 104 104 284 284 99 99 285 285 105 105 286 286 98 100 287 287 108 106 288 288 107 107 289 289 106 108 290 290 109 109 291 291 107 107 292 292 108 106 293 293 110 110 294 294 109 109 295 295 108 106 296 296 111 111 297 297 109 109 298 298 110 110 299 299 112 112 300 300 111 111 301 301 110 110 302 302 113 113 303 303 111 111 304 304 112 112 305 305 114 114 306 306 113 113 307 307 112 112 308 308 115 73 309 309 113 113 310 310 114 114 311 311 118 115 312 312 117 116 313 313 116 117 314 314 119 118 315 315 117 116 316 316 118 115 317 317 120 119 318 318 119 118 319 319 118 115 320 320 121 120 321 321 119 118 322 322 120 119 323 323 122 121 324 324 121 120 325 325 120 119 326 326 123 122 327 327 121 120 328 328 122 121 329 329 116 117 330 330 123 122 331 331 122 121 332 332 117 116 333 333 123 122 334 334 116 117 335 335 126 123 336 336 125 124 337 337 124 125 338 338 127 126 339 339 125 124 340 340 126 123 341 341 128 127 342 342 127 126 343 343 126 123 344 344 129 128 345 345 127 126 346 346 128 127 347 347 130 129 348 348 129 128 349 349 128 127 350 350 131 130 351 351 129 128 352 352 130 129 353 353 124 125 354 354 131 130 355 355 130 129 356 356 125 124 357 357 131 130 358 358 124 125 359 359 134 131 360 360 133 132 361 361 132 133 362 362 135 134 363 363 133 132 364 364 134 131 365 365 136 135 366 366 135 134 367 367 134 131 368 368 137 136 369 369 135 134 370 370 136 135 371 371 138 137 372 372 137 136 373 373 136 135 374 374 139 138 375 375 137 136 376 376 138 137 377 377 140 139 378 378 139 138 379 379 138 137 380 380 141 140 381 381 139 138 382 382 140 139 383 383 144 141 384 384 143 142 385 385 142 143 386 386 145 144 387 387 143 142 388 388 144 141 389 389 146 145 390 390 145 144 391 391 144 141 392 392 147 146 393 393 145 144 394 394 146 145 395 395 148 147 396 396 147 146 397 397 146 145 398 398 149 148 399 399 147 146 400 400 148 147 401 401 142 143 402 402 149 148 403 403 148 147 404 404 143 142 405 405 149 148 406 406 142 143 407 407 152 149 408 408 151 150 409 409 150 151 410 410 153 152 411 411 151 150 412 412 152 149 413 413 154 153 414 414 153 152 415 415 152 149 416 416 155 154 417 417 153 152 418 418 154 153 419 419 156 155 420 420 155 154 421 421 154 153 422 422 157 156 423 423 155 154 424 424 156 155 425 425 158 157 426 426 157 156 427 427 156 155 428 428 159 73 429 429 157 156 430 430 158 157 431 431 162 158 432 432 161 159 433 433 160 160 434 434 163 161 435 435 161 159 436 436 162 158 437 437 164 162 438 438 163 161 439 439 162 158 440 440 165 163 441 441 163 161 442 442 164 162 443 443 166 164 444 444 165 163 445 445 164 162 446 446 167 165 447 447 165 163 448 448 166 164 449 449 168 166 450 450 167 165 451 451 166 164 452 452 169 167 453 453 167 165 454 454 168 166 455 455 172 168 456 456 171 169 457 457 170 170 458 458 173 171 459 459 171 169 460 460 172 168 461 461 174 172 462 462 173 171 463 463 172 168 464 464 175 173 465 465 173 171 466 466 174 172 467 467 176 174 468 468 175 173 469 469 174 172 470 470 177 175 471 471 175 173 472 472 176 174 473 473 178 176 474 474 177 175 475 475 176 174 476 476 181 177 477 477 180 178 478 478 179 179 479 479 182 180 480 480 180 178 481 481 181 177 482 482 183 181 483 483 182 180 484 484 181 177 485 485 184 182 486 486 182 180 487 487 183 181 488 488 185 183 489 489 184 182 490 490 183 181 491 491 186 184 492 492 184 182 493 493 185 183 494 494 187 185 495 495 186 184 496 496 185 183 497 497 190 186 498 498 189 187 499 499 188 188 500 500 191 189 501 501 189 187 502 502 190 186 503 503 192 190 504 504 191 189 505 505 190 186 506 506 193 191 507 507 191 189 508 508 192 190 509 509 194 192 510 510 193 191 511 511 192 190 512 512 195 193 513 513 193 191 514 514 194 192 515 515 196 194 516 516 195 193 517 517 194 192 518 518 199 195 519 519 198 196 520 520 197 197 521 521 200 198 522 522 198 196 523 523 199 195 524 524 201 199 525 525 200 198 526 526 199 195 527 527 202 200 528 528 200 198 529 529 201 199 530 530 203 201 531 531 202 200 532 532 201 199 533 533 204 202 534 534 202 200 535 535 203 201 536 536 205 203 537 537 204 202 538 538 203 201 539 539 208 204 540 540 207 205 541 541 206 206 542 542 209 207 543 543 207 205 544 544 208 204 545 545 210 208 546 546 209 207 547 547 208 204 548 548 211 209 549 549 209 207 550 550 210 208 551 551 212 210 552 552 211 209 553 553 210 208 554 554 213 211 555 555 211 209 556 556 212 210 557 557 214 212 558 558 213 211 559 559 212 210 560 560 216 213 561 561 141 140 562 562 215 214 563 563 139 138 564 564 141 140 565 565 216 213 566 566 217 215 567 567 139 138 568 568 216 213 569 569 137 136 570 570 139 138 571 571 217 215 572 572 218 216 573 573 137 136 574 574 217 215 575 575 219 217 576 576 137 136 577 577 218 216 578 578 222 218 579 579 221 219 580 580 220 220 581 581 223 221 582 582 221 219 583 583 222 218 584 584 224 222 585 585 223 221 586 586 222 218 587 587 225 223 588 588 223 221 589 589 224 222 590 590 226 224 591 591 225 223 592 592 224 222 593 593 227 225 594 594 225 223 595 595 226 224 596 596 229 226 597 597 19 19 598 598 228 227 599 599 17 17 600 600 19 19 601 601 229 226 602 602 230 228 603 603 17 17 604 604 229 226 605 605 15 15 606 606 17 17 607 607 230 228 608 608 231 229 609 609 15 15 610 610 230 228 611 611 232 230 612 612 15 15 613 613 231 229 614 614 235 231 615 615 234 232 616 616 233 233 617 617 236 234 618 618 234 232 619 619 235 231 620 620 237 235 621 621 236 234 622 622 235 231 623 623 238 236 624 624 236 234 625 625 237 235 626 626 241 237 627 627 240 238 628 628 239 239 629 629 242 240 630 630 240 238 631 631 241 237 632 632 243 241 633 633 242 240 634 634 241 237 635 635 244 242 636 636 242 240 637 637 243 241 638 638 203 201 639 639 245 243 640 640 205 203 641 641 246 244 642 642 245 243 643 643 203 201 644 644 201 199 645 645 246 244 646 646 203 201 647 647 247 245 648 648 246 244 649 649 201 199 650 650 194 192 651 651 248 246 652 652 196 194 653 653 249 247 654 654 248 246 655 655 194 192 656 656 192 190 657 657 249 247 658 658 194 192 659 659 250 248 660 660 249 247 661 661 192 190 662 662 251 249 663 663 192 190 664 664 190 186 665 665 250 248 666 666 192 190 667 667 251 249 668 668 252 250 669 669 250 248 670 670 251 249 671 671 253 251 672 672 250 248 673 673 252 250 674 674 61 61 675 675 254 252 676 676 59 59 677 677 255 253 678 678 254 252 679 679 61 61 680 680 63 63 681 681 255 253 682 682 61 61 683 683 256 254 684 684 255 253 685 685 63 63 686 686 212 210 687 687 257 255 688 688 214 212 689 689 258 256 690 690 257 255 691 691 212 210 692 692 210 208 693 693 258 256 694 694 212 210 695 695 259 257 696 696 258 256 697 697 210 208 698 698 176 174 699 699 260 258 700 700 178 176 701 701 261 259 702 702 260 258 703 703 176 174 704 704 174 172 705 705 261 259 706 706 176 174 707 707 262 260 708 708 261 259 709 709 174 172 710 710 263 261 711 711 236 234 712 712 238 236 713 713 264 262 714 714 236 234 715 715 263 261 716 716 156 155 717 717 264 262 718 718 263 261 719 719 154 153 720 720 264 262 721 721 156 155 722 722 27 27 723 723 265 263 724 724 25 25 725 725 266 264 726 726 265 263 727 727 27 27 728 728 29 29 729 729 266 264 730 730 27 27 731 731 267 265 732 732 266 264 733 733 29 29 734 734 270 266 735 735 269 267 736 736 268 268 737 737 271 269 738 738 269 267 739 739 270 266 740 740 272 270 741 741 271 269 742 742 270 266 743 743 273 271 744 744 271 269 745 745 272 270 746 746 185 183 747 747 274 272 748 748 187 185 749 749 275 273 750 750 274 272 751 751 185 183 752 752 183 181 753 753 275 273 754 754 185 183 755 755 276 274 756 756 275 273 757 757 183 181 758 758 279 275 759 759 278 276 760 760 277 277 761 761 280 278 762 762 278 276 763 763 279 275 764 764 112 112 765 765 280 278 766 766 279 275 767 767 110 110 768 768 280 278 769 769 112 112 770 770 281 279 771 771 201 199 772 772 199 195 773 773 247 245 774 774 201 199 775 775 281 279 776 776 282 280 777 777 247 245 778 778 281 279 779 779 283 281 780 780 247 245 781 781 282 280 782 782 221 219 783 783 284 282 784 784 220 220 785 785 285 283 786 786 284 282 787 787 221 219 788 788 286 284 789 789 285 283 790 790 221 219 791 791 287 285 792 792 285 283 793 793 286 284 794 794 163 161 795 795 288 286 796 796 161 159 797 797 289 287 798 798 288 286 799 799 163 161 800 800 290 288 801 801 289 287 802 802 163 161 803 803 271 269 804 804 289 287 805 805 290 288 806 806 291 289 807 807 174 172 808 808 172 168 809 809 262 260 810 810 174 172 811 811 291 289 812 812 292 290 813 813 262 260 814 814 291 289 815 815 293 291 816 816 262 260 817 817 292 290 818 818 294 292 819 819 183 181 820 820 181 177 821 821 276 274 822 822 183 181 823 823 294 292 824 824 295 293 825 825 276 274 826 826 294 292 827 827 296 294 828 828 276 274 829 829 295 293 830 830 297 295 831 831 210 208 832 832 208 204 833 833 259 257 834 834 210 208 835 835 297 295 836 836 298 296 837 837 259 257 838 838 297 295 839 839 299 297 840 840 259 257 841 841 298 296 842 842 301 298 843 843 9 9 844 844 300 299 845 845 7 7 846 846 9 9 847 847 301 298 848 848 302 300 849 849 7 7 850 850 301 298 851 851 5 5 852 852 7 7 853 853 302 300 854 854 305 301 855 855 304 302 856 856 303 303 857 857 278 276 858 858 304 302 859 859 305 301 860 860 306 304 861 861 278 276 862 862 305 301 863 863 277 277 864 864 278 276 865 865 306 304 866 866 307 305 867 867 242 240 868 868 244 242 869 869 308 306 870 870 242 240 871 871 307 305 872 872 70 70 873 873 308 306 874 874 307 305 875 875 68 68 876 876 308 306 877 877 70 70 878 878 311 307 879 879 310 308 880 880 309 309 881 881 312 310 882 882 310 308 883 883 311 307 884 884 313 311 885 885 312 310 886 886 311 307 887 887 316 312 888 888 315 313 889 889 314 314 890 890 317 315 891 891 315 313 892 892 316 312 893 893 318 316 894 894 317 315 895 895 316 312 896 896 321 317 897 897 320 318 898 898 319 319 899 899 322 320 900 900 320 318 901 901 321 317 902 902 323 321 903 903 322 320 904 904 321 317 905 905 326 322 906 906 325 323 907 907 324 324 908 908 327 325 909 909 325 323 910 910 326 322 911 911 328 326 912 912 327 325 913 913 326 322 914 914 331 327 915 915 330 328 916 916 329 329 917 917 332 330 918 918 330 328 919 919 331 327 920 920 333 331 921 921 332 330 922 922 331 327 923 923 336 332 924 924 335 333 925 925 334 334 926 926 337 335 927 927 335 333 928 928 336 332 929 929 338 336 930 930 337 335 931 931 336 332 932 932 341 337 933 933 340 338 934 934 339 339 935 935 342 340 936 936 340 338 937 937 341 337 938 938 343 341 939 939 342 340 940 940 341 337 941 941 311 307 942 942 344 342 943 943 313 311 944 944 345 343 945 945 344 342 946 946 311 307 947 947 309 309 948 948 345 343 949 949 311 307 950 950 26 26 951 951 346 344 952 952 28 28 953 953 347 345 954 954 346 344 955 955 26 26 956 956 24 24 957 957 347 345 958 958 26 26 959 959 275 273 960 960 348 346 961 961 274 272 962 962 349 347 963 963 348 346 964 964 275 273 965 965 276 274 966 966 349 347 967 967 275 273 968 968 352 348 969 969 351 349 970 970 350 350 971 971 353 351 972 972 351 349 973 973 352 348 974 974 354 352 975 975 353 351 976 976 352 348 977 977 357 353 978 978 356 354 979 979 355 355 980 980 358 356 981 981 356 354 982 982 357 353 983 983 359 357 984 984 358 356 985 985 357 353 986 986 362 358 987 987 361 359 988 988 360 360 989 989 363 361 990 990 361 359 991 991 362 358 992 992 364 362 993 993 363 361 994 994 362 358 995 995 367 363 996 996 366 364 997 997 365 365 998 998 368 366 999 999 366 364 1000 1000 367 363 1001 1001 369 367 1002 1002 368 366 1003 1003 367 363 1004 1004 246 244 1005 1005 370 368 1006 1006 245 243 1007 1007 371 369 1008 1008 370 368 1009 1009 246 244 1010 1010 247 245 1011 1011 371 369 1012 1012 246 244 1013 1013 224 222 1014 1014 372 370 1015 1015 226 224 1016 1016 373 371 1017 1017 372 370 1018 1018 224 222 1019 1019 374 372 1020 1020 373 371 1021 1021 224 222 1022 1022 362 358 1023 1023 375 373 1024 1024 364 362 1025 1025 376 374 1026 1026 375 373 1027 1027 362 358 1028 1028 360 360 1029 1029 376 374 1030 1030 362 358 1031 1031 379 375 1032 1032 378 376 1033 1033 377 377 1034 1034 380 378 1035 1035 378 376 1036 1036 379 375 1037 1037 381 379 1038 1038 380 378 1039 1039 379 375 1040 1040 384 380 1041 1041 383 381 1042 1042 382 382 1043 1043 385 383 1044 1044 383 381 1045 1045 384 380 1046 1046 386 384 1047 1047 385 383 1048 1048 384 380 1049 1049 384 380 1050 1050 387 385 1051 1051 386 384 1052 1052 388 386 1053 1053 387 385 1054 1054 384 380 1055 1055 382 382 1056 1056 388 386 1057 1057 384 380 1058 1058 391 387 1059 1059 390 388 1060 1060 389 389 1061 1061 392 390 1062 1062 390 388 1063 1063 391 387 1064 1064 393 391 1065 1065 392 390 1066 1066 391 387 1067 1067 25 25 1068 1068 394 392 1069 1069 23 23 1070 1070 395 393 1071 1071 394 392 1072 1072 25 25 1073 1073 265 263 1074 1074 395 393 1075 1075 25 25 1076 1076 341 337 1077 1077 396 394 1078 1078 343 341 1079 1079 397 395 1080 1080 396 394 1081 1081 341 337 1082 1082 339 339 1083 1083 397 395 1084 1084 341 337 1085 1085 400 396 1086 1086 399 397 1087 1087 398 398 1088 1088 401 399 1089 1089 399 397 1090 1090 400 396 1091 1091 402 400 1092 1092 401 399 1093 1093 400 396 1094 1094 405 401 1095 1095 404 402 1096 1096 403 403 1097 1097 406 404 1098 1098 404 402 1099 1099 405 401 1100 1100 407 405 1101 1101 406 404 1102 1102 405 401 1103 1103 59 59 1104 1104 408 406 1105 1105 57 57 1106 1106 409 407 1107 1107 408 406 1108 1108 59 59 1109 1109 254 252 1110 1110 409 407 1111 1111 59 59 1112 1112 400 396 1113 1113 410 408 1114 1114 402 400 1115 1115 411 409 1116 1116 410 408 1117 1117 400 396 1118 1118 398 398 1119 1119 411 409 1120 1120 400 396 1121 1121 414 410 1122 1122 413 411 1123 1123 412 412 1124 1124 415 413 1125 1125 413 411 1126 1126 414 410 1127 1127 416 414 1128 1128 415 413 1129 1129 414 410 1130 1130 60 60 1131 1131 417 415 1132 1132 62 62 1133 1133 418 416 1134 1134 417 415 1135 1135 60 60 1136 1136 58 58 1137 1137 418 416 1138 1138 60 60 1139 1139 421 417 1140 1140 420 418 1141 1141 419 419 1142 1142 422 420 1143 1143 420 418 1144 1144 421 417 1145 1145 423 421 1146 1146 422 420 1147 1147 421 417 1148 1148 426 422 1149 1149 425 423 1150 1150 424 424 1151 1151 427 425 1152 1152 425 423 1153 1153 426 422 1154 1154 428 426 1155 1155 427 425 1156 1156 426 422 1157 1157 431 427 1158 1158 430 428 1159 1159 429 429 1160 1160 432 430 1161 1161 430 428 1162 1162 431 427 1163 1163 433 431 1164 1164 432 430 1165 1165 431 427 1166 1166 436 432 1167 1167 435 433 1168 1168 434 434 1169 1169 437 435 1170 1170 435 433 1171 1171 436 432 1172 1172 438 436 1173 1173 437 435 1174 1174 436 432 1175 1175 441 437 1176 1176 440 438 1177 1177 439 439 1178 1178 442 440 1179 1179 440 438 1180 1180 441 437 1181 1181 443 441 1182 1182 442 440 1183 1183 441 437 1184 1184 446 442 1185 1185 445 443 1186 1186 444 444 1187 1187 447 445 1188 1188 445 443 1189 1189 446 442 1190 1190 448 446 1191 1191 447 445 1192 1192 446 442 1193 1193 451 447 1194 1194 450 448 1195 1195 449 449 1196 1196 452 450 1197 1197 450 448 1198 1198 451 447 1199 1199 453 451 1200 1200 452 450 1201 1201 451 447 1202 1202 456 452 1203 1203 455 453 1204 1204 454 454 1205 1205 457 455 1206 1206 455 453 1207 1207 456 452 1208 1208 458 456 1209 1209 457 455 1210 1210 456 452 1211 1211 461 457 1212 1212 460 458 1213 1213 459 459 1214 1214 462 460 1215 1215 460 458 1216 1216 461 457 1217 1217 463 461 1218 1218 462 460 1219 1219 461 457 1220 1220 249 247 1221 1221 464 462 1222 1222 248 246 1223 1223 465 463 1224 1224 464 462 1225 1225 249 247 1226 1226 250 248 1227 1227 465 463 1228 1228 249 247 1229 1229 468 464 1230 1230 467 465 1231 1231 466 466 1232 1232 469 467 1233 1233 467 465 1234 1234 468 464 1235 1235 470 468 1236 1236 469 467 1237 1237 468 464 1238 1238 473 469 1239 1239 472 470 1240 1240 471 471 1241 1241 474 472 1242 1242 472 470 1243 1243 473 469 1244 1244 475 473 1245 1245 474 472 1246 1246 473 469 1247 1247 6 6 1248 1248 476 474 1249 1249 8 8 1250 1250 477 475 1251 1251 476 474 1252 1252 6 6 1253 1253 4 4 1254 1254 477 475 1255 1255 6 6 1256 1256 5 5 1257 1257 478 476 1258 1258 3 3 1259 1259 479 477 1260 1260 478 476 1261 1261 5 5 1262 1262 302 300 1263 1263 479 477 1264 1264 5 5 1265 1265 482 478 1266 1266 481 479 1267 1267 480 480 1268 1268 483 481 1269 1269 481 479 1270 1270 482 478 1271 1271 484 482 1272 1272 483 481 1273 1273 482 478 1274 1274 487 483 1275 1275 486 484 1276 1276 485 485 1277 1277 488 486 1278 1278 486 484 1279 1279 487 483 1280 1280 489 487 1281 1281 488 486 1282 1282 487 483 1283 1283 492 488 1284 1284 491 489 1285 1285 490 490 1286 1286 493 491 1287 1287 491 489 1288 1288 492 488 1289 1289 494 492 1290 1290 493 491 1291 1291 492 488 1292 1292 497 493 1293 1293 496 494 1294 1294 495 495 1295 1295 498 496 1296 1296 496 494 1297 1297 497 493 1298 1298 501 497 1299 1299 500 498 1300 1300 499 499 1301 1301 502 500 1302 1302 500 498 1303 1303 501 497 1304 1304 505 501 1305 1305 504 502 1306 1306 503 503 1307 1307 506 504 1308 1308 504 502 1309 1309 505 501 1310 1310 509 505 1311 1311 508 506 1312 1312 507 507 1313 1313 510 508 1314 1314 508 506 1315 1315 509 505 1316 1316 511 509 1317 1317 285 283 1318 1318 287 285 1319 1319 512 510 1320 1320 285 283 1321 1321 511 509 1322 1322 515 511 1323 1323 514 512 1324 1324 513 513 1325 1325 516 514 1326 1326 514 512 1327 1327 515 511 1328 1328 519 515 1329 1329 518 516 1330 1330 517 517 1331 1331 520 518 1332 1332 518 516 1333 1333 519 515 1334 1334 523 519 1335 1335 522 520 1336 1336 521 521 1337 1337 524 522 1338 1338 522 520 1339 1339 523 519 1340 1340 223 221 1341 1341 526 523 1342 1342 525 73 1343 1343 527 524 1344 1344 526 523 1345 1345 223 221 1346 1346 530 525 1347 1347 529 526 1348 1348 528 527 1349 1349 531 528 1350 1350 529 526 1351 1351 530 525 1352 1352 227 225 1353 1353 532 529 1354 1354 225 223 1355 1355 533 530 1356 1356 532 529 1357 1357 227 225 1358 1358 107 107 1359 1359 534 531 1360 1360 286 284 1361 1361 109 109 1362 1362 534 531 1363 1363 107 107 1364 1364 537 532 1365 1365 536 533 1366 1366 535 534 1367 1367 538 535 1368 1368 536 533 1369 1369 537 532 1370 1370 541 536 1371 1371 540 537 1372 1372 539 538 1373 1373 542 539 1374 1374 540 537 1375 1375 541 536 1376 1376 287 285 1377 1377 534 531 1378 1378 511 509 1379 1379 286 284 1380 1380 534 531 1381 1381 287 285 1382 1382 544 540 1383 1383 541 536 1384 1384 543 541 1385 1385 542 539 1386 1386 541 536 1387 1387 544 540 1388 1388 286 284 1389 1389 545 542 1390 1390 107 107 1391 1391 221 219 1392 1392 545 542 1393 1393 286 284 1394 1394 548 543 1395 1395 547 544 1396 1396 546 545 1397 1397 549 546 1398 1398 547 544 1399 1399 548 543 1400 1400 550 547 1401 1401 421 417 1402 1402 419 419 1403 1403 551 548 1404 1404 421 417 1405 1405 550 547 1406 1406 554 549 1407 1407 553 550 1408 1408 552 551 1409 1409 555 552 1410 1410 553 550 1411 1411 554 549 1412 1412 558 553 1413 1413 557 554 1414 1414 556 555 1415 1415 559 556 1416 1416 557 554 1417 1417 558 553 1418 1418 562 557 1419 1419 561 558 1420 1420 560 559 1421 1421 563 560 1422 1422 561 558 1423 1423 562 557 1424 1424 566 561 1425 1425 565 562 1426 1426 564 563 1427 1427 567 564 1428 1428 565 562 1429 1429 566 561 1430 1430 570 565 1431 1431 569 566 1432 1432 568 567 1433 1433 571 568 1434 1434 569 566 1435 1435 570 565 1436 1436 574 569 1437 1437 573 570 1438 1438 572 571 1439 1439 575 572 1440 1440 573 570 1441 1441 574 569 1442 1442 578 573 1443 1443 577 574 1444 1444 576 575 1445 1445 579 576 1446 1446 577 574 1447 1447 578 573 1448 1448 582 577 1449 1449 581 578 1450 1450 580 579 1451 1451 583 580 1452 1452 581 578 1453 1453 582 577 1454 1454 586 581 1455 1455 585 582 1456 1456 584 583 1457 1457 587 584 1458 1458 585 582 1459 1459 586 581 1460 1460 280 278 1461 1461 589 73 1462 1462 588 73 1463 1463 590 585 1464 1464 589 73 1465 1465 280 278 1466 1466 592 586 1467 1467 586 581 1468 1468 591 587 1469 1469 587 584 1470 1470 586 581 1471 1471 592 586 1472 1472 595 588 1473 1473 594 589 1474 1474 593 590 1475 1475 596 591 1476 1476 594 589 1477 1477 595 588 1478 1478 65 65 1479 1479 597 592 1480 1480 304 302 1481 1481 67 67 1482 1482 597 592 1483 1483 65 65 1484 1484 303 303 1485 1485 597 592 1486 1486 598 593 1487 1487 304 302 1488 1488 597 592 1489 1489 303 303 1490 1490 304 302 1491 1491 599 594 1492 1492 65 65 1493 1493 278 276 1494 1494 599 594 1495 1495 304 302 1496 1496 602 595 1497 1497 601 596 1498 1498 600 597 1499 1499 603 598 1500 1500 601 596 1501 1501 602 595 1502 1502 280 278 1503 1503 67 67 1504 1504 69 69 1505 1505 604 599 1506 1506 67 67 1507 1507 280 278 1508 1508 607 600 1509 1509 606 601 1510 1510 605 602 1511 1511 608 603 1512 1512 606 601 1513 1513 607 600 1514 1514 611 604 1515 1515 610 605 1516 1516 609 606 1517 1517 612 607 1518 1518 610 605 1519 1519 611 604 1520 1520 615 608 1521 1521 614 609 1522 1522 613 610 1523 1523 616 611 1524 1524 614 609 1525 1525 615 608 1526 1526 619 612 1527 1527 618 613 1528 1528 617 614 1529 1529 620 615 1530 1530 618 613 1531 1531 619 612 1532 1532 623 616 1533 1533 622 617 1534 1534 621 618 1535 1535 624 619 1536 1536 622 617 1537 1537 623 616 1538 1538 627 620 1539 1539 626 621 1540 1540 625 622 1541 1541 628 623 1542 1542 626 621 1543 1543 627 620 1544 1544 631 624 1545 1545 630 625 1546 1546 629 626 1547 1547 632 627 1548 1548 630 625 1549 1549 631 624 1550 1550 635 628 1551 1551 634 629 1552 1552 633 630 1553 1553 636 631 1554 1554 634 629 1555 1555 635 628 1556 1556 638 632 1557 1557 610 605 1558 1558 637 633 1559 1559 609 606 1560 1560 610 605 1561 1561 638 632 1562 1562 641 634 1563 1563 640 635 1564 1564 639 636 1565 1565 642 637 1566 1566 640 635 1567 1567 641 634 1568 1568 106 108 1569 1569 643 638 1570 1570 108 106 1571 1571 305 301 1572 1572 643 638 1573 1573 106 108 1574 1574 527 524 1575 1575 645 639 1576 1576 644 640 1577 1577 113 113 1578 1578 645 639 1579 1579 527 524 1580 1580 112 112 1581 1581 646 641 1582 1582 114 114 1583 1583 279 275 1584 1584 646 641 1585 1585 112 112 1586 1586 598 593 1587 1587 305 301 1588 1588 303 303 1589 1589 643 638 1590 1590 305 301 1591 1591 598 593 1592 1592 649 642 1593 1593 648 643 1594 1594 647 644 1595 1595 650 645 1596 1596 648 643 1597 1597 649 642 1598 1598 653 646 1599 1599 652 647 1600 1600 651 648 1601 1601 654 649 1602 1602 652 647 1603 1603 653 646 1604 1604 657 650 1605 1605 656 651 1606 1606 655 652 1607 1607 658 653 1608 1608 656 651 1609 1609 657 650 1610 1610 661 654 1611 1611 660 655 1612 1612 659 656 1613 1613 662 657 1614 1614 660 655 1615 1615 661 654 1616 1616 665 658 1617 1617 664 659 1618 1618 663 660 1619 1619 666 661 1620 1620 664 659 1621 1621 665 658 1622 1622 664 659 1623 1623 668 662 1624 1624 667 663 1625 1625 666 661 1626 1626 668 662 1627 1627 664 659 1628 1628 671 664 1629 1629 670 665 1630 1630 669 666 1631 1631 672 667 1632 1632 670 665 1633 1633 671 664 1634 1634 675 668 1635 1635 674 669 1636 1636 673 670 1637 1637 676 671 1638 1638 674 669 1639 1639 675 668 1640 1640 679 672 1641 1641 678 673 1642 1642 677 674 1643 1643 680 675 1644 1644 678 673 1645 1645 679 672 1646 1646 683 676 1647 1647 682 677 1648 1648 681 678 1649 1649 684 679 1650 1650 682 677 1651 1651 683 676 1652 1652 687 680 1653 1653 686 681 1654 1654 685 682 1655 1655 688 683 1656 1656 686 681 1657 1657 687 680 1658 1658 691 684 1659 1659 690 685 1660 1660 689 686 1661 1661 692 687 1662 1662 690 685 1663 1663 691 684 1664 1664 694 688 1665 1665 574 569 1666 1666 693 689 1667 1667 575 572 1668 1668 574 569 1669 1669 694 688 1670 1670 697 690 1671 1671 696 691 1672 1672 695 692 1673 1673 698 693 1674 1674 696 691 1675 1675 697 690 1676 1676 701 694 1677 1677 700 695 1678 1678 699 696 1679 1679 702 697 1680 1680 700 695 1681 1681 701 694 1682 1682 223 221 1683 1683 109 109 1684 1684 111 111 1685 1685 703 698 1686 1686 109 109 1687 1687 223 221 1688 1688 706 699 1689 1689 705 700 1690 1690 704 701 1691 1691 707 702 1692 1692 705 700 1693 1693 706 699 1694 1694 708 703 1695 1695 512 510 1696 1696 532 529 1697 1697 285 283 1698 1698 512 510 1699 1699 708 703 1700 1700 711 704 1701 1701 710 705 1702 1702 709 706 1703 1703 372 370 1704 1704 710 705 1705 1705 711 704 1706 1706 714 707 1707 1707 713 708 1708 1708 712 709 1709 1709 715 710 1710 1710 713 708 1711 1711 714 707 1712 1712 718 711 1713 1713 717 712 1714 1714 716 713 1715 1715 719 714 1716 1716 717 712 1717 1717 718 711 1718 1718 721 715 1719 1719 718 711 1720 1720 720 716 1721 1721 719 714 1722 1722 718 711 1723 1723 721 715 1724 1724 723 717 1725 1725 691 684 1726 1726 722 718 1727 1727 692 687 1728 1728 691 684 1729 1729 723 717 1730 1730 726 719 1731 1731 725 720 1732 1732 724 721 1733 1733 727 722 1734 1734 725 720 1735 1735 726 719 1736 1736 730 723 1737 1737 729 724 1738 1738 728 725 1739 1739 731 726 1740 1740 729 724 1741 1741 730 723 1742 1742 732 727 1743 1743 700 695 1744 1744 702 697 1745 1745 733 728 1746 1746 700 695 1747 1747 732 727 1748 1748 736 729 1749 1749 735 730 1750 1750 734 731 1751 1751 737 732 1752 1752 735 730 1753 1753 736 729 1754 1754 740 733 1755 1755 739 734 1756 1756 738 735 1757 1757 741 736 1758 1758 739 734 1759 1759 740 733 1760 1760 744 737 1761 1761 743 738 1762 1762 742 739 1763 1763 745 740 1764 1764 743 738 1765 1765 744 737 1766 1766 746 741 1767 1767 258 256 1768 1768 259 257 1769 1769 747 742 1770 1770 258 256 1771 1771 746 741 1772 1772 750 743 1773 1773 749 744 1774 1774 748 745 1775 1775 751 746 1776 1776 749 744 1777 1777 750 743 1778 1778 754 747 1779 1779 753 748 1780 1780 752 749 1781 1781 755 750 1782 1782 753 748 1783 1783 754 747 1784 1784 757 751 1785 1785 622 617 1786 1786 756 752 1787 1787 621 618 1788 1788 622 617 1789 1789 757 751 1790 1790 760 753 1791 1791 759 754 1792 1792 758 755 1793 1793 761 756 1794 1794 759 754 1795 1795 760 753 1796 1796 763 757 1797 1797 760 753 1798 1798 762 758 1799 1799 761 756 1800 1800 760 753 1801 1801 763 757 1802 1802 764 759 1803 1803 250 248 1804 1804 253 251 1805 1805 465 463 1806 1806 250 248 1807 1807 764 759 1808 1808 766 760 1809 1809 195 193 1810 1810 765 761 1811 1811 193 191 1812 1812 195 193 1813 1813 766 760 1814 1814 769 762 1815 1815 768 763 1816 1816 767 764 1817 1817 770 765 1818 1818 768 763 1819 1819 769 762 1820 1820 773 766 1821 1821 772 767 1822 1822 771 768 1823 1823 774 769 1824 1824 772 767 1825 1825 773 766 1826 1826 777 770 1827 1827 776 771 1828 1828 775 772 1829 1829 778 773 1830 1830 776 771 1831 1831 777 770 1832 1832 779 774 1833 1833 776 771 1834 1834 778 773 1835 1835 780 775 1836 1836 776 771 1837 1837 779 774 1838 1838 783 776 1839 1839 782 777 1840 1840 781 778 1841 1841 784 779 1842 1842 782 777 1843 1843 783 776 1844 1844 787 780 1845 1845 786 781 1846 1846 785 782 1847 1847 788 783 1848 1848 786 781 1849 1849 787 780 1850 1850 789 784 1851 1851 468 464 1852 1852 466 466 1853 1853 790 785 1854 1854 468 464 1855 1855 789 784 1856 1856 793 786 1857 1857 792 787 1858 1858 791 788 1859 1859 794 789 1860 1860 792 787 1861 1861 793 786 1862 1862 797 790 1863 1863 796 791 1864 1864 795 792 1865 1865 798 793 1866 1866 796 791 1867 1867 797 790 1868 1868 801 794 1869 1869 800 795 1870 1870 799 796 1871 1871 802 797 1872 1872 800 795 1873 1873 801 794 1874 1874 800 795 1875 1875 804 798 1876 1876 803 799 1877 1877 802 797 1878 1878 804 798 1879 1879 800 795 1880 1880 807 800 1881 1881 806 801 1882 1882 805 802 1883 1883 808 803 1884 1884 806 801 1885 1885 807 800 1886 1886 811 804 1887 1887 810 805 1888 1888 809 806 1889 1889 812 807 1890 1890 810 805 1891 1891 811 804 1892 1892 815 808 1893 1893 814 809 1894 1894 813 810 1895 1895 816 811 1896 1896 814 809 1897 1897 815 808 1898 1898 817 812 1899 1899 16 16 1900 1900 14 14 1901 1901 818 813 1902 1902 16 16 1903 1903 817 812 1904 1904 819 814 1905 1905 336 332 1906 1906 334 334 1907 1907 820 815 1908 1908 336 332 1909 1909 819 814 1910 1910 823 816 1911 1911 822 817 1912 1912 821 818 1913 1913 824 819 1914 1914 822 817 1915 1915 823 816 1916 1916 827 820 1917 1917 826 821 1918 1918 825 822 1919 1919 828 823 1920 1920 826 821 1921 1921 827 820 1922 1922 831 824 1923 1923 830 825 1924 1924 829 826 1925 1925 832 827 1926 1926 830 825 1927 1927 831 824 1928 1928 835 828 1929 1929 834 829 1930 1930 833 830 1931 1931 836 831 1932 1932 834 829 1933 1933 835 828 1934 1934 839 832 1935 1935 838 833 1936 1936 837 834 1937 1937 840 835 1938 1938 838 833 1939 1939 839 832 1940 1940 838 833 1941 1941 842 836 1942 1942 841 837 1943 1943 840 835 1944 1944 842 836 1945 1945 838 833 1946 1946 845 838 1947 1947 844 839 1948 1948 843 840 1949 1949 846 841 1950 1950 844 839 1951 1951 845 838 1952 1952 849 842 1953 1953 848 843 1954 1954 847 844 1955 1955 850 845 1956 1956 848 843 1957 1957 849 842 1958 1958 853 846 1959 1959 852 847 1960 1960 851 848 1961 1961 854 849 1962 1962 852 847 1963 1963 853 846 1964 1964 264 262 1965 1965 856 850 1966 1966 855 851 1967 1967 711 704 1968 1968 856 850 1969 1969 264 262 1970 1970 533 530 1971 1971 857 852 1972 1972 234 232 1973 1973 227 225 1974 1974 857 852 1975 1975 533 530 1976 1976 107 107 1977 1977 305 301 1978 1978 106 108 1979 1979 545 542 1980 1980 305 301 1981 1981 107 107 1982 1982 604 599 1983 1983 110 110 1984 1984 858 853 1985 1985 280 278 1986 1986 110 110 1987 1987 604 599 1988 1988 859 854 1989 1989 259 257 1990 1990 299 297 1991 1991 746 741 1992 1992 259 257 1993 1993 859 854 1994 1994 703 698 1995 1995 225 223 1996 1996 860 855 1997 1997 223 221 1998 1998 225 223 1999 1999 703 698 2000 2000 861 856 2001 2001 247 245 2002 2002 283 281 2003 2003 371 369 2004 2004 247 245 2005 2005 861 856 2006 2006 863 857 2007 2007 204 202 2008 2008 862 858 2009 2009 202 200 2010 2010 204 202 2011 2011 863 857 2012 2012 865 859 2013 2013 409 407 2014 2014 864 860 2015 2015 408 406 2016 2016 409 407 2017 2017 865 859 2018 2018 866 861 2019 2019 58 58 2020 2020 56 54 2021 2021 418 416 2022 2022 58 58 2023 2023 866 861 2024 2024 867 862 2025 2025 441 437 2026 2026 439 439 2027 2027 868 863 2028 2028 441 437 2029 2029 867 862 2030 2030 870 864 2031 2031 213 211 2032 2032 869 865 2033 2033 211 209 2034 2034 213 211 2035 2035 870 864 2036 2036 168 166 2037 2037 270 266 2038 2038 169 167 2039 2039 871 866 2040 2040 270 266 2041 2041 168 166 2042 2042 873 867 2043 2043 395 393 2044 2044 872 868 2045 2045 394 392 2046 2046 395 393 2047 2047 873 867 2048 2048 874 869 2049 2049 24 24 2050 2050 22 20 2051 2051 347 345 2052 2052 24 24 2053 2053 874 869 2054 2054 876 870 2055 2055 165 163 2056 2056 875 871 2057 2057 290 288 2058 2058 165 163 2059 2059 876 870 2060 2060 878 872 2061 2061 177 175 2062 2062 877 873 2063 2063 175 173 2064 2064 177 175 2065 2065 878 872 2066 2066 879 874 2067 2067 262 260 2068 2068 293 291 2069 2069 880 875 2070 2070 262 260 2071 2071 879 874 2072 2072 882 876 2073 2073 186 184 2074 2074 881 877 2075 2075 184 182 2076 2076 186 184 2077 2077 882 876 2078 2078 884 878 2079 2079 231 229 2080 2080 883 879 2081 2081 232 230 2082 2082 231 229 2083 2083 884 878 2084 2084 885 880 2085 2085 14 14 2086 2086 12 10 2087 2087 817 812 2088 2088 14 14 2089 2089 885 880 2090 2090 887 881 2091 2091 218 216 2092 2092 886 882 2093 2093 219 217 2094 2094 218 216 2095 2095 887 881 2096 2096 888 883 2097 2097 136 135 2098 2098 134 131 2099 2099 889 884 2100 2100 136 135 2101 2101 888 883 2102 2102 65 65 2103 2103 241 237 2104 2104 64 66 2105 2105 599 594 2106 2106 241 237 2107 2107 65 65 2108 2108 891 885 2109 2109 68 68 2110 2110 890 886 2111 2111 308 306 2112 2112 68 68 2113 2113 891 885 2114 2114 892 887 2115 2115 276 274 2116 2116 296 294 2117 2117 349 347 2118 2118 276 274 2119 2119 892 887 2120 2120 894 888 2121 2121 479 477 2122 2122 893 889 2123 2123 478 476 2124 2124 479 477 2125 2125 894 888 2126 2126 895 890 2127 2127 4 4 2128 2128 2 0 2129 2129 477 475 2130 2130 4 4 2131 2131 895 890 2132 2132 533 530 2133 2133 285 283 2134 2134 708 703 2135 2135 896 891 2136 2136 285 283 2137 2137 533 530 2138 2138 151 150 2139 2139 235 231 2140 2140 150 151 2141 2141 897 892 2142 2142 235 231 2143 2143 151 150 2144 2144 898 893 2145 2145 487 483 2146 2146 485 485 2147 2147 899 894 2148 2148 487 483 2149 2149 898 893 2150 2150 901 895 2151 2151 154 153 2152 2152 900 896 2153 2153 264 262 2154 2154 154 153 2155 2155 901 895 2156 2156 880 875 2157 2157 261 259 2158 2158 262 260 2159 2159 902 897 2160 2160 261 259 2161 2161 880 875 2162 2162 889 884 2163 2163 138 137 2164 2164 136 135 2165 2165 903 898 2166 2166 138 137 2167 2167 889 884 2168 2168 906 899 2169 2169 905 900 2170 2170 904 901 2171 2171 907 902 2172 2172 905 900 2173 2173 906 899 2174 2174 910 903 2175 2175 909 904 2176 2176 908 905 2177 2177 911 906 2178 2178 909 904 2179 2179 910 903 2180 2180 909 904 2181 2181 913 907 2182 2182 912 908 2183 2183 911 906 2184 2184 913 907 2185 2185 909 904 2186 2186 916 909 2187 2187 915 910 2188 2188 914 911 2189 2189 917 912 2190 2190 915 910 2191 2191 916 909 2192 2192 918 913 2193 2193 270 266 2194 2194 268 268 2195 2195 919 914 2196 2196 270 266 2197 2197 918 913 2198 2198 308 306 2199 2199 921 73 2200 2200 920 73 2201 2201 922 915 2202 2202 921 73 2203 2203 308 306 2204 2204 168 166 2205 2205 923 916 2206 2206 240 238 2207 2207 166 164 2208 2208 923 916 2209 2209 168 166 2210 2210 239 239 2211 2211 923 916 2212 2212 924 917 2213 2213 240 238 2214 2214 923 916 2215 2215 239 239 2216 2216 240 238 2217 2217 871 866 2218 2218 168 166 2219 2219 242 240 2220 2220 871 866 2221 2221 240 238 2222 2222 927 918 2223 2223 926 919 2224 2224 925 920 2225 2225 928 921 2226 2226 926 919 2227 2227 927 918 2228 2228 930 922 2229 2229 607 600 2230 2230 929 923 2231 2231 608 603 2232 2232 607 600 2233 2233 930 922 2234 2234 308 306 2235 2235 166 164 2236 2236 164 162 2237 2237 891 885 2238 2238 166 164 2239 2239 308 306 2240 2240 64 66 2241 2241 931 924 2242 2242 66 64 2243 2243 241 237 2244 2244 931 924 2245 2245 64 66 2246 2246 590 585 2247 2247 933 925 2248 2248 932 926 2249 2249 71 71 2250 2250 933 925 2251 2251 590 585 2252 2252 70 70 2253 2253 934 927 2254 2254 72 72 2255 2255 307 305 2256 2256 934 927 2257 2257 70 70 2258 2258 924 917 2259 2259 241 237 2260 2260 239 239 2261 2261 931 924 2262 2262 241 237 2263 2263 924 917 2264 2264 922 915 2265 2265 936 928 2266 2266 935 929 2267 2267 162 158 2268 2268 936 928 2269 2269 922 915 2270 2270 919 914 2271 2271 169 167 2272 2272 270 266 2273 2273 167 165 2274 2274 169 167 2275 2275 919 914 2276 2276 290 288 2277 2277 153 152 2278 2278 155 154 2279 2279 876 870 2280 2280 153 152 2281 2281 290 288 2282 2282 269 267 2283 2283 897 892 2284 2284 151 150 2285 2285 271 269 2286 2286 897 892 2287 2287 269 267 2288 2288 268 268 2289 2289 937 930 2290 2290 918 913 2291 2291 269 267 2292 2292 937 930 2293 2293 268 268 2294 2294 151 150 2295 2295 937 930 2296 2296 269 267 2297 2297 153 152 2298 2298 937 930 2299 2299 151 150 2300 2300 290 288 2301 2301 939 73 2302 2302 938 73 2303 2303 940 931 2304 2304 939 73 2305 2305 290 288 2306 2306 943 932 2307 2307 942 933 2308 2308 941 934 2309 2309 944 935 2310 2310 942 933 2311 2311 943 932 2312 2312 947 936 2313 2313 946 937 2314 2314 945 938 2315 2315 948 939 2316 2316 946 937 2317 2317 947 936 2318 2318 946 937 2319 2319 950 940 2320 2320 949 941 2321 2321 948 939 2322 2322 950 940 2323 2323 946 937 2324 2324 953 942 2325 2325 952 943 2326 2326 951 944 2327 2327 954 945 2328 2328 952 943 2329 2329 953 942 2330 2330 957 946 2331 2331 956 947 2332 2332 955 948 2333 2333 958 949 2334 2334 956 947 2335 2335 957 946 2336 2336 233 233 2337 2337 857 852 2338 2338 959 950 2339 2339 234 232 2340 2340 857 852 2341 2341 233 233 2342 2342 234 232 2343 2343 896 891 2344 2344 533 530 2345 2345 236 234 2346 2346 896 891 2347 2347 234 232 2348 2348 264 262 2349 2349 227 225 2350 2350 226 224 2351 2351 901 895 2352 2352 227 225 2353 2353 264 262 2354 2354 150 151 2355 2355 960 951 2356 2356 152 149 2357 2357 235 231 2358 2358 960 951 2359 2359 150 151 2360 2360 940 931 2361 2361 962 952 2362 2362 961 953 2363 2363 157 156 2364 2364 962 952 2365 2365 940 931 2366 2366 156 155 2367 2367 963 954 2368 2368 158 157 2369 2369 263 261 2370 2370 963 954 2371 2371 156 155 2372 2372 959 950 2373 2373 235 231 2374 2374 233 233 2375 2375 960 951 2376 2376 235 231 2377 2377 959 950 2378 2378 966 955 2379 2379 965 956 2380 2380 964 957 2381 2381 967 958 2382 2382 965 956 2383 2383 966 955 2384 2384 970 959 2385 2385 969 960 2386 2386 968 961 2387 2387 971 962 2388 2388 969 960 2389 2389 970 959 2390 2390 974 963 2391 2391 973 964 2392 2392 972 965 2393 2393 975 966 2394 2394 973 964 2395 2395 974 963 2396 2396 978 967 2397 2397 977 968 2398 2398 976 969 2399 2399 979 970 2400 2400 977 968 2401 2401 978 967 2402 2402 977 968 2403 2403 981 971 2404 2404 980 972 2405 2405 979 970 2406 2406 981 971 2407 2407 977 968 2408 2408 984 973 2409 2409 983 974 2410 2410 982 975 2411 2411 985 976 2412 2412 983 974 2413 2413 984 973 2414 2414 988 977 2415 2415 987 978 2416 2416 986 979 2417 2417 989 980 2418 2418 987 978 2419 2419 988 977 2420 2420 992 981 2421 2421 991 982 2422 2422 990 983 2423 2423 993 984 2424 2424 991 982 2425 2425 992 981 2426 2426 996 985 2427 2427 995 986 2428 2428 994 987 2429 2429 997 988 2430 2430 995 986 2431 2431 996 985 2432 2432 1000 989 2433 2433 999 990 2434 2434 998 991 2435 2435 1001 992 2436 2436 999 990 2437 2437 1000 989 2438 2438 1004 993 2439 2439 1003 994 2440 2440 1002 995 2441 2441 1005 996 2442 2442 1003 994 2443 2443 1004 993 2444 2444 1007 997 2445 2445 1004 993 2446 2446 1006 998 2447 2447 1005 996 2448 2448 1004 993 2449 2449 1007 997 2450 2450 1010 999 2451 2451 1009 1000 2452 2452 1008 1001 2453 2453 1011 1002 2454 2454 1009 1000 2455 2455 1010 999 2456 2456 1014 1003 2457 2457 1013 1004 2458 2458 1012 1005 2459 2459 1015 1006 2460 2460 1013 1004 2461 2461 1014 1003 2462 2462 1018 1007 2463 2463 1017 1008 2464 2464 1016 1009 2465 2465 1019 1010 2466 2466 1017 1008 2467 2467 1018 1007 2468 2468 1022 1011 2469 2469 1021 1012 2470 2470 1020 1013 2471 2471 1023 1014 2472 2472 1021 1012 2473 2473 1022 1011 2474 2474 1026 1015 2475 2475 1025 1016 2476 2476 1024 1017 2477 2477 1027 1018 2478 2478 1025 1016 2479 2479 1026 1015 2480 2480 1030 1019 2481 2481 1029 1020 2482 2482 1028 1021 2483 2483 1031 1022 2484 2484 1029 1020 2485 2485 1030 1019 2486 2486 1034 1023 2487 2487 1033 1024 2488 2488 1032 1025 2489 2489 1035 1026 2490 2490 1033 1024 2491 2491 1034 1023 2492 2492 1037 1027 2493 2493 1034 1023 2494 2494 1036 1028 2495 2495 1035 1026 2496 2496 1034 1023 2497 2497 1037 1027 2498 2498 470 468 2499 2499 468 464 2500 2500 790 785 2501 2501 338 336 2502 2502 336 332 2503 2503 820 815 2504 2504 463 461 2505 2505 461 457 2506 2506 1038 1029 2507 2507 423 421 2508 2508 421 417 2509 2509 551 548 2510 2510 899 894 2511 2511 489 487 2512 2512 487 483 2513 2513 426 422 2514 2514 1039 1030 2515 2515 428 426 2516 2516 443 441 2517 2517 441 437 2518 2518 868 863 2519 2519 241 237 2520 2520 599 594 2521 2521 243 241 2522 2522 903 898 2523 2523 140 139 2524 2524 138 137 2525 2525 135 134 2526 2526 137 136 2527 2527 219 217 2528 2528 393 391 2529 2529 391 387 2530 2530 1040 1031 2531 2531 407 405 2532 2532 405 401 2533 2533 1041 1032 2534 2534 416 414 2535 2535 414 410 2536 2536 1042 1033 2537 2537 484 482 2538 2538 482 478 2539 2539 1043 1034 2540 2540 318 316 2541 2541 316 312 2542 2542 1044 1035 2543 2543 352 348 2544 2544 1045 1036 2545 2545 354 352 2546 2546 818 813 2547 2547 18 18 2548 2548 16 16 2549 2549 13 13 2550 2550 15 15 2551 2551 232 230 2552 2552 458 456 2553 2553 456 452 2554 2554 1046 1037 2555 2555 438 436 2556 2556 436 432 2557 2557 1047 1038 2558 2558 235 231 2559 2559 897 892 2560 2560 237 235 2561 2561 492 488 2562 2562 1048 1039 2563 2563 494 492 2564 2564 961 953 2565 2565 962 952 2566 2566 1049 1040 2567 2567 709 706 2568 2568 710 705 2569 2569 1050 1041 2570 2570 932 926 2571 2571 933 925 2572 2572 1051 1042 2573 2573 935 929 2574 2574 936 928 2575 2575 1052 1043 2576 2576 644 640 2577 2577 645 639 2578 2578 1053 1044 2579 2579 475 473 2580 2580 473 469 2581 2581 1054 1045 2582 2582 285 283 2583 2583 896 891 2584 2584 284 282 2585 2585 533 530 2586 2586 708 703 2587 2587 532 529 2588 2588 453 451 2589 2589 451 447 2590 2590 1055 1046 2591 2591 331 327 2592 2592 1056 1047 2593 2593 333 331 2594 2594 448 446 2595 2595 446 442 2596 2596 1057 1048 2597 2597 902 897 2598 2598 260 258 2599 2599 261 259 2600 2600 433 431 2601 2601 431 427 2602 2602 1058 1049 2603 2603 328 326 2604 2604 326 322 2605 2605 1059 1050 2606 2606 369 367 2607 2607 367 363 2608 2608 1060 1051 2609 2609 747 742 2610 2610 257 255 2611 2611 258 256 2612 2612 321 317 2613 2613 1061 1052 2614 2614 323 321 2615 2615 374 372 2616 2616 224 222 2617 2617 222 218 2618 2618 373 371 2619 2619 1062 1053 2620 2620 372 370 2621 2621 381 379 2622 2622 379 375 2623 2623 1063 1054 2624 2624 305 301 2625 2625 545 542 2626 2626 306 304 2627 2627 359 357 2628 2628 357 353 2629 2629 1064 1055 2630 2630 270 266 2631 2631 871 866 2632 2632 272 270 2633 2633 271 269 2634 2634 273 271 2635 2635 289 287 2636 2636 165 163 2637 2637 290 288 2638 2638 163 161 2639 2639</p>
        </triangles>
      </mesh>
    </geometry>
    <geometry id="mesh0_003-mesh" name="mesh0.003">
      <mesh>
        <source id="mesh0_003-mesh-positions">
          <float_array id="mesh0_003-mesh-positions-array" count="4983">-562.7446 -704.5803 13.62312 -636.9477 -824.3413 19.28947 -496.6877 -752.5736 13.62312 -587.657 -860.1531 19.28947 -496.6877 -752.5736 58.27339 -587.657 -860.1531 52.60689 -554.7976 -704.9724 17.26494 -499.5164 -745.1365 17.26494 -499.5164 -745.1365 54.63158 127.0533 -0.25938 -141.2093 127.0533 -0.259395 399.6151 102.6811 74.75161 -141.2093 102.6811 74.75159 399.6151 38.87271 121.1109 -141.2093 38.87271 121.1109 399.6151 495.5621 -752.5731 270.857 586.5316 -860.1525 276.5234 561.6192 -704.5799 270.857 635.8223 -824.3408 276.5234 561.6192 -704.5799 315.5073 635.8223 -824.3408 309.8408 40.26227 899.9902 13.62316 29.90011 1040.494 19.28952 -41.38866 899.9902 13.62316 -31.0266 1040.494 19.28952 -41.38866 899.9902 58.27344 -31.0266 1040.494 52.60694 40.26227 899.9902 270.8571 29.90011 1040.494 276.5234 -41.38866 899.9902 270.8571 -31.0266 1040.494 276.5234 -41.38866 899.9902 315.5073 -31.0266 1040.494 309.8408 33.60253 895.6363 274.4989 -34.72884 895.6363 274.4989 -34.72884 895.6363 311.8655 495.5621 -752.5731 13.62312 586.5316 -860.1525 19.28947 561.6192 -704.5799 13.62312 635.8223 -824.3408 19.28947 561.6192 -704.5799 58.27339 635.8223 -824.3408 52.60688 -103.8068 74.75161 -141.2093 -103.8068 74.75159 399.6151 -128.1795 -0.259373 -141.2093 -128.1795 -0.259388 399.6151 -103.8068 -75.27037 -141.2093 -103.8068 -75.27038 399.6151 38.87263 -121.6299 -141.2093 38.87263 -121.6299 399.6151 102.6809 -75.27068 -141.2093 102.6809 -75.27069 399.6151 868.241 239.1058 270.857 998.6663 292.3791 276.5234 843.0096 316.7605 270.857 979.839 350.3238 276.5234 843.0096 316.7605 315.5073 979.839 350.3238 309.8408 840.9266 309.0814 311.8655 840.9266 309.0814 274.4989 862.0422 244.0942 274.4989 33.60253 895.6363 17.26498 -34.72884 895.6363 17.26498 -34.72884 895.6363 54.63162 -39.99856 121.1112 -141.2093 -39.99856 121.1112 399.6151 -844.1356 316.76 13.62315 -980.965 350.3232 19.2895 -869.3671 239.1056 13.62315 -999.7926 292.3786 19.2895 -869.3671 239.1056 58.27342 -999.7926 292.3786 52.60691 498.3908 -745.1363 274.4988 553.6721 -704.9721 274.4989 553.6721 -704.9721 311.8655 -863.1683 244.094 54.6316 -863.1683 244.094 17.26496 -842.0527 309.0809 17.26496 862.0422 244.0942 17.26496 868.241 239.1058 13.62315 840.9266 309.0814 17.26496 843.0096 316.7606 13.62315 840.9266 309.0814 54.6316 843.0096 316.7606 58.27342 -844.1356 316.76 270.857 -980.965 350.3232 276.5234 -869.3671 239.1056 270.857 -999.7926 292.3786 276.5234 -869.3671 239.1056 315.5073 -999.7926 292.3786 309.8408 998.6663 292.3792 19.2895 979.839 350.3238 19.2895 979.839 350.3238 52.60691 -842.0527 309.0809 274.4989 -863.1683 244.094 274.4989 -863.1683 244.094 311.8655 498.3908 -745.1363 17.26494 553.6721 -704.9721 17.26494 553.6721 -704.9721 54.63158 -554.7976 -704.9724 274.4989 -562.7446 -704.5803 270.857 -499.5164 -745.1365 274.4988 -496.6877 -752.5736 270.857 -499.5164 -745.1365 311.8655 -496.6877 -752.5736 315.5073 -39.99864 -121.6299 399.6151 -39.99864 -121.6299 -141.2093 -636.9477 -824.3413 276.5234 -587.657 -860.1531 276.5234 -587.657 -860.1531 309.8408 308.3317 99.68384 274.6572 412.3467 576.8213 267.6258 254.8803 82.31629 274.6572 363.4942 587.471 267.6258 363.5479 587.5452 287.9058 -0.160872 324.5093 34.19337 -421.8659 570.8551 41.22478 -0.1608729 268.1992 34.19337 -447.082 527.6721 41.22478 -447.028 527.5983 61.50477 -0.160872 324.401 274.6572 -421.8032 570.7687 267.6258 -0.1608729 268.1989 274.6572 -447.028 527.5983 267.6258 -447.082 527.6721 287.9058 189.9423 -263.1516 274.6572 675.8694 -214.6323 267.6258 156.9075 -217.6831 274.6572 670.9018 -164.8797 267.6258 670.9888 -164.9078 287.9058 -658.0503 -905.2139 18.83171 -658.0503 -905.2139 53.06433 -604.1544 -903.9353 18.83171 -604.1544 -903.9353 53.06433 -191.7187 -262.6788 274.6572 4.58569 -709.8297 267.6258 -158.684 -217.2104 274.6572 50.36796 -689.7308 267.6258 50.3682 -689.8224 287.9058 190.006 -263.2391 34.19336 675.971 -214.6652 41.22475 156.9077 -217.6834 34.19336 670.9888 -164.9078 41.22476 670.9018 -164.8798 61.50476 -191.7824 -262.7666 34.19336 4.585729 -709.9366 41.22475 -158.6841 -217.2107 34.19336 50.3682 -689.8224 41.22475 50.36796 -689.7308 61.50474 -309.3121 100.4819 34.19337 -673.9151 -224.4583 41.22475 -255.758 83.08139 34.19336 -640.6377 -261.7843 41.22475 -640.5508 -261.756 61.50475 -309.2091 100.4486 274.6572 -673.8135 -224.4253 267.6258 -255.7577 83.08108 274.6572 -640.5508 -261.756 267.6258 -640.6377 -261.7843 287.9058 308.4347 99.71711 34.19337 412.4095 576.9076 41.22478 254.8806 82.31629 34.19336 363.5479 587.5452 41.22478 363.4942 587.471 61.50478 -1046.53 294.5392 53.06437 -1046.53 294.5392 18.83174 -1064.401 345.402 53.06437 -1064.401 345.402 18.83174 -294.1738 119.9869 44.44284 -249.2261 105.3827 44.44284 -294.1738 119.9869 285.2769 -249.2261 105.3827 285.2769 -67.13681 -21.89085 58.44828 -67.13681 -21.89085 13.44827 -41.70808 56.37178 13.44828 -41.70808 56.37178 13.44828 -41.70808 56.37178 58.44828 -842.0527 309.0809 17.26496 -842.0527 309.0809 54.6316 -1003.965 -299.9978 23.66723 -1003.863 -299.9649 43.94738 -988.5139 -347.5506 23.66738 -988.4124 -347.5178 43.94738 -1003.863 -299.9649 43.94738 -475.1589 -128.1784 43.94739 -988.4124 -347.5178 43.94738 -459.708 -175.7312 43.94739 -308.7782 75.03909 285.2769 -263.8305 60.43489 285.2769 -308.7782 75.03909 44.44284 -263.8305 60.4349 44.44284 -459.708 -175.7312 43.94739 -459.8092 -175.7641 23.66739 -475.2604 -128.2113 23.66739 -980.965 350.3232 309.8408 -844.1356 316.76 315.5073 -999.7926 292.3786 309.8408 -869.3671 239.1056 315.5073 -308.4328 58.73628 274.691 -439.7171 -543.776 276.1947 -261.0107 42.89034 274.9182 -366.4934 -441.2091 276.7677 -366.6011 -441.2441 296.7675 -439.8247 -543.8109 296.1944 -261.1181 42.85585 294.918 -308.5404 58.70149 294.6908 -1020.046 376.0468 18.83174 -980.965 350.3232 19.2895 -1020.046 376.0468 53.06437 -980.965 350.3232 52.60691 -844.1356 316.76 58.27342 -842.0527 309.0809 54.6316 -1064.401 345.402 18.83174 -1064.401 345.402 53.06437 -844.1356 316.76 13.62315 -842.0527 309.0809 17.26496 -844.1356 316.76 58.27342 -842.0527 309.0809 54.6316 -980.965 350.3232 276.5234 -844.1356 316.76 270.857 -980.965 350.3232 309.8408 -844.1356 316.76 315.5073 -215.0657 -228.9834 311.0244 -675.4257 181.2915 309.266 -186.0142 -188.2901 311.2521 -555.8987 141.3529 309.8391 -41.70808 56.37178 58.44828 -67.13681 -21.89085 58.44828 -842.0527 309.0809 54.6316 -863.1683 244.094 54.6316 -215.0657 -228.9834 311.0244 -214.9581 -228.9486 291.0244 -675.4257 181.2915 309.266 -675.3181 181.3263 289.266 -622.6701 226.7218 44.44285 -622.6701 226.7218 285.2769 -637.2745 181.774 44.44285 -637.2745 181.774 285.2769 -577.7224 212.1176 285.2769 -577.7224 212.1177 44.44285 -592.3268 167.1698 285.2769 -592.3268 167.1698 44.44284 -637.2745 181.774 44.44285 -577.7224 212.1177 44.44285 -1003.863 -299.9649 285.1832 -1003.965 -299.9978 305.4632 -988.4124 -347.5179 285.1832 -988.5139 -347.5507 305.4632 -1003.965 -299.9978 305.4632 -475.2604 -128.2113 305.4632 -988.5139 -347.5507 305.4632 -459.8092 -175.7641 305.4632 -459.8092 -175.7641 305.4632 -459.708 -175.7312 285.1832 -555.8987 141.3529 309.8391 -555.7911 141.388 289.8391 -186.0142 -188.2901 311.2521 -185.9067 -188.255 291.2521 -475.1589 -128.1784 285.1832 -1003.863 -299.9649 285.1832 -475.1589 -128.1784 285.1832 -1003.965 -299.9978 305.4632 -475.2604 -128.2113 305.4632 -364.701 587.5113 23.30562 -255.7577 83.08109 37.76773 -413.5357 576.8076 23.30547 -309.2091 100.4486 37.76789 -475.2604 -128.2113 305.4632 -475.1589 -128.1784 285.1832 -459.8092 -175.7641 305.4632 -459.708 -175.7312 285.1832 -408.6767 -521.7774 44.44284 -380.8975 -483.5425 44.44284 -408.6767 -521.7774 285.2769 -380.8975 -483.5425 285.2769 -25.56279 -1047.068 285.1832 -25.56294 -1047.175 305.4632 24.43729 -1047.069 285.1832 24.43714 -1047.175 305.4632 -673.9151 -224.4583 287.9058 -672.091 -164.9441 305.825 -158.684 -217.2104 291.3627 -672.1779 -164.9725 326.105 -158.6844 -217.2107 311.6427 -364.7549 587.5852 3.02547 -413.5983 576.8936 3.02547 -255.758 83.08139 17.48789 -309.3121 100.4819 17.48789 -191.7189 -262.6788 291.3627 -158.684 -217.2104 291.3627 -677.002 -214.6963 305.825 -672.091 -164.9441 305.825 -844.1356 316.76 315.5073 -842.0527 309.0809 311.8655 -672.1779 -164.9725 326.105 -158.6844 -217.2107 311.6427 -677.1032 -214.7293 326.105 -191.7824 -262.7665 311.6427 -191.7824 -262.7665 311.6427 -677.1032 -214.7293 326.105 -672.1779 -164.9725 326.105 -677.1032 -214.7293 326.105 -672.091 -164.9441 305.825 -677.002 -214.6963 305.825 -844.1356 316.76 270.857 -842.0527 309.0809 274.4989 -844.1356 316.76 315.5073 -842.0527 309.0809 311.8655 -308.7782 75.03909 44.44284 -249.2261 105.3827 44.44284 -144.6403 -507.5787 484.3972 -142.7589 -524.7382 459.8612 -100.8712 -906.7875 766.9434 -98.98979 -923.947 742.4075 -364.7549 587.5852 326.105 -255.758 83.08138 311.6427 -413.5983 576.8936 326.105 -309.3121 100.4819 311.6427 -347.0828 -920.0317 660.481 8.039955 -67.93579 336.0777 -307.7166 -939.0073 652.3731 42.42338 -98.8684 333.7974 -360.5046 -930.3127 619.3756 -347.0828 -920.0317 660.481 -321.1384 -949.288 611.2677 -307.7166 -939.0073 652.3731 -2.436502 -70.66497 292.2959 -360.5046 -930.3127 619.3756 31.69977 -102.4603 290.138 -321.1384 -949.288 611.2677 -307.7166 -939.0073 652.3731 42.42338 -98.8684 333.7974 -360.5046 -930.3127 619.3756 -2.436502 -70.66497 292.2959 -347.0828 -920.0317 660.481 8.039955 -67.93579 336.0777 -786.1893 -420.8518 463.971 -116.2013 -24.70274 306.6923 -764.4865 -456.4771 463.7601 -83.66972 -53.71611 303.9184 -793.3514 -424.9729 423.0814 -786.1893 -420.8518 463.971 -771.6484 -460.5981 422.8707 -764.4865 -456.4771 463.7601 -123.3633 -28.82384 265.8027 -793.3514 -424.9729 423.0814 -90.83174 -57.8372 263.0288 -771.6484 -460.5981 422.8707 -764.4865 -456.4771 463.7601 -83.66972 -53.71611 303.9184 -123.3633 -28.82384 265.8027 -116.2013 -24.70274 306.6923 -604.1544 -903.9353 310.2982 -604.1544 -903.9353 276.0656 -658.0503 -905.2139 310.2982 -658.0503 -905.2139 276.0656 -0.56276 -70.2597 270.6822 -67.13681 -21.89086 270.6822 -67.13681 -21.89086 270.6822 -67.13681 -21.89086 315.6822 -554.7976 -704.9724 274.4989 -554.7976 -704.9724 311.8655 -67.13681 -21.89086 315.6822 -0.56276 -70.2597 315.6822 -554.7976 -704.9724 311.8655 -499.5164 -745.1365 311.8655 -0.56276 -70.2597 315.6822 -658.0503 -905.2139 276.0656 -673.489 -853.5608 276.0656 -658.0503 -905.2139 310.2982 -673.489 -853.5608 310.2982 -636.9477 -824.3413 276.5234 -562.7446 -704.5803 270.857 -636.9477 -824.3413 309.8408 -562.7446 -704.5803 315.5073 -636.9477 -824.3413 309.8408 -562.7446 -704.5803 315.5073 -587.657 -860.1531 309.8408 -496.6877 -752.5736 315.5073 -562.7446 -704.5803 270.857 -554.7976 -704.9724 274.4989 -562.7446 -704.5803 315.5073 -554.7976 -704.9724 311.8655 -562.7446 -704.5803 315.5073 -554.7976 -704.9724 311.8655 150.6817 -274.9434 311.0244 -381.772 -585.9899 309.266 120.9573 -234.7388 311.2521 -306.8523 -484.6546 309.8391 -306.8524 -484.5413 289.8391 -381.772 -585.8766 289.266 120.9573 -234.6255 291.2521 150.6817 -274.8302 291.0244 -306.8523 -484.6546 309.8391 120.9573 -234.7388 311.2521 150.6817 -274.9434 311.0244 -381.772 -585.9899 309.266 -370.4419 -549.5566 44.44282 -370.4419 -549.5566 285.2769 -380.8975 -483.5425 44.44284 -342.6626 -511.3217 285.2769 -342.6626 -511.3217 44.44284 -370.4419 -549.5566 44.44282 -130.6925 -910.0571 766.9434 -100.8712 -906.7875 766.9434 -128.8111 -927.2166 742.4075 -98.98979 -923.947 742.4075 -25.56294 -1047.175 305.4632 -25.56285 -491.263 305.4632 24.43714 -1047.175 305.4632 24.43723 -491.2625 305.4632 -844.1356 316.76 13.62315 -844.1356 316.76 58.27342 -980.965 350.3232 52.60691 -844.1356 316.76 58.27342 -999.7926 292.3786 52.60691 -869.3671 239.1056 58.27342 -309.3121 100.4819 294.9372 -255.758 83.08138 294.9372 -673.9151 -224.4583 287.9058 -640.6377 -261.7843 287.9058 -309.3121 100.4819 294.9372 -673.9151 -224.4583 287.9058 -309.2091 100.4486 274.6572 -673.8135 -224.4253 267.6258 -261.1181 42.85585 294.918 -366.6011 -441.2441 296.7675 -439.7171 -543.776 276.1947 -308.4328 58.73628 274.691 -366.6011 -441.2441 50.88143 -439.8247 -543.8109 50.3083 -261.1181 42.85586 52.29502 -308.5404 58.70149 52.06781 -308.4328 58.73629 32.06812 -439.7171 -543.776 30.30862 -261.0107 42.89034 32.29532 -366.4934 -441.2091 30.88174 -261.1181 42.85586 52.29502 -366.6011 -441.2441 50.88143 -439.7171 -543.776 30.30862 -308.4328 58.73629 32.06812 -215.0657 -228.9834 43.26211 -675.4257 181.2915 41.50371 -186.0142 -188.2901 43.48977 -555.8987 141.3529 42.07682 -555.7911 141.388 22.07682 -675.3181 181.3263 21.5037 -185.9067 -188.255 23.48978 -214.9581 -228.9486 23.26212 -555.8987 141.3529 42.07682 -186.0142 -188.2901 43.48977 -215.0657 -228.9834 43.26211 -675.4257 181.2915 41.50371 -908.7725 -280.2191 41.45653 -908.7725 -280.2191 288.2632 -899.0356 -310.1864 41.45653 -899.0356 -310.1864 288.2632 -878.8052 -270.482 288.2632 -878.8052 -270.482 41.45653 -869.0681 -300.4495 288.2632 -869.0681 -300.4495 41.45653 -899.0356 -310.1864 41.45653 -878.8052 -270.482 41.45653 -1003.965 -299.9978 23.66723 -475.2604 -128.2113 23.66739 -1003.863 -299.9649 43.94738 -475.1589 -128.1784 43.94739 -475.1589 -128.1784 43.94739 -475.2604 -128.2113 23.66739 -459.708 -175.7312 43.94739 -459.8092 -175.7641 23.66739 -309.2091 100.4486 54.47336 -255.7577 83.08109 54.47321 -673.8135 -224.4253 61.50475 -640.5508 -261.756 61.50475 -309.2091 100.4486 54.47336 -673.8135 -224.4253 61.50475 -309.3121 100.4819 34.19337 -673.9151 -224.4583 41.22475 -673.8135 -224.4253 61.50475 -672.1779 -164.9725 3.02545 -158.6844 -217.2107 17.48788 -672.091 -164.9441 23.3056 -158.684 -217.2104 37.76773 -191.7824 -262.7666 17.48788 -158.6844 -217.2107 17.48788 -677.1032 -214.7293 3.025448 -672.1779 -164.9725 3.02545 -672.091 -164.9441 23.3056 -158.684 -217.2104 37.76773 -677.002 -214.6963 23.30545 -191.7189 -262.6788 37.76789 -191.7189 -262.6788 37.76789 -677.002 -214.6963 23.30545 -672.091 -164.9441 23.3056 -677.002 -214.6963 23.30545 -672.1779 -164.9725 3.02545 -677.1032 -214.7293 3.025448 -174.4616 -510.8482 484.3972 -144.6403 -507.5787 484.3972 -130.6925 -910.0571 766.9434 -100.8712 -906.7875 766.9434 -172.5802 -528.0077 459.8612 -174.4616 -510.8482 484.3972 -128.8111 -927.2166 742.4075 -130.6925 -910.0571 766.9434 -172.5802 -528.0077 459.8612 -128.8111 -927.2166 742.4075 391.176 809.3302 423.0814 81.99488 95.02991 265.8027 387.8042 801.7864 463.971 78.62303 87.48597 306.6923 -43.4144 1085.612 310.2983 -43.4144 1085.612 276.0657 -0.563301 1118.325 310.2983 -0.563301 1118.325 276.0657 -41.70808 56.37178 270.6822 40.58188 56.37178 270.6822 40.58188 56.37178 270.6822 40.58188 56.37178 315.6822 33.60253 895.6363 274.4989 33.60253 895.6363 311.8655 -41.70808 56.37178 315.6822 42.28776 1085.612 276.0657 29.90011 1040.494 276.5234 42.28776 1085.612 310.2983 29.90011 1040.494 309.8408 -0.563301 1118.325 276.0657 -0.563301 1118.325 310.2983 40.26227 899.9902 270.8571 40.26227 899.9902 315.5073 29.90011 1040.494 309.8408 40.26227 899.9902 315.5073 -31.0266 1040.494 309.8408 -41.38866 899.9902 315.5073 40.26227 899.9902 270.8571 33.60253 895.6363 274.4989 40.26227 899.9902 315.5073 33.60253 895.6363 311.8655 40.26227 899.9902 315.5073 33.60253 895.6363 311.8655 -284.3776 133.0652 311.0244 -36.44191 697.6754 309.266 -236.6984 118.0106 311.2521 -37.48993 571.6568 309.8391 -37.42332 571.5653 289.8391 -36.37531 697.5839 289.266 -236.6318 117.919 291.2521 -284.311 132.9736 291.0244 -37.48993 571.6568 309.8391 -236.6984 118.0106 311.2521 -284.3776 133.0652 311.0244 -36.44191 697.6754 309.266 -309.3121 100.4819 311.6427 -309.2091 100.4486 291.3627 -413.5983 576.8936 326.105 -413.5357 576.8076 305.825 -255.7577 83.08108 291.3627 -364.701 587.5113 305.825 -364.701 587.5113 305.825 -255.7577 83.08108 291.3627 -364.7549 587.5852 326.105 -255.758 83.08138 311.6427 -421.8659 570.8551 287.9058 -0.160872 324.5093 294.9372 -421.8659 570.8551 287.9058 -0.160872 324.401 274.6572 -421.8032 570.7687 267.6258 -0.160872 324.5093 294.9372 -0.1608729 268.1992 294.9372 -421.8659 570.8551 287.9058 -447.082 527.6721 287.9058 -268.9421 411.6654 305.4632 -268.8794 411.579 285.1832 -309.3928 382.2757 305.4632 -309.3303 382.1896 285.1832 -595.6364 861.3214 285.1832 -268.8794 411.579 285.1832 -595.6992 861.4081 305.4632 -268.9421 411.6654 305.4632 -636.0876 831.9324 285.1832 -309.3303 382.1896 285.1832 -595.6364 861.3214 285.1832 -268.8794 411.579 285.1832 -636.1502 832.0187 305.4632 -309.3928 382.2757 305.4632 -595.6992 861.4081 305.4632 -268.9421 411.6654 305.4632 -636.1502 832.0187 305.4632 -309.3928 382.2757 305.4632 -595.6992 861.4081 305.4632 23.06752 661.5408 44.44286 23.06752 614.2801 44.44286 23.06752 661.5408 285.2769 23.06752 614.2801 285.2769 -24.19338 661.5408 285.2769 -24.19338 614.2801 285.2769 -24.19338 661.5408 44.44286 -24.19338 614.2801 44.44286 23.06752 614.2801 44.44286 -24.19338 661.5408 44.44286 -159.9926 515.0308 484.3972 -182.1967 494.8572 484.3972 -430.0516 812.2705 766.9434 -452.2557 792.0969 766.9434 -673.489 -853.5608 53.06435 -636.9477 -824.3413 52.60688 -658.0503 -905.2139 53.06433 -604.1544 -903.9353 53.06433 1045.404 294.5398 53.06437 998.6663 292.3792 52.60691 1063.274 345.4025 53.06437 1018.92 376.0473 53.06437 -673.489 -853.5608 18.83171 1018.92 376.0473 276.0656 1063.274 345.4025 276.0656 1045.404 294.5398 276.0656 -43.4144 1085.612 18.83176 -0.563301 1118.325 18.83176 42.28776 1085.612 18.83176 1045.404 294.5398 310.2983 998.6663 292.3791 309.8408 1063.274 345.4025 310.2983 1018.92 376.0473 310.2983 42.28776 1085.612 53.06439 29.90011 1040.494 52.60694 -0.563301 1118.325 53.06439 -43.4144 1085.612 53.06439 -1020.046 376.0468 310.2983 -980.965 350.3232 309.8408 -1064.401 345.402 310.2983 -1046.53 294.5392 310.2983 -1046.53 294.5392 276.0656 -1064.401 345.402 276.0656 -1020.046 376.0468 276.0656 1018.92 376.0473 18.83174 1063.274 345.4025 18.83174 1045.404 294.5398 18.83174 672.3637 -853.5603 18.83171 656.9251 -905.2135 18.83171 603.0291 -903.9348 18.83171 -1020.046 376.0468 18.83174 603.0291 -903.9348 53.06433 586.5316 -860.1525 52.60689 656.9251 -905.2135 53.06433 672.3637 -853.5603 53.06435 -1020.046 376.0468 53.06437 -980.965 350.3232 52.60691 -1064.401 345.402 53.06437 -1046.53 294.5392 53.06437 -673.489 -853.5608 276.0656 -673.489 -853.5608 310.2982 -636.9477 -824.3413 309.8408 -658.0503 -905.2139 310.2982 -604.1544 -903.9353 310.2982 349.3062 817.8513 463.7601 35.25077 91.83686 303.9184 352.678 825.3952 422.8707 38.62261 99.3805 263.0288 81.99488 95.02991 265.8027 391.176 809.3302 423.0814 352.678 825.3952 422.8707 349.3062 817.8513 463.7601 387.8042 801.7864 463.971 78.62303 87.48597 306.6923 349.3062 817.8513 463.7601 35.25077 91.83686 303.9184 -256.0357 963.7378 619.3756 -40.43062 57.80122 292.2959 -260.8513 947.5314 660.481 -47.30207 49.43512 336.0777 -303.8527 939.744 652.3731 -93.30056 54.2502 333.7974 -299.0371 955.9503 611.2677 -86.7364 63.45949 290.138 -40.43062 57.80122 292.2959 -256.0357 963.7378 619.3756 -256.0357 963.7378 619.3756 -260.8513 947.5314 660.481 -299.0371 955.9503 611.2677 -303.8527 939.744 652.3731 -260.8513 947.5314 660.481 -47.30207 49.43512 336.0777 -303.8527 939.744 652.3731 -93.30056 54.2502 333.7974 -430.0516 812.2705 766.9434 -452.2557 792.0969 766.9434 -441.6597 825.047 742.4075 -463.8638 804.8733 742.4075 -182.1967 494.8572 484.3972 -193.8048 507.6336 459.8612 -452.2557 792.0969 766.9434 -463.8638 804.8733 742.4075 -171.6007 527.8073 459.8612 -441.6597 825.047 742.4075 -171.6007 527.8073 459.8612 -159.9926 515.0308 484.3972 -441.6597 825.047 742.4075 -430.0516 812.2705 766.9434 42.28776 1085.612 276.0657 603.0291 -903.9348 310.2982 586.5316 -860.1525 309.8408 656.9251 -905.2135 310.2982 672.3637 -853.5603 310.2982 42.28776 1085.612 310.2983 29.90011 1040.494 309.8408 -0.563301 1118.325 310.2983 -43.4144 1085.612 310.2983 672.3637 -853.5603 276.0656 656.9251 -905.2135 276.0656 603.0291 -903.9348 276.0656 -636.1502 832.0187 23.66742 -309.3928 382.2757 23.6674 -595.6992 861.4081 23.66727 -268.9421 411.6654 23.6674 -595.6992 861.4081 23.66727 -268.9421 411.6654 23.6674 -595.6364 861.3214 43.94741 -268.8794 411.579 43.9474 -268.8794 411.579 43.9474 -268.9421 411.6654 23.6674 -309.3303 382.1896 43.9474 -309.3928 382.2757 23.6674 -0.160872 324.401 54.47337 -0.1608729 268.1989 54.47322 -421.8032 570.7687 61.50478 -447.028 527.5983 61.50477 -0.160872 324.401 54.47337 -421.8032 570.7687 61.50478 -0.160872 324.5093 34.19337 -421.8659 570.8551 41.22478 -421.8032 570.7687 61.50478 -364.7549 587.5852 3.02547 -255.758 83.08139 17.48789 -364.701 587.5113 23.30562 -255.7577 83.08109 37.76773 29.90011 1040.494 19.28952 40.26227 899.9902 13.62316 29.90011 1040.494 52.60694 40.26227 899.9902 58.27344 29.90011 1040.494 52.60694 40.26227 899.9902 58.27344 -31.0266 1040.494 52.60694 -41.38866 899.9902 58.27344 -413.5357 576.8076 23.30547 -309.2091 100.4486 37.76789 -364.701 587.5113 23.30562 -413.5357 576.8076 23.30547 -364.7549 587.5852 3.02547 -413.5983 576.8936 3.02547 -539.8994 7.347432 484.3972 -527.5745 -20.00395 484.3972 -906.0443 -157.6419 766.9434 -893.7193 -184.9933 766.9434 -555.6376 0.255759 459.8612 -539.8994 7.347432 484.3972 -921.7825 -164.7336 742.4075 -906.0443 -157.6419 766.9434 -543.3128 -27.09562 459.8612 -555.6376 0.255759 459.8612 -909.4575 -192.0849 742.4075 -921.7825 -164.7336 742.4075 -527.5745 -20.00395 484.3972 -893.7193 -184.9933 766.9434 -906.0443 -157.6419 766.9434 -893.7193 -184.9933 766.9434 -921.7825 -164.7336 742.4075 -909.4575 -192.0849 742.4075 -1064.401 345.402 276.0656 -1020.046 376.0468 276.0656 -1064.401 345.402 310.2983 -1020.046 376.0468 310.2983 -1046.53 294.5392 310.2983 -67.13681 -21.89086 315.6822 -41.70808 56.37178 315.6822 -842.0527 309.0809 311.8655 -863.1683 244.094 311.8655 -41.70808 56.37178 270.6822 -41.70808 56.37178 315.6822 -842.0527 309.0809 274.4989 -842.0527 309.0809 311.8655 40.58188 56.37178 315.6822 33.60253 895.6363 311.8655 -34.72884 895.6363 311.8655 -670.5171 585.2957 463.7601 -77.08467 62.26076 303.9184 -676.6497 590.8338 422.8707 -83.21726 67.79848 263.0288 -65.6767 107.7036 265.8027 -649.4746 622.4832 423.0814 -649.4746 622.4832 423.0814 -643.342 616.9455 463.971 -676.6497 590.8338 422.8707 -670.5171 585.2957 463.7601 -643.342 616.9455 463.971 -59.54411 102.1655 306.6923 -670.5171 585.2957 463.7601 -77.08467 62.26076 303.9184 -996.3242 54.6628 619.3756 -68.10167 -20.23436 292.2959 -982.3991 45.0751 660.481 -62.26865 -29.35454 336.0777 -988.281 1.771878 652.3731 -81.06218 -71.61376 333.7974 -1002.206 11.35989 611.2677 -87.79226 -62.52501 290.138 -68.10167 -20.23436 292.2959 -996.3242 54.6628 619.3756 -996.3242 54.6628 619.3756 -982.3991 45.0751 660.481 -1002.206 11.35989 611.2677 -988.281 1.771878 652.3731 -982.3991 45.0751 660.481 -62.26865 -29.35454 336.0777 -988.281 1.771878 652.3731 -81.06218 -71.61376 333.7974 -364.7549 587.5852 326.105 -413.5983 576.8936 326.105 -364.701 587.5113 305.825 -413.5357 576.8076 305.825 23.06751 316.1393 44.44285 23.06751 316.1393 285.2769 -24.19339 316.1393 44.44285 -24.19339 316.1393 285.2769 23.06751 268.8785 285.2769 23.06751 268.8785 44.44285 -24.19339 268.8785 285.2769 -24.19339 268.8785 44.44285 -24.19339 316.1393 44.44285 23.06751 268.8785 44.44285 -43.4144 1085.612 53.06439 -0.563301 1118.325 53.06439 40.58188 56.37178 13.44828 40.58188 56.37178 13.44828 40.58188 56.37178 58.44828 33.60253 895.6363 17.26498 33.60253 895.6363 54.63162 40.58188 56.37178 58.44828 33.60253 895.6363 54.63162 -34.72884 895.6363 54.63162 -41.70808 56.37178 58.44828 42.28776 1085.612 18.83176 42.28776 1085.612 53.06439 -0.563301 1118.325 18.83176 -0.563301 1118.325 53.06439 40.26227 899.9902 13.62316 33.60253 895.6363 17.26498 40.26227 899.9902 58.27344 33.60253 895.6363 54.63162 40.26227 899.9902 58.27344 33.60253 895.6363 54.63162 -533.0763 211.5918 296.7675 -653.2506 249.5368 296.1944 -40.07405 260.8667 294.918 -39.65813 310.8646 294.6908 -636.0876 831.9324 43.94741 -309.3303 382.1896 43.9474 -595.6364 861.3214 43.94741 -268.8794 411.579 43.9474 -636.0876 831.9324 43.94741 -309.3303 382.1896 43.9474 -595.6364 861.3214 43.94741 -547.4725 776.9867 41.45656 -528.9516 751.4951 41.45656 -547.4725 776.9867 288.2632 -528.9516 751.4951 288.2632 -572.9644 758.4659 288.2632 -554.4436 732.9743 288.2632 -572.9644 758.4659 41.45656 -554.4436 732.9743 41.45656 -1064.401 345.402 310.2983 -65.6767 107.7036 265.8027 -59.54411 102.1655 306.6923 -37.48993 571.6568 42.07683 -37.42332 571.5653 22.07683 -236.6984 118.0106 43.48978 -236.6318 117.919 23.48978 -36.37531 697.5839 21.50372 -284.311 132.9737 23.26212 -284.3776 133.0652 43.26212 -36.44191 697.6754 41.50371 -236.6984 118.0106 43.48978 -37.48993 571.6568 42.07683 -653.184 249.4452 30.30863 -39.5916 310.7731 32.06813 -653.2506 249.5368 50.30833 -39.65813 310.8646 52.06782 -40.00783 260.7752 32.29533 -533.0098 211.5003 30.88175 -40.07405 260.8667 52.29503 -533.0763 211.5918 50.88145 -39.5916 310.7731 32.06813 -653.184 249.4452 30.30863 -533.0763 211.5918 50.88145 -40.07405 260.8667 52.29503 -653.184 249.4452 276.1947 -39.5916 310.7731 274.691 -40.00783 260.7752 274.9182 -533.0098 211.5003 276.7677 -40.07405 260.8667 294.918 -533.0763 211.5918 296.7675 -39.5916 310.7731 274.691 -653.184 249.4452 276.1947 35.24929 697.583 276.1947 283.1859 132.9733 274.691 35.31575 697.6746 296.1944 283.2525 133.0649 294.6908 36.36394 571.6565 50.88146 35.31575 697.6746 50.30834 235.5731 118.0103 52.29502 283.2525 133.0649 52.06781 283.1859 132.9733 32.06812 35.24929 697.583 30.30865 235.5066 117.919 32.29533 36.29742 571.565 30.88176 797.3238 -582.4688 652.3731 106.5033 10.15137 333.7974 802.9538 -598.4107 611.2677 106.6058 -1.157523 290.138 772.7423 -629.9863 619.3756 65.81789 -23.7976 292.2959 767.1122 -614.0446 660.481 66.45968 -12.99071 336.0777 156.6723 -877.4046 463.971 -13.05021 -117.7911 306.6923 197.2605 -867.7727 463.7601 24.59601 -95.81756 303.9184 158.3785 -885.4895 423.0814 156.6723 -877.4046 463.971 198.9668 -875.8577 422.8707 197.2605 -867.7727 463.7601 -11.34394 -125.8761 265.8027 158.3785 -885.4895 423.0814 26.30224 -103.9026 263.0288 198.9668 -875.8577 422.8707 197.2605 -867.7727 463.7601 24.59601 -95.81756 303.9184 -11.34394 -125.8761 265.8027 -13.05021 -117.7911 306.6923 672.3637 -853.5603 310.2982 656.9251 -905.2135 310.2982 66.01107 -21.89056 270.6822 -0.56276 -70.2597 270.6822 -0.56276 -70.2597 315.6822 498.3908 -745.1363 274.4988 498.3908 -745.1363 311.8655 66.01107 -21.89056 315.6822 498.3908 -745.1363 311.8655 553.6721 -704.9721 311.8655 66.01107 -21.89056 315.6822 586.5316 -860.1525 309.8408 603.0291 -903.9348 310.2982 586.5316 -860.1525 276.5234 603.0291 -903.9348 276.0656 -284.3776 133.0652 43.26212 -36.44191 697.6754 41.50371 -572.9644 758.4659 41.45656 -528.9516 751.4951 41.45656 586.5316 -860.1525 309.8408 495.5621 -752.5731 315.5073 635.8223 -824.3408 309.8408 561.6192 -704.5799 315.5073 495.5621 -752.5731 270.857 498.3908 -745.1363 274.4988 495.5621 -752.5731 315.5073 498.3908 -745.1363 311.8655 495.5621 -752.5731 315.5073 498.3908 -745.1363 311.8655 307.4141 58.70087 311.0244 438.6995 -543.8115 309.266 259.9919 42.85492 311.2521 365.4755 -441.2442 309.8391 365.3678 -441.2093 289.8391 438.5919 -543.7766 289.266 259.8843 42.89002 291.2521 307.3064 58.73566 291.0244 365.4755 -441.2442 309.8391 259.9919 42.85492 311.2521 307.4141 58.70087 311.0244 438.6995 -543.8115 309.266 369.3161 -549.5566 44.44282 369.3161 -549.5566 285.2769 407.5509 -521.7774 44.44284 407.5509 -521.7774 285.2769 341.5368 -511.3217 285.2769 341.5368 -511.3217 44.44284 379.7716 -483.5425 285.2769 379.7716 -483.5425 44.44284 407.5509 -521.7774 44.44284 341.5368 -511.3217 44.44284 824.4938 -405.1629 766.9434 830.5996 -375.7908 766.9434 841.3948 -408.676 742.4075 847.5006 -379.3039 742.4075 308.4347 99.7171 294.9372 412.4095 576.9076 287.9058 308.3317 99.68384 274.6572 412.3467 576.8213 267.6258 412.4095 576.9076 287.9058 445.9154 527.6876 305.825 -0.160949 268.1989 291.3627 445.969 527.7615 326.105 -0.160759 268.1992 311.6427 445.9154 527.6876 305.825 420.6448 570.8245 305.825 -0.160949 268.1989 291.3627 -0.160795 324.401 291.3627 235.5731 118.0103 52.29502 36.36394 571.6565 50.88146 35.24929 697.583 30.30865 283.1859 132.9733 32.06812 38.53278 310.864 43.26213 652.1254 249.5373 41.50371 38.94866 260.8661 43.48979 531.9506 211.5921 42.07682 531.8841 211.5005 22.07682 652.059 249.4455 21.5037 38.88213 260.7746 23.48978 38.46625 310.7724 23.26213 531.9506 211.5921 42.07682 38.94866 260.8661 43.48979 38.53278 310.864 43.26213 652.1254 249.5373 41.50371 569.6379 760.0647 41.45656 569.6379 760.0647 288.2632 544.1461 778.5855 41.45656 544.1461 778.5855 288.2632 551.117 734.573 288.2632 551.117 734.573 41.45656 525.6252 753.0938 288.2632 525.6252 753.0938 41.45656 544.1461 778.5855 41.45656 551.117 734.573 41.45656 635.0244 832.0187 23.66727 634.9614 831.9324 43.94741 594.5734 861.4081 23.66742 594.5106 861.3217 43.94741 634.9614 831.9324 43.94741 308.2044 382.1896 43.9474 594.5106 861.3217 43.94741 267.7534 411.579 43.9474 235.5066 117.919 274.9182 36.29742 571.565 276.7677 235.5731 118.0103 294.918 36.36394 571.6565 296.7675 283.1859 132.9733 274.691 35.24929 697.583 276.1947 437.404 -294.0553 484.3972 454.305 -297.5685 459.8612 830.5996 -375.7908 766.9434 847.5006 -379.3039 742.4075 448.1992 -326.9406 459.8612 841.3948 -408.676 742.4075 448.1992 -326.9406 459.8612 431.2983 -323.4274 484.3972 841.3948 -408.676 742.4075 824.4938 -405.1629 766.9434 431.2983 -323.4274 484.3972 437.404 -294.0553 484.3972 824.4938 -405.1629 766.9434 830.5996 -375.7908 766.9434 445.9154 527.6877 23.30562 420.6448 570.8245 23.30547 445.969 527.7615 3.025469 420.7073 570.9107 3.02547 -0.160795 324.401 37.7679 -0.160986 324.5093 17.4879 420.6448 570.8245 23.30547 420.7073 570.9107 3.02547 445.9154 527.6877 23.30562 -0.160949 268.1989 37.76774 420.6448 570.8245 23.30547 -0.160795 324.401 37.7679 -0.160759 268.1992 17.48789 445.969 527.7615 3.025469 445.969 527.7615 3.025469 -0.160759 268.1992 17.48789 445.9154 527.6877 23.30562 -0.160949 268.1989 37.76774 412.3467 576.8213 61.50478 308.3317 99.68385 54.47336 412.3467 576.8213 61.50478 308.4347 99.71711 34.19337 412.4095 576.9076 41.22478 308.3317 99.68385 54.47336 254.8803 82.31629 54.47321 412.3467 576.8213 61.50478 363.4942 587.471 61.50478 495.5621 -752.5731 270.857 495.5621 -752.5731 315.5073 656.9251 -905.2135 310.2982 656.9251 -905.2135 276.0656 267.7534 411.579 43.9474 267.8159 411.6651 23.6674 184.7809 -188.2559 32.29532 554.6649 141.3876 30.88175 184.8883 -188.291 52.29501 554.7725 141.3528 50.88144 674.1913 181.3263 30.30863 213.8321 -228.9496 32.06811 674.2989 181.2915 50.30833 213.9398 -228.9843 52.0678 307.4141 58.70087 43.26212 438.6995 -543.8115 41.50368 259.9919 42.85493 43.48978 365.4755 -441.2442 42.0768 365.3678 -441.2093 22.07681 438.5919 -543.7766 21.50368 259.8843 42.89002 23.48978 307.3064 58.73567 23.26212 365.4755 -441.2442 42.0768 259.9919 42.85493 43.48978 307.4141 58.70087 43.26212 438.6995 -543.8115 41.50368 898.7502 -307.5995 41.45653 898.7502 -307.5995 288.2632 908.4871 -277.632 41.45653 908.4871 -277.632 288.2632 868.7827 -297.8626 288.2632 868.7827 -297.8626 41.45653 878.5198 -267.8951 288.2632 878.5198 -267.8951 41.45653 908.4871 -277.632 41.45653 308.2671 382.276 23.6674 635.0244 832.0187 23.66727 308.2671 382.276 23.6674 634.9614 831.9324 43.94741 308.2044 382.1896 43.9474 308.2044 382.1896 43.9474 308.2671 382.276 23.6674 267.7534 411.579 43.9474 267.8159 411.6651 23.6674 987.3878 -347.5507 23.66723 458.6836 -175.7642 23.66739 987.2861 -347.5176 43.94738 458.5821 -175.7312 43.94739 458.5821 -175.7312 43.94739 458.6836 -175.7642 23.66739 474.0329 -128.1784 43.94739 474.1341 -128.211 23.66739 189.9423 -263.1515 54.47335 156.9075 -217.6831 54.4732 675.8694 -214.6323 61.50475 670.9018 -164.8798 61.50476 189.9423 -263.1515 54.47335 675.8694 -214.6323 61.50475 190.006 -263.2391 34.19336 675.971 -214.6652 41.22475 675.8694 -214.6323 61.50475 639.6009 -261.769 3.025447 254.8806 82.31629 17.48789 639.5138 -261.741 23.3056 254.8802 82.3166 37.76773 308.4346 99.71742 17.48789 254.8806 82.31629 17.48789 672.8316 -224.4101 3.025448 639.6009 -261.769 3.025447 639.5138 -261.741 23.3056 254.8802 82.3166 37.76773 672.7305 -224.3771 23.30545 308.3317 99.68385 37.76789 308.3317 99.68385 37.76789 672.7305 -224.3771 23.30545 639.5138 -261.741 23.3056 672.7305 -224.3771 23.30545 639.6009 -261.769 3.025447 672.8316 -224.4101 3.025448 495.5621 -752.5731 13.62312 498.3908 -745.1363 17.26494 495.5621 -752.5731 58.27339 498.3908 -745.1363 54.63158 495.5621 -752.5731 58.27339 498.3908 -745.1363 54.63158 554.7725 141.3528 296.7675 674.2989 181.2915 296.1944 184.8883 -188.291 294.918 213.9398 -228.9844 294.6908 213.8321 -228.9496 274.691 674.1913 181.3263 276.1947 184.7809 -188.2559 274.9182 554.6649 141.3876 276.7677 184.8883 -188.291 294.918 554.7725 141.3528 296.7675 38.87263 -121.6299 399.6151 -0.562911 -0.259698 448.0895 102.6809 -75.27069 399.6151 127.0533 -0.259395 399.6151 38.87271 121.1109 399.6151 -39.99856 121.1112 399.6151 -103.8068 74.75159 399.6151 102.6811 74.75159 399.6151 -128.1795 -0.259388 399.6151 -103.8068 -75.27038 399.6151 -39.99864 -121.6299 399.6151 767.1122 -614.0446 660.481 66.45968 -12.99071 336.0777 797.3238 -582.4688 652.3731 106.5033 10.15137 333.7974 772.7423 -629.9863 619.3756 767.1122 -614.0446 660.481 802.9538 -598.4107 611.2677 797.3238 -582.4688 652.3731 65.81789 -23.7976 292.2959 772.7423 -629.9863 619.3756 190.006 -263.2391 294.9372 156.9077 -217.6834 294.9372 675.971 -214.6652 287.9058 670.9888 -164.9078 287.9058 190.006 -263.2391 294.9372 675.971 -214.6652 287.9058 189.9423 -263.1516 274.6572 675.8694 -214.6323 267.6258 675.971 -214.6652 287.9058 639.5138 -261.741 305.825 254.8802 82.31659 291.3627 639.6009 -261.769 326.105 254.8806 82.31629 311.6427 308.3317 99.68384 291.3627 254.8802 82.31659 291.3627 672.7305 -224.3771 305.825 639.5138 -261.741 305.825 639.6009 -261.769 326.105 254.8806 82.31629 311.6427 672.8316 -224.4101 326.105 308.4346 99.7174 311.6427 308.4346 99.7174 311.6427 672.8316 -224.4101 326.105 639.6009 -261.769 326.105 672.8316 -224.4101 326.105 639.5138 -261.741 305.825 672.7305 -224.3771 305.825 868.7827 -297.8626 41.45653 987.3878 -347.5507 23.66723 987.2861 -347.5176 43.94738 1002.839 -299.9979 23.66738 1002.737 -299.9648 43.94738 987.2861 -347.5176 43.94738 458.5821 -175.7312 43.94739 1002.737 -299.9648 43.94738 474.0329 -128.1784 43.94739 474.0329 -128.1784 43.94739 474.1341 -128.211 23.66739 458.6836 -175.7642 23.66739 213.8321 -228.9496 32.06811 674.1913 181.3263 30.30863 554.7725 141.3528 50.88144 184.8883 -188.291 52.29501 674.1913 181.3263 276.1947 213.8321 -228.9496 274.691 458.6836 -175.7642 305.4632 458.5821 -175.7312 285.1832 474.1341 -128.2111 305.4632 474.0329 -128.1784 285.1832 987.2861 -347.5176 285.1832 458.5821 -175.7312 285.1832 987.3878 -347.5507 305.4632 458.6836 -175.7642 305.4632 1002.737 -299.9648 285.1832 474.0329 -128.1784 285.1832 987.2861 -347.5176 285.1832 458.5821 -175.7312 285.1832 1002.839 -299.9979 305.4632 474.1341 -128.2111 305.4632 987.3878 -347.5507 305.4632 458.6836 -175.7642 305.4632 1002.839 -299.9979 305.4632 474.1341 -128.2111 305.4632 987.3878 -347.5507 305.4632 586.5316 -860.1525 52.60689 495.5621 -752.5731 58.27339 635.8223 -824.3408 52.60688 561.6192 -704.5799 58.27339 586.5316 -860.1525 19.28947 495.5621 -752.5731 13.62312 586.5316 -860.1525 52.60689 495.5621 -752.5731 58.27339 656.9251 -905.2135 18.83171 603.0291 -903.9348 18.83171 656.9251 -905.2135 53.06433 603.0291 -903.9348 53.06433 672.3637 -853.5603 53.06435 66.01107 -21.89055 58.44828 66.01107 -21.89055 13.44827 -0.56276 -70.25969 58.44828 66.01107 -21.89055 58.44828 498.3908 -745.1363 54.63158 553.6721 -704.9721 54.63158 -0.56276 -70.25969 13.44827 -0.56276 -70.25969 58.44828 498.3908 -745.1363 17.26494 498.3908 -745.1363 54.63158 16.55189 -950.5303 288.2632 16.55189 -919.0206 288.2632 16.55189 -950.5303 41.45652 16.55189 -919.0206 41.45652 -205.6549 -242.3417 44.44284 -205.6549 -242.3417 285.2769 -167.42 -270.121 44.44284 -167.42 -270.121 285.2769 -177.8757 -204.107 285.2769 -177.8757 -204.107 44.44284 -139.6408 -231.8863 285.2769 -139.6408 -231.8863 44.44284 -167.42 -270.121 44.44284 -177.8757 -204.107 44.44284 -0.56276 -70.25969 13.44827 -67.13681 -21.89085 13.44827 -67.13681 -21.89085 58.44828 -554.7976 -704.9724 17.26494 -554.7976 -704.9724 54.63158 -554.7976 -704.9724 54.63158 -499.5164 -745.1365 54.63158 -191.7187 -262.6788 54.47335 -158.684 -217.2104 54.4732 4.58569 -709.8297 61.50474 50.36796 -689.7308 61.50474 -191.7187 -262.6788 54.47335 4.58569 -709.8297 61.50474 -191.7824 -262.7666 34.19336 4.585729 -709.9366 41.22475 4.58569 -709.8297 61.50474 -51.45179 -689.9023 3.025436 156.9078 -217.6834 17.48788 -51.45202 -689.811 23.30559 156.9077 -217.6831 37.76773 190.0062 -263.2391 17.48788 156.9078 -217.6834 17.48788 -5.652308 -709.9622 3.025435 -51.45179 -689.9023 3.025436 -51.45202 -689.811 23.30559 156.9077 -217.6831 37.76773 -5.652347 -709.8558 23.30544 189.9424 -263.1515 37.76789 189.9424 -263.1515 37.76789 -5.652347 -709.8558 23.30544 -51.45202 -689.811 23.30559 -5.652347 -709.8558 23.30544 -51.45179 -689.9023 3.025436 -5.652308 -709.9622 3.025435 440.2406 310.6006 484.3972 414.1928 325.484 484.3972 639.4796 659.2941 766.9434 613.4319 674.1776 766.9434 166.2941 -270.121 44.44284 166.2941 -270.121 285.2769 204.529 -242.3417 44.44284 204.529 -242.3418 285.2769 138.5149 -231.8863 285.2769 138.5149 -231.8863 44.44284 176.7497 -204.107 285.2769 176.7497 -204.107 44.44284 204.529 -242.3417 44.44284 138.5149 -231.8863 44.44284 656.9251 -905.2135 53.06433 799.7117 578.6633 652.3731 22.6213 104.7839 333.7974 816.6131 579.0914 611.2677 33.4083 101.3867 290.138 837.3074 540.6011 619.3756 42.33618 55.59876 292.2959 820.4062 540.173 660.481 32.25642 59.54866 336.0777 882.2402 -121.7725 463.971 107.3578 -48.45488 306.6923 885.6222 -80.19441 463.7601 98.09285 -5.860893 303.9184 890.4567 -122.6483 423.0814 882.2402 -121.7725 463.971 893.8387 -81.06996 422.8707 885.6222 -80.19441 463.7601 115.5744 -49.33044 265.8027 890.4567 -122.6483 423.0814 106.3094 -6.736441 263.0288 893.8387 -81.06996 422.8707 885.6222 -80.19441 463.7601 98.09285 -5.860893 303.9184 115.5744 -49.33044 265.8027 107.3578 -48.45488 306.6923 1018.92 376.0473 310.2983 1063.274 345.4025 310.2983 24.43723 -491.2625 305.4632 24.43719 -491.1561 285.1832 -25.56289 -491.1561 285.1832 -25.56279 -1047.068 285.1832 -25.56289 -491.1561 285.1832 -25.56294 -1047.175 305.4632 -25.56285 -491.263 305.4632 -25.56285 -491.263 305.4632 -25.56289 -491.1561 285.1832 24.43723 -491.2625 305.4632 24.43719 -491.1561 285.1832 -191.7824 -262.7665 294.9372 -158.6841 -217.2107 294.9372 4.585729 -709.9366 287.9058 50.3682 -689.8224 287.9058 -191.7824 -262.7665 294.9372 4.585729 -709.9366 287.9058 -191.7187 -262.6788 274.6572 4.58569 -709.8297 267.6258 4.585729 -709.9366 287.9058 -51.45202 -689.811 305.825 156.9077 -217.6831 291.3627 -51.45179 -689.9023 326.105 156.9078 -217.6834 311.6427 189.9424 -263.1516 291.3627 156.9077 -217.6831 291.3627 -5.652347 -709.8558 305.825 -51.45202 -689.811 305.825 -51.45179 -689.9023 326.105 156.9078 -217.6834 311.6427 -5.652308 -709.9622 326.105 190.0062 -263.2391 311.6427 190.0062 -263.2391 311.6427 -5.652308 -709.9622 326.105 -51.45179 -689.9023 326.105 -5.652308 -709.9622 326.105 -51.45202 -689.811 305.825 -5.652347 -709.8558 305.825 -0.56276 -70.25969 58.44828 -673.489 -853.5608 18.83171 -636.9477 -824.3413 19.28947 -673.489 -853.5608 53.06435 -636.9477 -824.3413 52.60688 -658.0503 -905.2139 18.83171 -658.0503 -905.2139 53.06433 -562.7446 -704.5803 13.62312 -562.7446 -704.5803 58.27339 -636.9477 -824.3413 52.60688 -562.7446 -704.5803 58.27339 -587.657 -860.1531 52.60689 -496.6877 -752.5736 58.27339 448.8046 325.5887 459.8612 440.2406 310.6006 484.3972 648.0437 674.2822 742.4075 639.4796 659.2941 766.9434 422.7568 340.4721 459.8612 448.8046 325.5887 459.8612 621.9959 689.1657 742.4075 648.0437 674.2822 742.4075 414.1928 325.484 484.3972 613.4319 674.1776 766.9434 639.4796 659.2941 766.9434 613.4319 674.1776 766.9434 648.0437 674.2822 742.4075 621.9959 689.1657 742.4075 820.4062 540.173 660.481 32.25642 59.54866 336.0777 799.7117 578.6633 652.3731 22.6213 104.7839 333.7974 837.3074 540.6011 619.3756 820.4062 540.173 660.481 816.6131 579.0914 611.2677 799.7117 578.6633 652.3731 42.33618 55.59876 292.2959 837.3074 540.6011 619.3756 -122.0838 -234.6258 32.29532 305.7262 -484.541 30.88173 -122.084 -234.7388 52.29501 305.7262 -484.6542 50.88143 380.6458 -585.8757 30.30862 -151.8085 -274.8303 32.06811 380.6458 -585.9888 50.3083 -151.8085 -274.9435 52.0678 150.6817 -274.9433 43.26211 -381.772 -585.9899 41.50368 120.9573 -234.7388 43.48977 -306.8523 -484.6546 42.0768 -306.8524 -484.5413 22.0768 -381.772 -585.8766 21.50368 120.9573 -234.6255 23.48978 150.6817 -274.8302 23.26211 -306.8523 -484.6546 42.0768 120.9573 -234.7388 43.48977 150.6817 -274.9433 43.26211 -381.772 -585.9899 41.50368 -14.9577 -950.5303 41.45652 -14.9577 -950.5303 288.2632 16.55189 -950.5303 41.45652 -14.9577 -919.0206 288.2632 -14.9577 -919.0206 41.45652 635.0244 832.0187 305.4632 308.2671 382.276 305.4632 594.5734 861.4081 305.4632 267.8159 411.6651 305.4632 634.9614 831.9324 285.1832 635.0244 832.0187 305.4632 594.5106 861.3217 285.1832 594.5734 861.4081 305.4632 636.1486 181.774 44.44285 591.2009 167.1698 44.44284 636.1486 181.774 285.2769 591.2009 167.1698 285.2769 621.5443 226.7218 285.2769 576.5964 212.1176 285.2769 621.5443 226.7218 44.44285 576.5964 212.1176 44.44285 591.2009 167.1698 44.44284 621.5443 226.7218 44.44285 38.53278 310.864 311.0244 38.46625 310.7724 291.0244 652.1254 249.5373 309.266 652.059 249.4455 289.266 531.9506 211.5921 309.8391 531.8841 211.5005 289.8391 38.94866 260.8661 311.2521 38.88213 260.7746 291.2521 38.53278 310.864 311.0244 652.1254 249.5373 309.266 38.94866 260.8661 311.2521 531.9506 211.5921 309.8391 445.969 527.7615 326.105 -0.160759 268.1992 311.6427 420.7073 570.9106 326.105 -0.160986 324.5093 311.6427 420.7073 570.9106 326.105 -0.160986 324.5093 311.6427 445.969 527.7615 326.105 420.7073 570.9106 326.105 445.9154 527.6876 305.825 420.6448 570.8245 305.825 307.6523 75.03907 44.44284 307.6523 75.03907 285.2769 293.0479 119.9869 44.44284 293.0479 119.9869 285.2769 262.7045 60.43488 285.2769 262.7045 60.43488 44.44284 248.1001 105.3827 285.2769 248.1001 105.3827 44.44284 293.0479 119.9869 44.44284 262.7045 60.43488 44.44284 -562.7446 -704.5803 13.62312 -554.7976 -704.9724 17.26494 -562.7446 -704.5803 58.27339 -554.7976 -704.9724 54.63158 -562.7446 -704.5803 58.27339 -554.7976 -704.9724 54.63158 305.7262 -484.6542 296.7675 380.6458 -585.9888 296.1944 -122.084 -234.7388 294.918 -151.8085 -274.9435 294.6908 -151.8085 -274.8303 274.691 380.6458 -585.8757 276.1947 -122.0838 -234.6258 274.9182 305.7262 -484.541 276.7677 -122.084 -234.7388 294.918 305.7262 -484.6542 296.7675 380.6458 -585.8757 276.1947 -151.8085 -274.8303 274.691 305.7262 -484.6542 50.88143 -122.084 -234.7388 52.29501 -151.8085 -274.8303 32.06811 380.6458 -585.8757 30.30862 998.6663 292.3792 19.2895 868.241 239.1058 13.62315 998.6663 292.3792 52.60691 868.241 239.1058 58.27342 998.6663 292.3792 52.60691 868.241 239.1058 58.27342 979.839 350.3238 52.60691 843.0096 316.7606 58.27342 868.241 239.1058 13.62315 862.0422 244.0942 17.26496 868.241 239.1058 58.27342 862.0422 244.0942 54.6316 868.241 239.1058 58.27342 862.0422 244.0942 54.6316 36.36394 571.6565 296.7675 235.5731 118.0103 294.918 308.2671 382.276 305.4632 308.2044 382.1896 285.1832 267.8159 411.6651 305.4632 267.7534 411.579 285.1832 308.4347 99.7171 294.9372 254.8806 82.31629 294.9372 412.4095 576.9076 287.9058 363.5479 587.5452 287.9058 24.43714 -1047.175 23.66736 24.43723 -491.2625 23.66738 -25.56294 -1047.175 23.66721 -25.56285 -491.263 23.66738 -25.56294 -1047.175 23.66721 -25.56285 -491.263 23.66738 -25.56279 -1047.068 43.94736 -25.56289 -491.1561 43.94738 24.43729 -1047.069 43.94736 24.43719 -491.1561 43.94738 -25.56289 -491.1561 43.94738 -25.56285 -491.263 23.66738 24.43719 -491.1561 43.94738 24.43723 -491.2625 23.66738 -25.56279 -1047.068 43.94736 -25.56289 -491.1561 43.94738 24.43729 -1047.069 43.94736 24.43719 -491.1561 43.94738 868.241 239.1058 315.5073 862.0422 244.0942 311.8655 -25.56279 -1047.068 43.94736 868.241 239.1058 270.857 862.0422 244.0942 274.4989 868.241 239.1058 315.5073 862.0422 244.0942 311.8655 1045.404 294.5398 310.2983 1063.274 345.4025 310.2983 1045.404 294.5398 276.0656 1063.274 345.4025 276.0656 998.6663 292.3791 309.8408 868.241 239.1058 315.5073 979.839 350.3238 309.8408 843.0096 316.7605 315.5073 -14.9577 -919.0206 41.45652 66.01107 -21.89056 270.6822 66.01107 -21.89056 315.6822 862.0422 244.0942 274.4989 862.0422 244.0942 311.8655 998.6663 292.3791 276.5234 868.241 239.1058 270.857 998.6663 292.3791 309.8408 868.241 239.1058 315.5073 1018.92 376.0473 53.06437 1063.274 345.4025 53.06437 66.01107 -21.89055 13.44827 66.01107 -21.89055 58.44828 862.0422 244.0942 17.26496 862.0422 244.0942 54.6316 267.8159 411.6651 305.4632 267.7534 411.579 285.1832 862.0422 244.0942 311.8655 840.9266 309.0814 311.8655 308.2044 382.1896 285.1832 634.9614 831.9324 285.1832 308.2044 382.1896 285.1832 635.0244 832.0187 305.4632 308.2671 382.276 305.4632 40.58188 56.37178 315.6822 862.0422 244.0942 54.6316 840.9266 309.0814 54.6316 1063.274 345.4025 18.83174 1045.404 294.5398 18.83174 1063.274 345.4025 53.06437 1045.404 294.5398 53.06437 40.58188 56.37178 58.44828 156.9077 -217.6834 294.9372 -999.7926 292.3786 309.8408 -587.657 -860.1531 52.60689 254.8806 82.31629 294.9372 -31.0266 1040.494 52.60694 979.839 350.3238 309.8408 -158.6841 -217.2107 294.9372 979.839 350.3238 52.60691 -255.758 83.08138 294.9372 -158.684 -217.2104 54.4732 -0.1608729 268.1989 54.47322 -255.7577 83.08109 54.47321 254.8803 82.31629 54.47321 156.9075 -217.6831 54.4732 635.8223 -824.3408 309.8408 -31.0266 1040.494 309.8408 -587.657 -860.1531 309.8408 -999.7926 292.3786 52.60691 635.8223 -824.3408 52.60688 -0.1608729 268.1992 294.9372</float_array>
          <technique_common>
            <accessor source="#mesh0_003-mesh-positions-array" count="1661" stride="3">
              <param name="X" type="float"/>
              <param name="Y" type="float"/>
              <param name="Z" type="float"/>
            </accessor>
          </technique_common>
        </source>
        <source id="mesh0_003-mesh-normals">
          <float_array id="mesh0_003-mesh-normals-array" count="4845">0.7683505 -0.0825293 -0.6346862 -0.008035957 -0.01106053 -0.9999065 0.1111942 0.1530457 -0.9819434 0.5710512 -0.3495915 -0.742756 0.9739114 -0.08410942 0.210766 0.8613967 -0.5079329 0 0.7475562 0.1906363 -0.6362528 0.2417505 0.3327411 -0.9115043 0.8845872 0.2266212 0.407613 0.809017 0.5877853 0 1 -8.57813e-7 0 1 1.63334e-7 0 0.8090177 0.5877843 0 0.3090173 0.9510565 0 0.3090181 0.9510562 0 0.3159201 0.7052426 -0.6346868 0.008035778 -0.01106047 -0.9999065 -0.1111994 0.1530511 -0.981942 0.5089461 0.4350721 -0.7427557 0.380943 0.9002574 0.2107586 0.7492594 0.6622767 0 -0.6701155 -0.3848624 -0.6346859 0 0.01367157 -0.9999065 0 -0.189176 -0.9819432 -0.6674749 -0.05282962 -0.7427559 -0.8373489 -0.5044066 0.2107623 -0.9954401 -0.09538948 0 -0.6701155 -0.3848622 -0.6346861 0 0.01367157 -0.9999065 -0.6674749 -0.05282956 -0.742756 -0.8373489 -0.5044066 0.2107623 -0.9954401 -0.09538942 0 -0.4927262 -0.5936388 -0.6362498 0 -0.4112956 -0.9115021 -0.5824378 -0.7032935 0.4076084 0.3159204 0.7052424 -0.6346869 0.008036017 -0.01106053 -0.9999065 -0.1111984 0.1530512 -0.9819421 0.5089466 0.4350718 -0.7427557 0.3809434 0.9002571 0.2107588 0.7492595 0.6622766 0 -1 -3.79034e-7 0 -0.8090165 0.5877859 0 -0.8090171 0.5877852 0 -1 4.08958e-7 0 -0.8090167 -0.5877858 0 -0.8090172 -0.587785 0 0.8090176 -0.5877845 0 0.3090157 -0.951057 0 0.3090165 -0.9510568 0 0.8090171 -0.5877852 0 -0.5730952 0.5183944 -0.6346883 0.01300257 0.004224598 -0.9999065 -0.1799187 -0.05845892 -0.9819429 -0.2565051 0.6184812 -0.7427558 -0.7384718 0.6404976 0.2107663 -0.3983287 0.9172428 0 -0.8488535 0.3366106 0.4076039 -0.7168366 0.2851808 -0.6362525 -0.3911694 -0.127098 -0.9115002 -0.4927263 -0.5936388 -0.6362498 -0.5824378 -0.7032936 0.4076084 -0.3090166 0.9510567 0 -0.3090157 0.951057 0 0.1589483 -0.7562457 -0.6346873 -0.01300245 0.004224836 -0.9999065 0.1799176 -0.05845922 -0.9819431 -0.1560173 -0.6511319 -0.7427555 0.2209594 -0.9522375 0.2107626 -0.2168875 -0.9761967 0 0.04969543 0.7698786 -0.6362526 -0.2417618 0.3327522 -0.9114974 0.05781114 0.9113309 0.4075953 0.4888838 -0.7712658 0.4076051 0.4123209 -0.6520549 -0.6362516 0.3911581 -0.1270961 -0.9115054 -0.7168362 0.2851879 -0.6362497 -0.1799184 -0.0584588 -0.981943 -0.3911697 -0.1270982 -0.9115 -0.5730936 0.5183989 -0.634686 -0.8488537 0.3366099 0.4076044 -0.7384727 0.6404965 0.2107665 0.1589469 -0.7562457 -0.6346877 -0.01300275 0.004224658 -0.9999065 0.1799182 -0.0584591 -0.981943 -0.1560175 -0.6511319 -0.7427555 0.2209575 -0.9522381 0.210762 -0.2168877 -0.9761967 0 0.01300245 0.004224717 -0.9999065 -0.256505 0.6184812 -0.7427559 -0.3983285 0.9172428 0 0.4123194 -0.6520548 -0.6362525 0.3911595 -0.1270958 -0.9115048 0.4888832 -0.7712666 0.407604 0.04969608 0.7698785 -0.6362527 -0.2417594 0.3327524 -0.9114978 0.05781173 0.9113299 0.4075976 0.7475571 0.190637 -0.6362515 0.1111955 0.1530459 -0.9819433 0.2417524 0.3327412 -0.9115039 0.7683511 -0.08252829 -0.6346856 0.8845867 0.2266218 0.4076139 0.9739114 -0.08410912 0.2107661 -0.3090187 -0.9510561 0 -0.3090178 -0.9510563 0 -0.008036077 -0.01106053 -0.9999065 0.5710511 -0.3495916 -0.742756 0.8613964 -0.5079334 0 -0.8165946 0.1675302 -0.5523649 0.1495267 0.6849372 -0.7130939 0.005152821 -0.01585781 -0.999861 -0.4432948 0.6816769 -0.5820709 -0.5435642 0.8393658 -0.001782774 -0.4244261 -0.7152919 -0.5551759 -0.6159009 0.359408 -0.701065 -0.01667141 0 -0.9998611 -0.7937674 -0.2058993 -0.5723101 -0.9674946 -0.2528854 0.001805543 -0.4116709 -0.724859 -0.5523645 -0.6052044 0.3538655 -0.7130968 0.01667422 0 -0.999861 -0.7852988 -0.2109464 -0.5820719 -0.9662544 -0.2575836 -0.001785278 -0.0930109 0.8283968 -0.5523656 0.6976167 0.06944763 -0.7130975 -0.01348936 -0.009800612 -0.999861 0.5113305 0.6322463 -0.5820702 0.6303141 0.7763382 -0.001782476 0.4627161 -0.6489133 -0.6039913 0.02371841 -0.9997188 0 0.0183103 -0.6476939 -0.7616807 0.5769411 -0.8167858 0 0.7591084 0.3444479 -0.5523678 0.2816246 -0.6420118 -0.7130978 -0.01348996 0.009800672 -0.999861 0.7593113 -0.290926 -0.5820726 0.9331197 -0.3595616 -0.001787424 -0.07707017 0.8281558 -0.5551739 0.7095299 0.07124996 -0.701064 0.01348745 0.009799242 -0.9998611 0.5211462 0.6331396 -0.5723119 0.6340777 0.7732672 0.001802802 0.7638078 0.3292126 -0.5551728 0.2870216 -0.6527867 -0.7010622 0.01348739 -0.009799182 -0.9998611 0.7631956 -0.2999898 -0.57231 0.9313626 -0.3640887 0.001807332 0.5491271 -0.6246892 -0.5551784 -0.5321393 -0.4746942 -0.7010658 -0.005151629 -0.01585543 -0.9998611 -0.0494647 -0.8185424 -0.5723126 -0.0584625 -0.998288 0.001799643 0.5621678 -0.615519 -0.552362 -0.5235643 -0.4662364 -0.7130947 0.005152165 0.01585775 -0.999861 -0.04204791 -0.8120522 -0.5820682 -0.05361157 -0.9985604 -0.001778364 -0.8114383 0.1826159 -0.555175 0.1514912 0.6968187 -0.7010665 -0.005151867 0.01585543 -0.9998611 -0.4411081 0.6912909 -0.5723118 -0.5394825 0.8419949 0.001802206 -0.943459 -0.3314894 0 -0.4741671 -0.6405937 -0.6039912 -0.5985272 -0.8011025 0 -0.6103335 -0.2175651 -0.7616814 -0.4539926 0.8910055 0 0.3090128 0.9510579 0 -0.4539923 0.8910056 0 0.8910055 0.4539927 0 -0.3169151 -0.948454 0 -0.1450028 -0.4256221 -0.8932077 -0.4495981 0.006381332 -0.8932082 0.3010974 0.9535934 0 0.3010974 0.9535934 0 0.3010975 0.9535934 0 -0.3723159 -0.7277598 -0.5759745 -0.9510432 -0.3090133 0.005269706 -0.6742624 -0.2190848 -0.7052462 -0.4524936 -0.89176 0.003706693 0 0 1 0 0 1 0 0 1 0 0 1 -0.309013 -0.9510579 0 0.4539928 -0.8910054 0 -0.8910054 -0.4539929 0 0.4539925 -0.8910055 0 0.309017 -0.9510565 2.57829e-6 0.2188711 -0.6736156 -0.7059303 2.81069e-7 0 -1 -0.03832483 0.0124526 0.9991878 -0.03832489 0.01245248 0.9991878 -0.03832483 0.01245272 0.9991878 -0.03832489 0.01245242 0.9991878 0.6692634 -0.1476885 -0.7281996 0.0159052 -0.007020592 -0.9998489 0.003688454 -0.003299474 -0.9999878 0.5011176 -0.1124687 -0.8580397 -0.004426836 0.003524124 0.999984 -0.9470568 0.2072351 0.2452288 -0.01896506 0.007951796 0.9997885 -0.718842 0.1583212 0.6769052 -0.01333642 0.9999111 0 0.3983274 0.9172434 0 -0.01334625 0.999911 0 0.3983258 0.9172441 0 0.610184 -0.1982619 0.7670513 0.6101839 -0.1982618 0.7670514 -0.5684347 0.8227284 0 -0.5684354 0.8227279 0 0.9651274 0.2617809 0 0.9651185 0.2618137 0 0.9651173 0.2618179 0 0.9651294 0.2617735 0 0.3983259 0.917244 0 0.23823 0.9712089 0 0.3983277 0.9172433 0 0.23823 0.9712089 0 -0.005381166 -0.001752376 0.9999841 -0.005380094 -0.001750469 0.9999841 -0.005381226 -0.001752495 0.9999841 -0.005379796 -0.001749992 0.9999841 -0.004325032 0.001405239 0.9999898 -0.003499031 -0.001136898 0.9999933 -0.002162516 0.002976417 0.9999933 -0.004325032 0.001405239 0.9999898 -0.6653109 -0.7465506 -0.004878222 -0.4832035 -0.5451274 -0.6850916 -0.6653111 -0.7465503 -0.004879593 -0.6428593 -0.7224287 -0.2546151 -0.9510571 0.3090153 0 -0.4539924 0.8910056 2.69671e-7 -0.4539937 0.891005 0 -0.8910057 -0.4539921 0 0.4539929 -0.8910053 0 0.9510558 -0.3090194 0 0.8910051 0.4539934 2.12342e-7 0.453991 -0.8910063 0 -0.309013 -0.9510579 0 0.3090122 0.951058 0 -0.3689932 -0.7272636 -0.578733 -0.9510442 -0.3090101 -0.005269765 -0.6707189 -0.2179269 -0.708974 -0.4554738 -0.8902414 -0.003719151 0 0 1 0 0 1 0 0 1 0 0 1 0.3090173 -0.9510565 -2.57951e-6 0.218141 -0.6713684 -0.7082931 0.6653112 0.7465502 0.004888653 0.3359122 0.3732122 -0.8647981 0.6653112 0.7465502 0.004889428 0.4585081 0.5113652 -0.7268261 0 0 -1 -0.309017 0.9510566 -5.47924e-6 -0.3090179 0.9510563 -2.83642e-6 -0.309017 0.9510566 -5.54378e-6 -0.309018 0.9510562 -2.77189e-6 -0.005009949 0.02767944 0.9996043 0.009081065 0.03217768 0.9994409 -0.006000638 0.02736294 0.9996076 0.01061737 0.03266775 0.9994099 0.9510426 0.3090156 0.005251765 0.9510413 0.3090192 0.00526005 0.9510407 0.3090209 0.005264043 0.9510431 0.3090138 0.005247712 -0.9876884 -0.1564348 0 -0.8090178 0.5877844 0 -0.9876883 -0.1564352 0 -0.1564351 0.9876883 0 0.5776432 -0.5756717 -0.5787318 -5.52785e-6 -0.9999861 -0.005269467 -5.16561e-6 -0.7052348 -0.7089738 0.7059208 -0.708281 -0.003716468 -0.7464203 -0.6654574 -0.004819512 0.1013273 0.9948517 0.001781404 0.1012118 0.994865 6.09606e-5 0.1013303 0.9948512 0.001827597 0.1012087 0.9948652 1.49273e-5 -0.009077608 -0.03217244 -0.9994412 -0.6798529 -0.1693549 -0.7135257 0.005989253 -0.02736139 -0.9996078 -0.5974748 -0.1547347 -0.7868171 -0.08981341 -0.7081791 -0.7002971 -0.02779662 0.01857662 -0.999441 -0.08119744 -0.5752774 -0.8139182 -0.02787798 0.002751767 -0.9996076 0.6101829 -0.1982621 0.7670523 0.6101827 -0.1982621 0.7670524 0.02786755 -0.003799915 0.9996044 0.02779233 -0.01857489 0.9994412 0.02787262 -0.002758979 0.9996078 0.02778375 -0.02018588 0.9994102 -0.09846234 -0.9951384 -0.002177059 -0.0986343 -0.9951131 -0.004612743 -0.9951341 0.09843778 -0.004293441 -0.9951463 0.09829831 -0.004639208 -0.9951281 0.09850502 -0.004126727 -0.9951521 0.09823107 -0.004805862 0.9651281 0.2617782 0 0.9651216 0.2618021 0 0.9651208 0.2618052 0 0.9651296 0.2617728 0 -0.9510564 0.3090173 0 0.9510566 -0.3090167 0 0.9940432 0.1089872 7.37912e-7 0.7472435 -0.3273837 -0.5783141 0.9940434 0.1089858 -6.87785e-7 0.7472332 -0.3273904 -0.5783234 0.004997611 -0.02767795 0.9996044 -0.009077668 -0.03217208 0.9994412 0.005989193 -0.02736109 0.9996078 -0.01061248 -0.03266173 0.9994102 0.2997203 0.2277549 0.9264424 0.2768379 0.2377219 0.9310473 0.3004162 0.2274482 0.9262923 0.2759604 0.2380995 0.9312114 -0.3526397 -0.8742028 0.3337886 -0.3526397 -0.8742027 0.3337886 -0.3526374 -0.8742027 0.3337913 -0.3526419 -0.8742028 0.333786 0.2981265 -0.4453206 -0.8442808 -0.2994128 -0.2267358 -0.9267917 -0.2798838 -0.2373557 -0.9302297 0.4075478 -0.4673706 -0.7845187 0.8816909 -0.4358729 -0.1806546 0.8821581 -0.4355673 -0.1791039 -0.8821082 0.4356204 0.1792203 -0.8806645 0.4368232 0.1833456 -0.8821517 0.4355838 0.1790951 -0.8806143 0.4368647 0.1834884 0.1716872 0.09878814 0.9801859 0.1716844 0.09879028 0.9801862 0.1716873 0.09878808 0.9801859 0.1716843 0.09879034 0.9801862 -0.8365771 -0.5108127 0.1980137 -0.9578487 0.2493576 0.1426415 -0.957844 0.2493767 0.1426396 -0.836578 -0.5108115 0.1980125 0.2900972 -0.7340538 -0.6140103 -0.1716831 -0.09879225 -0.9801863 -0.1716845 -0.09879064 -0.9801862 0.2362597 -0.6762732 -0.6977363 0.5087507 -0.8609107 -0.002342879 0.5087519 -0.8609101 -0.002343773 -0.5085633 0.8610215 0.00229901 -0.5085633 0.8610216 0.002298951 0.02371841 -0.9997188 0 0.4627155 -0.6489136 -0.6039914 0.5769409 -0.8167859 0 0.01831018 -0.6476939 -0.7616807 -0.1450029 -0.4256221 -0.8932077 0.3599817 -0.2694297 -0.8932082 -0.8138769 0.5810374 0 -0.8138768 0.5810375 0 -0.8138769 0.5810374 0 -0.002672791 -0.003679096 0.9999898 0 -0.003679096 0.9999933 -0.003499031 -0.001136898 0.9999933 -0.002672791 -0.003679096 0.9999898 0.8041014 -0.5944923 0 -0.9581182 -0.2863734 0 -0.9550955 0.296298 0 -0.9581179 -0.2863742 0 -0.9550925 0.2963078 0 -0.7492613 0.6622746 0 -0.8500576 0.5266898 0 -0.7492603 0.6622757 0 -0.8500576 0.5266899 0 -0.02368575 -0.03260117 0.9991878 -0.02368628 -0.03260123 0.9991878 -0.02368533 -0.03260117 0.9991878 -0.02368658 -0.03260123 0.9991878 0.04927802 0.9987851 0 0.04927802 0.9987851 0 0.04927802 0.9987851 0 0.3771245 0.5190641 0.7670395 0.3771251 0.5190647 0.7670388 3.48769e-6 -0.00565952 0.9999841 2.2364e-6 -0.005657553 0.9999841 3.56814e-6 -0.005659639 0.9999841 1.90325e-6 -0.005657017 0.999984 -0.34465 0.5940867 -0.726827 0.4884154 -0.8346353 -0.2546261 -0.251144 0.4348009 -0.8647975 0.3691287 -0.6280068 -0.6850924 -0.5044188 0.8634454 0.004888117 -0.5044198 0.8634449 0.00489068 0.5044203 -0.8634445 -0.004890084 0.5044197 -0.8634449 -0.004885137 -0.5877853 -0.809017 0 0.1564351 -0.9876883 0 0.9876883 0.1564354 0 0.5877848 0.8090174 0 0.9876882 0.1564354 0 0.809018 -0.587784 0 0.08913666 -0.8129926 0.5754108 0.08913666 -0.8129927 0.5754108 0.08913469 -0.8129915 0.5754127 0.08913856 -0.8129938 0.5754088 0 0 1 0 0 1 0 0 1 0.2382305 0.9712087 0 0.2382306 0.9712086 0 -0.03832477 0.01245254 0.9991878 -0.03832477 0.01245242 0.9991878 -0.03832477 0.0124526 0.9991878 -0.03832471 0.01245242 0.9991878 -0.009856879 -0.009459674 0.9999067 -0.005613863 -0.01522761 0.9998683 -0.005151927 -0.01585555 0.9998611 -0.01015561 -0.009053528 0.9999074 -0.6652752 0.7465845 -0.004538297 -0.6652328 0.7466328 -0.002183914 -0.6652763 0.7465831 -0.004603505 -0.6652316 0.7466341 -0.002118706 0.9770666 -0.2128784 0.004879653 0.9770666 -0.2128782 0.004886567 -0.9770651 0.2128852 -0.004889607 -0.9770652 0.2128847 -0.00488466 -0.005375385 -0.001748919 0.999984 -0.9474052 0.2057189 0.2451595 -0.005378663 -0.001748025 0.9999841 -0.7186666 0.1546138 0.6779476 0.6715117 -0.1441963 -0.7268285 0.005377769 0.001748204 -0.9999841 0.005375266 0.001748919 -0.999984 0.4911254 -0.1044884 -0.8647994 0.9770596 -0.2129104 0.004879593 0.9770596 -0.2129106 0.004886507 -0.9770596 0.2129103 -0.004889547 -0.9770596 0.2129105 -0.0048846 -0.005381524 -0.001752436 0.9999841 -0.005379736 -0.001750409 0.9999841 -0.005381643 -0.001752614 0.9999841 -0.005379259 -0.001749873 0.9999841 0.4585077 0.5113651 -0.7268264 -0.6428592 -0.7224287 -0.254615 0.3359124 0.3732123 -0.864798 -0.4832035 -0.5451276 -0.6850916 0.6653111 0.7465503 0.004888057 0.665311 0.7465503 0.004889667 -0.6653109 -0.7465506 -0.004878222 -0.6653109 -0.7465506 -0.004879593 -0.9510565 -0.3090173 0 -0.8910066 0.4539906 0 -0.8910074 0.453989 0 -0.4539935 -0.8910051 0 0.8910058 -0.453992 0 0.9510548 0.3090228 0 0.4539895 0.8910071 0 0.8910074 -0.453989 0 0.309014 -0.9510576 0 -0.3090196 0.9510557 0 -0.309017 0.9510566 6.80141e-6 -0.3090172 0.9510565 1.5142e-6 -0.309017 0.9510566 6.92966e-6 -0.3090172 0.9510565 1.38594e-6 0.9510414 0.3090192 -0.005251586 0.9510422 0.3090164 -0.005259692 0.9510427 0.3090151 -0.005263566 0.951041 0.3090205 -0.005247712 0.00986123 0.009457826 0.9999067 0.005616545 0.01522743 0.9998683 0.00515449 0.01585537 0.9998611 0.01015943 0.009052336 0.9999075 -0.6652033 0.7466485 0.004536628 -0.6653071 0.7465667 0.002185225 -0.6652004 0.7466508 0.00460273 -0.6653099 0.7465643 0.002119302 -0.746606 -0.6652491 0.004820168 0.1012598 0.9948585 -0.001782834 0.1012793 0.9948581 -5.94473e-5 0.1012593 0.9948584 -0.001827239 0.1012798 0.994858 -1.49298e-5 -0.04902023 -0.6989139 -0.713524 0.02779269 -0.01857513 -0.9994412 -0.03746837 -0.6160485 -0.7868166 0.02787303 -0.002758979 -0.9996078 -0.02787292 0.003788709 0.9996043 -0.02779656 0.01858001 0.9994409 -0.02787804 0.002748727 0.9996076 -0.02778792 0.02019262 0.9994099 -0.09856033 -0.9951288 0.002174139 -0.09853059 -0.9951233 0.004613161 -0.9951478 0.09829854 0.00429362 -0.9951325 0.09843766 0.004639267 -0.9951551 0.09823161 0.004127323 -0.9951251 0.09850466 0.004805564 -0.06271177 0.5719814 0.8178659 -0.06270939 0.5719817 0.8178659 -0.06270933 0.5719817 0.8178659 -0.06271189 0.5719814 0.8178659 -0.9940434 -0.1089863 1.02979e-6 -0.9940433 -0.1089867 2.96065e-7 -0.9940433 -0.1089867 2.65171e-7 -0.9940434 -0.1089863 1.06068e-6 0.06271189 -0.5719817 -0.8178656 0.06271177 -0.5719812 -0.8178661 0.9214848 0.3612748 0.1426405 0.9175325 -0.3976545 0.002296149 0.9214938 0.3612545 0.1426347 0.9175325 -0.3976545 0.002296149 -0.6068075 0.7948487 0 -0.7557665 0.2530049 -0.6039914 -0.9468497 0.3216768 0 -0.3955175 0.5132331 -0.7616809 -0.1328648 0.429566 -0.8932077 -0.4495981 0.006381332 -0.8932082 0.9999654 0.008315682 0 0.9999655 0.008315742 0 0.9999655 0.008315742 0 0.9999654 0.008315682 0 -0.9999655 0.008315563 0 0.9468512 0.3216722 0 0.9954402 -0.09538799 0 0.9468482 0.321681 0 0.9954404 -0.09538626 0 0.6068079 0.7948486 0 0.6068078 0.7948486 0 0.9972916 0.0735501 0 0 0.04029697 0.9991878 0 0.04029703 0.9991878 0 0.04029691 0.9991878 0 0.04029703 0.9991878 0.5471991 -0.8370025 0 0.5472003 -0.8370018 0 0.5472004 -0.8370016 0 0.5471989 -0.8370027 0 0 -0.6415935 0.7670449 0 -0.6415938 0.7670447 -0.003329396 0.004576444 0.9999841 -0.003327369 0.004575669 0.9999841 -0.003329575 0.004576504 0.9999841 -0.003326833 0.00457549 0.999984 0.6280226 -0.2780463 -0.7268274 -0.8857226 0.3881516 -0.2546249 0.4587489 -0.2041425 -0.8647978 -0.6677637 0.2910993 -0.6850934 0.9156036 -0.4020524 0.004886567 0.9156043 -0.4020511 0.004889905 -0.9156042 0.4020512 -0.004888892 -0.9156042 0.4020512 -0.004886746 -0.9768595 -0.2138712 -0.0021739 -0.5722135 -0.1005472 -0.8139178 -0.9768885 -0.2137 -0.00461018 -0.7012729 -0.1334215 -0.7002964 0.009078443 0.03217685 -0.999441 -0.005998134 0.02736395 -0.9996076 0.9774721 0.2110573 0.001785695 0.977449 0.2111716 5.81663e-5 0.9774727 0.2110542 0.001832067 0.9774484 0.2111747 1.19418e-5 -0.8635424 0.5042532 -0.004820466 0.5044601 0.8634231 -0.004547119 0.5045189 0.863398 -0.002182662 0.5044584 0.8634237 -0.004612565 0.5045204 0.8633972 -0.002117097 -0.01204258 0.006450772 0.9999067 -0.01621663 6.33314e-4 0.9998683 -0.016671 0 0.9998611 -0.01174867 0.006860375 0.9999075 0.5877788 -0.8090047 0.005250811 0.5877833 -0.8090013 0.005259215 0.5877856 -0.8089997 0.005263268 0.5877766 -0.8090063 0.005246758 0.8090162 0.5877864 -5.47926e-6 0.8090172 0.5877852 -2.83642e-6 0.8090162 0.5877865 -5.54379e-6 0.8090171 0.5877851 -2.77189e-6 -0.4145195 0.5705467 -0.7089782 -0.5710987 -0.4149291 -0.7082939 -0.8056966 0.1261972 -0.578729 0 0 -1 -0.809016 -0.5877867 -5.22314e-6 -0.9874189 0.1580829 -0.003710329 0 0 1 5.30045e-7 0 1 0 0 1 5.62138e-7 0 1 -0.5877724 0.8090091 -0.00527656 0.7071068 0.7071068 0 1 0 0 0.7071068 -0.7071068 0 -1 0 0 -0.7071068 -0.7071068 0 -0.7071068 0.7071068 0 0 -1 0 0 1 0 0.3869373 -0.4258825 0.8178654 0.3869375 -0.4258832 0.8178648 0.3869376 -0.4258832 0.8178648 0.3869373 -0.4258824 0.8178654 0.002905786 0.004898071 0.9999838 0.005262851 0.00551337 0.999971 0.01010346 0.00301969 0.9999444 0.002206861 0.006656348 0.9999755 -0.005230009 -0.002254843 0.9999838 -0.007498621 -0.001367092 0.999971 -0.009949028 0.003495514 0.9999444 -0.005698084 -0.004088044 0.9999755 0.005652487 0.004158616 -0.9999754 0.3658913 0.534757 -0.7616815 0.007077038 0.7969596 -0.6039914 -0.007017672 -4.19547e-5 -0.9999754 -0.3955175 0.5132331 -0.7616808 -0.7557667 0.2530047 -0.6039912 -0.002128601 -0.006686806 -0.9999754 -0.005229651 -0.002254784 0.9999838 -0.007498323 -0.001367092 0.999971 -0.009947896 0.003495514 0.9999445 -0.005698204 -0.004087984 0.9999755 5.28347e-4 -0.005670666 0.9999838 -0.001016914 -0.007553994 0.999971 -0.006398737 -0.008381783 0.9999444 0.00212711 -0.006682395 0.9999755 0.005556106 -0.00124979 0.9999838 0.00687009 -0.003301501 0.999971 0.005994081 -0.008675694 0.9999445 0.007012784 -4.19279e-5 0.9999755 -0.6103341 -0.2175628 -0.7616816 -0.4741669 -0.6405932 -0.6039918 0.005701899 -0.004091024 -0.9999754 0.3658926 0.5347564 -0.7616811 0.007077693 0.7969595 -0.6039913 -0.007017374 -4.19127e-5 -0.9999754 0.6216512 -0.1827351 -0.761681 0.7601404 0.239543 -0.6039916 -0.002208352 0.006660938 -0.9999754 0.005701839 -0.004090726 -0.9999754 -0.003760516 0.004276812 0.9999838 -0.003617346 0.00670892 0.999971 2.49912e-4 0.01054179 0.9999445 -0.005648612 0.004155755 0.9999755 0.005556404 -0.00124979 0.9999838 0.006870031 -0.003301501 0.999971 0.0059942 -0.008675694 0.9999444 0.007012724 -4.19632e-5 0.9999755 0.005652606 0.004158616 -0.9999754 0.002906084 0.004897892 0.9999838 0.005262672 0.005513131 0.999971 0.0101034 0.003019571 0.9999444 0.002206802 0.00665605 0.9999755 -0.5886424 0.4082471 -0.6977352 -0.9176188 0.3974549 -0.002343714 -0.9176194 0.3974536 -0.002341032 -0.666159 0.4233469 -0.6140111 0.08082735 0.1808373 -0.9801862 0.08082896 0.180837 -0.9801861 0.3765581 0.9049829 0.198015 0.3765548 0.9049835 0.1980187 -0.08083075 -0.1808359 0.9801862 -0.08082801 -0.1808363 0.9801864 -0.08083081 -0.1808358 0.9801861 -0.08082795 -0.1808363 0.9801864 0.9696916 0.1660653 0.1792216 0.9692305 0.1642444 0.1833466 0.9697054 0.1661205 0.1790964 0.9692143 0.1641814 0.1834892 -0.6044268 0.13856 -0.7845187 -0.969503 -0.165616 -0.1806525 -0.9697008 -0.1661379 -0.1791052 -0.5029434 0.1850371 -0.8442804 0.1089575 0.3594233 -0.9267919 0.08691757 0.3565357 -0.93023 -0.2285529 0.9145218 0.3337867 -0.2285529 0.9145218 0.3337867 -0.2285538 0.9145208 0.3337888 -0.2285521 0.9145227 0.3337847 -0.1086065 -0.360429 0.9264425 -0.08423769 -0.3550423 0.9310473 -0.1093497 -0.3605899 0.9262925 -0.08330595 -0.3548321 0.9312112 -0.5499775 0.6053336 0.5754095 -0.5499776 0.6053336 0.5754095 -0.5499776 0.6053336 0.5754095 -0.5499774 0.6053337 0.5754095 -0.7401373 -0.6724559 -2.01325e-6 -0.7969648 -0.17436 -0.5783128 -0.7401376 -0.6724554 6.62926e-7 -0.7969596 -0.1743466 -0.5783241 -0.3869382 0.425882 -0.8178652 -0.3869382 0.4258822 -0.817865 0.7401381 0.672455 4.04449e-6 0.7401371 0.6724561 -6.6357e-7 0.7401371 0.6724562 -8.61806e-7 0.7401381 0.672455 4.24273e-6 -0.002128779 -0.006686866 -0.9999754 -0.003760933 0.004276812 0.9999838 -0.003617227 0.006708621 0.999971 2.49703e-4 0.01054143 0.9999445 -0.005648493 0.004155576 0.9999755 5.28595e-4 -0.005670666 0.9999838 -0.001016676 -0.007553994 0.999971 -0.006397902 -0.008381783 0.9999445 0.6216511 -0.1827353 -0.7616809 0.7601406 0.2395433 -0.6039912 -0.002208411 0.006660938 -0.9999754 -0.4167182 0.57356 -0.7052482 -0.5730118 -0.4163175 -0.7059301 -0.8071923 0.1292051 -0.5759747 0 -1.99853e-7 -1 0.8090172 0.5877851 1.07669e-5 0.8090169 0.5877855 -2.45125e-6 0.8090172 0.587785 1.10875e-5 0.8090169 0.5877855 -2.77189e-6 0.5877828 -0.8090019 -0.005250275 0.5877798 -0.809004 -0.005261659 0.5877783 -0.809005 -0.005267143 0.5877841 -0.8090008 -0.005244791 0.01204204 -0.006456136 0.9999067 0.01621794 -6.36161e-4 0.9998683 0.01667249 -2.64536e-6 0.999861 0.01174855 -0.006865084 0.9999075 0.5045461 0.8633729 0.004546582 0.5044358 0.8634465 0.002183198 0.504549 0.8633707 0.004612982 0.5044327 0.8634486 0.002116918 -0.8634021 0.5044935 0.004821121 0.9774576 0.2111244 -0.001787185 0.9774633 0.2111057 -5.73762e-5 0.9774574 0.2111248 -0.001831769 0.9774634 0.2111052 -1.26904e-5 0.9954404 -0.09538632 0 0.9972916 0.0735501 0 0.9954402 -0.09538805 0 0 0.04029691 0.9991878 0 0.04029697 0.9991878 0 0.04029691 0.9991878 0 0.04029703 0.9991878 -0.9768804 -0.2137754 0.002170741 -0.9768662 -0.2138018 0.004611372 -0.2140322 0.9768172 0.004292368 -0.2138948 0.9768457 0.004637658 -0.2140983 0.9768035 0.00412625 -0.2138287 0.9768594 0.004803776 0.524607 0.2363961 0.8178659 0.5246077 0.2363927 0.8178663 0.5246077 0.2363925 0.8178663 0.5246069 0.2363962 0.8178658 -0.4108264 0.9117137 3.95718e-6 -0.4108263 0.9117137 3.4728e-6 -0.4108263 0.9117137 3.4524e-6 -0.4108264 0.9117136 3.97758e-6 -0.08045858 -0.8118299 -0.578324 -0.524609 -0.2363929 -0.8178654 -0.08045208 -0.811836 -0.5783164 -0.5246055 -0.2363982 -0.8178662 0.4108279 -0.911713 -3.24225e-6 0.4108257 -0.9117139 -4.73164e-6 -0.7456571 -0.336006 0.5754091 -0.745657 -0.3360061 0.5754091 -0.7456576 -0.3360036 0.5754098 -0.7456565 -0.3360084 0.5754083 -0.5684348 0.8227283 0 -0.01334577 0.999911 0 -0.5684355 0.8227279 0 -0.013336 0.9999111 0 -0.5985271 -0.8011026 0 -0.3169149 -0.948454 0 -0.004324972 0.001405239 0.9999898 -0.002162516 0.002976417 0.9999933 -0.004324972 0.001405239 0.9999898 0.301097 0.9535935 0 0.3010973 0.9535935 0 0.3010973 0.9535934 0 0.301097 0.9535936 0 0 0.004547536 0.9999898 0.002162396 0.002976417 0.9999933 -0.5701668 -0.4336754 -0.697736 -0.6615599 -0.7498887 -0.002338349 -0.6615617 -0.7498871 -0.002342879 -0.6084812 -0.5027361 -0.6140092 -0.1470104 0.132753 -0.980186 -0.1470091 0.1327538 -0.9801861 -0.7443298 0.637781 0.1980114 -0.05884039 0.9880248 0.1426354 -0.05881863 0.9880271 0.1426289 -0.7443324 0.6377766 0.198016 0.147008 -0.1327552 0.9801861 0.1470088 -0.1327545 0.9801861 0.147008 -0.1327552 0.9801861 0.1470088 -0.1327544 0.9801861 0.1417123 0.9735494 0.1792179 0.1433018 0.9725484 0.1833423 0.141664 0.9735795 0.1790928 0.1433568 0.9725134 0.183485 -0.3185566 -0.5320261 -0.784519 -0.1420825 -0.9732302 -0.1806532 -0.1416478 -0.9735795 -0.1791057 -0.3313987 -0.4211477 -0.8442806 -0.3081618 0.2146946 -0.9267916 -0.3122269 0.1928382 -0.93023 -0.9403882 0.06523674 0.3337876 -0.9403883 0.06523674 0.3337876 -0.940388 0.06523704 0.333788 -0.9403884 0.06523644 0.3337872 0.3092266 -0.2146702 0.9264425 0.3116347 -0.1898274 0.9310475 0.3091499 -0.2154269 0.9262924 0.3117227 -0.1888762 0.9312115 -0.2138953 0.9768472 -0.004292309 -0.2140322 0.9768157 -0.004637777 -0.2138294 0.9768624 -0.004125773 -0.2140982 0.9768004 -0.004804313 -0.7071068 0.7071068 0 -0.7071069 -0.7071068 0 0.7071068 -0.7071068 0 -1 0 0 1 0 0 -0.6068078 0.7948487 0 -0.9468497 0.3216767 0 -0.1328649 0.4295662 -0.8932076 0.9999654 0.008315682 0 0.9999654 0.008315742 0 0 0.004547536 0.9999898 0.002162516 0.002976417 0.9999933 0 0.004547536 0.9999898 -0.9999654 0.008315563 0 0.9468512 0.3216721 0 0.9468482 0.321681 0 0.6068081 0.7948485 0 0.606808 0.7948486 0 0.5471995 -0.8370022 0 0.5471999 -0.8370019 0 0.5472 -0.837002 0 0.5471994 -0.8370023 0 0.001983761 0.00529921 0.999984 -0.09556424 0.964744 0.2452278 0.001702487 0.02049273 0.9997887 -0.07156199 0.7325841 0.6769043 -0.8090172 -0.5877852 2.51376e-6 -0.9879422 0.1547793 0.003708779 0 0 1 1.32511e-7 0 1 0 0 1 1.40534e-7 0 1 -0.5877755 0.8090069 0.005268692 0.1564349 0.9876884 0 0.8090125 0.5877915 0 0.1564319 0.9876888 0 0.9876881 -0.1564363 0 -0.8090143 -0.587789 0 -0.1564361 -0.9876882 0 -0.9876883 0.1564351 0 -0.1564335 -0.9876886 0 -0.9434599 -0.3314868 0 0.6617252 0.7497429 0.002298772 0.6617253 0.7497429 0.002298951 0.915604 -0.4020515 0.004886507 0.4587488 -0.2041426 -0.8647978 0.9156039 -0.4020515 0.004889905 0.6280229 -0.2780456 -0.7268273 -0.8857226 0.3881518 -0.2546246 -0.6677643 0.2910996 -0.6850926 -0.003329336 0.004576444 0.9999841 -0.003327488 0.004575669 0.9999841 -0.003329455 0.004576504 0.9999841 -0.003327012 0.00457549 0.999984 -0.09711426 0.9646072 0.2451567 -0.09943825 0.9950318 -0.004885256 -0.09943819 0.9950318 -0.004887759 -0.07503378 0.7312718 0.6779466 0.09943807 -0.9950318 0.004884958 0.0523917 -0.4993775 -0.864799 0.07036948 -0.6832035 -0.7268295 0.09943807 -0.9950318 0.004886507 0.003324449 -0.004574239 -0.9999841 0.003324389 -0.004571676 -0.999984 -0.003324449 0.004572033 0.999984 -0.003324449 0.004574894 0.999984 -0.09946382 0.9950293 -0.004885315 -0.09946429 0.9950292 -0.004887819 0.09947031 -0.9950286 0.004885017 0.04788941 -0.511347 -0.858039 0.06635338 -0.6821445 -0.7282006 0.09947025 -0.9950286 0.004885017 -0.001762032 -0.01729649 -0.9998489 -0.001998007 -0.004527568 -0.9999878 0.8879949 0.3890076 0.2452313 0.9155926 0.4020777 -0.004885196 0.9155935 0.4020755 -0.004882752 0.6746148 0.2944412 0.6769043 0.003320872 0.004574537 0.999984 0.8873848 0.3904405 0.245162 0.003323733 0.00457549 0.999984 0.6722939 0.2973366 0.6779468 -0.6280179 -0.2780459 -0.7268316 -0.003322958 -0.004575252 -0.999984 -0.003320753 -0.004574477 -0.999984 -0.4587463 -0.2041435 -0.864799 0.5704341 0.243175 -0.7845196 0.6869984 0.7038444 -0.1806552 0.6868509 0.7043838 -0.1791073 0.5156504 0.1459233 -0.8442814 -0.6868861 -0.7043203 0.1792219 -0.6875835 -0.702577 0.1833429 -0.6868647 -0.7043729 0.1790968 -0.6876074 -0.7025164 0.1834855 -0.0408976 0.1938103 0.9801862 -0.04090154 0.1938098 0.9801861 -0.04089748 0.1938104 0.9801862 -0.04090166 0.1938098 0.9801862 0.2272961 -0.9534819 0.1980123 -0.5331439 -0.8339136 0.1426387 -0.5331619 -0.8339025 0.1426358 0.2272971 -0.9534817 0.1980123 0.7877712 0.04906451 -0.6140108 0.04090416 -0.1938094 -0.9801861 0.04089957 -0.1938099 -0.9801862 0.7161826 0.01571571 -0.697736 0.9759871 0.2178157 -0.002341926 0.9759872 0.2178158 -0.002342402 -0.9760348 -0.2176025 0.002297103 -0.9760348 -0.2176025 0.002297103 0.9581182 -0.2863734 0 0.9550941 0.2963027 0 0.367484 0.259105 -0.8932077 -0.8041012 -0.5944925 0 -0.8041011 -0.5944927 0 0.002672791 -0.003679096 0.9999898 0.003498911 -0.001136898 0.9999933 0.002672791 -0.003679096 0.9999898 0.8138767 0.5810377 0 -0.861396 -0.507934 0 -0.5769451 -0.816783 0 -0.8613951 -0.5079355 0 -0.5769372 -0.8167885 0 -0.9156041 0.4020513 -0.00488764 -0.9156042 0.4020512 -0.004886746 -0.5877829 0.8090187 0 0.5877828 -0.8090188 0 0.02368611 -0.03260105 0.9991878 0.02368599 -0.03260123 0.9991878 0.02368617 -0.03260093 0.9991878 0.02368593 -0.03260135 0.9991878 -0.9346712 0.3555136 0 -0.9346754 0.3555023 0 -0.934676 0.3555009 0 -0.9346702 0.3555161 0 -0.3771125 0.5190571 0.7670503 -0.377112 0.5190566 0.7670508 0.00538361 -0.001745343 0.9999841 0.00538063 -0.001746058 0.999984 0.005383789 -0.001745283 0.9999841 0.005379796 -0.001746237 0.9999841 -0.67151 -0.1441981 -0.7268297 0.9447146 0.2065938 -0.2546241 -0.4911285 -0.1044913 -0.8647974 0.7113376 0.1569973 -0.6850918 -0.9770593 -0.2129114 0.004884958 -0.977059 -0.2129126 0.004889428 0.977059 0.2129126 -0.004888296 0.9770591 0.2129121 -0.004887938 0.5877854 -0.809017 0 -0.1564339 -0.9876885 0 -0.1564339 -0.9876884 0 0.9876884 -0.1564339 0 0.1564353 0.9876883 0 -0.5877848 0.8090174 0 0.1564348 0.9876883 0 0.8090171 0.5877852 0 -0.8090165 -0.5877861 0 0.8007474 -0.1664541 0.57541 0.8007475 -0.1664541 0.57541 0.8007471 -0.1664541 0.5754106 0.8007478 -0.1664542 0.5754094 0.9770507 -0.2129589 -0.004548668 0.9770447 -0.2130236 -0.002182662 0.9770507 -0.2129571 -0.004614114 0.9770445 -0.2130255 -0.002117097 0.2127231 0.9771007 -0.004814743 0.5027837 -0.8644105 0.001775443 0.5028855 -0.864353 5.49966e-5 0.502781 -0.864412 0.001821577 0.5028882 -0.8643515 8.95637e-6 0.0334075 0.001309096 -0.999441 -0.3435981 0.6257209 -0.7002955 0.02417159 0.01416009 -0.9996076 -0.2724483 0.5131348 -0.8139194 -0.9156036 -0.4020529 0.004878818 -0.9156036 -0.4020528 0.004886507 0.9156034 0.4020529 -0.004885137 0.9156034 0.4020529 -0.004882693 0.003323554 0.004580795 0.9999841 0.003323495 0.004578232 0.9999841 0.003323554 0.004580974 0.9999841 0.003323495 0.004577577 0.999984 -0.07036721 -0.683206 -0.7268275 0.09545099 0.9623147 -0.2546365 -0.0523898 -0.4993778 -0.8647989 0.07050162 0.7250356 -0.6850934 -0.09943634 -0.995032 0.004886388 -0.09943634 -0.995032 0.004885196 0.0994367 0.9950319 -0.004902541 0.09943628 0.995032 -0.00488615 0.5877847 0.8090174 0 0.9876883 0.1564354 0 0.9876884 0.1564344 0 -0.1564357 0.9876883 0 -0.9876883 -0.1564355 0 -0.5877838 -0.8090181 0 0.1564357 -0.9876883 0 -0.9876884 -0.1564342 0 -0.8090158 0.5877869 0 0.8090167 -0.5877857 0 -0.1265562 0.8076134 -0.5759726 0.5877774 0.8090056 0.005264401 0.4167135 0.5735606 -0.7052503 -0.1580904 0.9874176 0.00371468 -1.32511e-7 0 1 0 0 1 -1.40535e-7 0 1 0 0 1 -0.9155908 -0.4020816 0.004878878 -0.4715216 -0.20356 -0.8580389 -0.6282519 -0.2738985 -0.7282028 -0.9155911 -0.402081 0.004886567 -0.01699447 -0.003669381 -0.9998489 -0.004922986 5.01237e-4 -0.9999879 0.2035217 0.9790704 3.21295e-6 0.5422704 0.6095056 -0.5783128 0.2035214 0.9790705 3.97756e-6 0.5422747 0.6094924 -0.5783228 0.5633656 -0.11711 -0.8178659 0.5633654 -0.1171101 -0.8178659 -0.2035208 -0.9790707 -4.11145e-6 -0.2035224 -0.9790703 -9.93104e-7 -0.2035225 -0.9790703 -8.61806e-7 -0.2035207 -0.9790707 -4.24274e-6 -0.5633665 0.1171083 0.8178654 -0.5633655 0.1171099 0.8178659 -0.5633655 0.11711 0.817866 -0.5633665 0.1171082 0.8178654 0.862868 0.5054114 0.004288017 0.8629392 0.5052865 0.004636228 0.8628336 0.5054714 0.004120469 0.8629735 0.5052264 0.004803776 -0.505185 0.8630085 0.002169549 -0.3317919 0.5204174 -0.7868163 -0.505206 0.8629866 0.004613876 -0.3711519 0.5942448 -0.713526 0.02477651 0.01331812 0.9996043 0.03340893 0.001306831 0.9994409 0.02416938 0.01416254 0.9996076 0.03434973 -2.86811e-6 0.9994099 -0.03340303 -0.001308441 -0.9994412 -0.02417147 -0.01415115 -0.9996078 0.5028424 -0.8643763 -0.001773893 0.5028266 -0.8643873 -5.04928e-5 0.5028428 -0.8643761 -0.001818299 0.5028262 -0.8643876 -5.97193e-6 0.2129926 0.977042 0.004819154 0.9770298 -0.2130547 0.004547357 0.9770657 -0.2129274 0.002183973 0.9770286 -0.2130582 0.004613757 0.9770666 -0.2129238 0.002117693 -0.002418637 -0.01344788 0.9999067 0.004406511 -0.0156207 0.9998683 0.005149424 -0.01585721 0.999861 -0.002898216 -0.01329517 0.9999075 -0.7635936 -0.6456971 0 -0.7635936 -0.6456972 0 -0.02371728 -0.9997187 0 -0.02371728 -0.9997187 0 -0.8090171 0.5877853 0 -0.5730107 0.4163164 -0.7059317 -0.6653122 0.7465493 0.004881322 -0.3359122 0.3732093 -0.8647994 -0.4585063 0.5113602 -0.7268307 -0.6653123 0.7465493 0.004878044 0.6455476 -0.7232996 0.2451654 0.6653122 -0.7465494 -0.004879176 0.6653124 -0.7465493 -0.004878103 0.4905335 -0.5475066 0.6779479 0.00538361 -0.001745343 0.9999841 0.005381524 -0.001746058 0.999984 0.005383789 -0.001745343 0.9999841 0.005380928 -0.001746237 0.9999841 -0.6715102 -0.1441984 -0.7268293 0.9447149 0.2065934 -0.2546234 -0.4911281 -0.1044911 -0.8647975 0.7113376 0.1569976 -0.6850917 -0.9770592 -0.212912 0.004885017 -0.9770591 -0.2129123 0.004889786 0.9770591 0.2129122 -0.004887402 0.9770591 0.2129123 -0.004887998 0.9510579 -0.3090128 0 0.4539924 -0.8910056 -2.07632e-7 0.4539934 -0.8910051 0 0.8910061 0.4539913 0 -0.4539914 0.8910062 1.22427e-7 -0.9510558 0.3090194 0 -0.8910056 -0.4539926 -1.33191e-7 -0.4539895 0.8910071 0 0.3090163 0.9510567 0 -2.10801e-7 -1.99855e-7 -1 0.809017 -0.5877853 1.34746e-5 0.8090172 -0.587785 -2.38713e-6 0.809017 -0.5877853 1.38593e-5 0.8090172 -0.587785 -2.77189e-6 -0.5877729 -0.809009 -0.005250275 -0.5877762 -0.8090065 -0.0052616 -0.5877779 -0.8090054 -0.005267024 -0.5877712 -0.8090103 -0.005244791 -0.3090173 -0.9510564 0 -0.309017 -0.9510565 0 -0.9510456 0.3090063 -0.005248844 -0.9510443 0.3090098 -0.005258202 -0.9510437 0.3090115 -0.005262672 -0.9510462 0.3090046 -0.005244314 -0.0135371 -0.001855432 0.9999067 -0.01349443 -0.009018063 0.9998683 -0.01348978 -0.009797692 0.999861 -0.01354002 -0.001352131 0.9999075 0.09929144 -0.9950481 0.004541933 0.09942364 -0.9950428 0.002181529 0.09928768 -0.9950482 0.004608213 0.0994274 -0.9950427 0.002115368 0.9950409 0.09935009 0.004824578 -0.6666837 -0.7453386 -0.001792013 -0.6666996 -0.7453266 -4.80366e-5 -0.6666833 -0.745339 -0.001836955 -0.6667 -0.7453263 -2.98597e-6 0.4504674 0.5366171 -0.7135274 -0.01156657 0.03136372 -0.9994412 0.3924168 0.4763703 -0.7868167 -0.02092796 0.01861554 -0.9996078 0.02032268 -0.01944839 0.9996043 0.01156675 -0.03136998 0.9994409 0.02093815 -0.01861006 0.9996076 0.01061189 -0.03266954 0.9994099 0.6646592 0.7471435 0.002165615 0.6646319 0.7471568 0.004609405 0.7473158 -0.6644552 0.004291892 0.7472204 -0.6645602 0.004638195 0.7473617 -0.6644046 0.004125297 0.7471745 -0.6646107 0.00480473 -0.9346716 0.3555126 0 -0.9346762 0.3555003 0 -0.9346768 0.3554987 0 -0.9346705 0.3555155 0 -0.3771166 0.519056 0.7670489 -0.3771162 0.5190556 0.7670493 0.001510083 -0.005453169 0.999984 0.6443745 -0.7243215 0.2452344 0.01066833 -0.01757973 0.9997887 0.4884957 -0.5506095 0.6769056 -0.4546347 0.5128642 -0.7282017 -0.008741915 0.01502919 -0.9998489 -0.001044392 0.004837334 -0.9999878 -0.339307 0.3855396 -0.8580385 -0.6653364 0.7465277 0.00488156 -0.6653372 0.7465271 0.004878699 0.2872747 -0.2087172 0.9348317 0 -6.70704e-7 1 0.1097288 -0.3377121 0.9348317 0.3550915 0 0.9348316 -0.1097283 0.3377107 0.9348322 0.1097292 0.3377112 0.9348319 -0.2872741 0.2087172 0.9348319 0.2872743 0.2087168 0.934832 -0.3550906 1.35008e-7 0.9348319 -0.2872754 -0.2087174 0.9348315 -0.1097299 -0.3377118 0.9348316 -0.1239895 0.3554309 0.9264424 -0.1405407 0.3367466 0.9310478 -0.1234827 0.355998 0.9262923 -0.1411712 0.3360286 0.9312118 0.7224444 -0.6055239 0.3337889 0.7224444 -0.6055239 0.3337889 0.7224455 -0.6055235 0.3337872 0.7224433 -0.6055243 0.3337906 0.1231139 -0.3548243 -0.9267917 0.1392475 -0.339532 -0.9302302 0.01353418 0.001859605 0.9999067 0.01349216 0.009019732 0.9998683 0.01348751 0.009799242 0.9998611 0.0135371 0.001355469 0.9999075 0.09938889 -0.9950383 -0.004542469 0.09932577 -0.9950526 -0.002180993 0.09939062 -0.9950378 -0.004607796 0.09932404 -0.9950529 -0.002115547 0.9950129 0.09963029 -0.004824101 -0.6667352 -0.7452925 0.001790583 -0.6666491 -0.7453718 4.95687e-5 -0.6667376 -0.7452903 0.001837253 -0.6666467 -0.7453739 2.98546e-6 0.4889208 0.5201393 -0.700294 0.01156824 -0.03136771 -0.999441 0.4038292 0.4176823 -0.8139187 0.0209366 -0.0186125 -0.9996076 -0.02031195 0.01945436 0.9996044 -0.01156634 0.0313633 0.9994412 -0.0209279 0.01861524 0.9996078 -0.01061248 0.03266155 0.9994102 0.6645865 0.7472082 -0.002168118 0.6647094 0.7470879 -0.004608988 0.7472205 -0.6645624 -0.004290878 0.7473143 -0.6644546 -0.004639267 0.7471752 -0.6646144 -0.004122912 0.7473596 -0.6644025 -0.004807233 -0.3090151 -0.9510571 0 0.7289775 0.3699258 -0.5759747 0.9510423 -0.3090159 0.005271911 0.6742649 -0.2190812 -0.7052449 0.8902389 0.4554789 0.003707706 0 0 1 0 0 1 0 0 1 0 0 1 0.3090174 0.9510564 1.06681e-5 0.218872 0.6736184 -0.7059273 -2.81068e-7 0 -1 -0.005378186 0.001746594 -0.9999841 -0.005376756 0.001744627 -0.999984 0.005376994 -0.001744806 0.999984 0.005378484 -0.001746952 0.9999841 0.6653306 -0.7465329 -0.004879713 0.6653321 -0.7465316 -0.004878342 -0.9510442 0.3090103 0.005248725 -0.9510453 0.3090068 0.005257844 -0.9510459 0.309005 0.005262196 -0.9510437 0.3090121 0.005244374 -0.3090166 -0.9510567 0 -0.309018 -0.9510562 0 -0.3090166 -0.9510567 0 -0.309018 -0.9510563 0 0.6707144 -0.2179343 -0.7089759 0.2181398 0.671366 -0.7082957 0.7259975 0.371479 -0.5787322 0.3090168 0.9510567 -1.19926e-5 0.8917578 0.4524977 -0.003717839 0 0 1 -2.65022e-7 0 1 0 0 1 -2.81068e-7 0 1 0.9510415 -0.3090186 -0.005272209 0.02368593 -0.03260087 0.9991878 0.02368599 -0.03260093 0.9991878 0.02368593 -0.03260082 0.9991878 0.02368599 -0.03260099 0.9991878 -0.7635937 -0.6456971 0 -0.8613961 -0.5079339 0 -0.5769371 -0.8167886 0 -0.02371722 -0.9997187 0 -0.5769449 -0.8167831 0 0.9550942 0.2963026 0 0.8138768 0.5810375 0 0.367484 0.259105 -0.8932079 0.002673029 -0.003679096 0.9999898 0.00349909 -0.001136898 0.9999933 0 -0.003679096 0.9999933 0.002673029 -0.003679096 0.9999898 -0.8041012 -0.5944924 0 -0.8041012 -0.5944926 0 -0.8041011 -0.5944926 0 0.7071067 0.7071069 0 0.7071068 0.7071068 0 -0.587785 -0.8090173 0 -0.9876885 -0.1564342 0 -0.9876885 -0.1564335 0 0.1564341 -0.9876884 0 0.9876885 0.1564339 0 -0.1564341 0.9876884 0 0.9876884 0.1564341 0 0.8090161 -0.5877866 0 -0.8090159 0.5877867 0 0.3599816 -0.2694298 -0.8932083 -0.813877 0.5810374 0 -0.00267291 -0.003679096 0.9999898 -0.00267291 -0.003679096 0.9999898 -0.005947589 0.0123012 0.9999067 -0.01274687 0.01004719 0.9998683 -0.01348692 0.009801805 0.999861 -0.005469799 0.01245957 0.9999075 -0.9156641 -0.4019187 0.004548072 -0.9156183 -0.4020429 0.002181708 -0.9156654 -0.4019152 0.004614531 -0.9156169 -0.4020464 0.002115309 0.4019743 -0.9156382 0.004830718 -0.9148757 0.4037318 -0.001784145 -0.9148692 0.4037504 -5.36605e-5 -0.9148758 0.4037313 -0.00182873 -0.9148691 0.4037509 -8.9579e-6 0.6495586 -0.2625973 -0.7135239 0.02625441 0.0206924 -0.9994412 0.574319 -0.2260041 -0.7868164 0.0112372 0.02565628 -0.9996078 -0.01221638 -0.02533799 0.9996043 -0.02626031 -0.02069461 0.9994409 -0.01122891 -0.02566426 0.9996076 -0.02779132 -0.02018803 0.9994099 0.915967 -0.401248 0.002174079 0.9159711 -0.4012181 0.004611015 -0.4010025 -0.916067 0.004287481 -0.4011316 -0.9160088 0.004638671 -0.4009404 -0.9160949 0.004118502 -0.4011936 -0.9159806 0.004807591 -0.2854685 -0.4996019 0.8178666 -0.2854674 -0.4996048 0.8178651 -0.2854674 -0.499605 0.8178651 -0.2854685 -0.4996018 0.8178668 0.587785 -0.8090173 0 -0.1564335 -0.9876885 -1.59558e-7 -0.1564338 -0.9876886 0 0.9876884 -0.1564342 -1.21338e-7 0.1564338 0.9876885 0 -0.5877849 0.8090174 0 -0.9876886 0.1564332 0 0.1564338 0.9876886 0 0.8090159 0.5877867 0 -0.809016 -0.5877867 0 0.958118 -0.2863739 0 -0.05499875 0.6176604 -0.7845196 -0.4571029 0.8708733 -0.180656 -0.4576601 0.8709006 -0.1791074 0.02056348 0.5355054 -0.8442814 0.457589 -0.8709143 0.1792221 0.4557152 -0.8710388 0.1833441 0.4576457 -0.8709103 0.179097 0.4556502 -0.8710429 0.1834867 -0.196963 0.02099353 0.9801861 -0.1969633 0.02099019 0.9801862 -0.196963 0.02099364 0.9801862 -0.1969633 0.02099013 0.9801862 0.9770533 -0.07846927 0.198014 0.6283487 -0.7647424 0.1426439 0.6283316 -0.7647568 0.1426415 0.9770534 -0.07846969 0.1980133 0.1967711 0.7643786 -0.6140087 0.1969637 -0.02098912 -0.9801861 0.1969633 -0.02099031 -0.9801861 0.2063659 0.6859877 -0.697735 0.09444075 0.9955278 -0.002339363 0.09444099 0.9955277 -0.002339601 -0.09465867 -0.9955072 0.002295017 -0.09465861 -0.9955072 0.002294719 0.5684329 0.8227296 0 0.01334083 0.999911 0 1 1.60369e-7 -1.57504e-6 0.7059196 1.57356e-7 -0.7082921 0 0 -1 -1 -1.73692e-7 -7.40003e-6 -1 1.54404e-7 1.56883e-6 -1 -1.81703e-7 -7.61903e-6 -1 1.62415e-7 1.78783e-6 -2.39653e-6 0.9999863 0.005251586 -7.37331e-6 0.9999862 0.0052616 -9.76984e-6 0.9999862 0.005266427 0 0.9999863 0.005246758 0.005951106 -0.01229715 0.9999068 0.01274704 -0.01004445 0.9998683 0.01348686 -0.009799182 0.9998611 0.0054726 -0.01245576 0.9999075 -0.9156243 -0.4020094 -0.004550099 -0.9156574 -0.4019537 -0.002179682 -0.9156234 -0.4020109 -0.004615724 -0.9156584 -0.4019521 -0.002113938 0.4022299 -0.915526 -0.004826247 -0.9148489 0.4037927 0.001782715 -0.9148969 0.4036877 5.51806e-5 -0.9148475 0.4037955 0.001829087 -0.9148981 0.4036849 8.95636e-6 0.6457647 -0.3042564 -0.7002972 -0.02625727 -0.02069574 -0.999441 0.5220286 -0.2549932 -0.8139194 -0.01123112 -0.02566349 -0.9996076 0.01222604 0.02532941 0.9996044 0.02625441 0.02069211 0.9994412 0.01123762 0.02565592 0.9996078 0.02778387 0.02018612 0.9994102 0.9160068 -0.4011572 -0.002175509 0.9159293 -0.4013133 -0.004612207 -0.4011315 -0.9160106 -0.004287421 -0.4010028 -0.9160652 -0.004638791 -0.4011934 -0.9159841 -0.004118084 -0.4009407 -0.9160915 -0.004808187 0.8041012 -0.5944925 0 -0.9550929 0.2963067 0 -0.7492604 0.6622756 0 -0.9550957 0.2962977 0 -0.7492616 0.6622743 0 -0.958118 -0.2863739 0 -0.8500577 0.5266898 0 -0.8500577 0.5266897 0 -0.02368599 -0.03260093 0.9991878 -0.02368593 -0.03260093 0.9991878 -0.02368599 -0.03260093 0.9991878 -0.02368593 -0.03260093 0.9991878 0.8682583 -0.4961124 1.06841e-6 0.8682585 -0.4961121 1.25184e-6 0.8682586 -0.4961121 1.25956e-6 0.8682583 -0.4961125 1.06069e-6 -0.4120876 0.7040764 -0.5783255 0.2854663 0.4996046 -0.8178657 -0.4121026 0.7040777 -0.5783131 0.2854697 0.4996021 -0.8178661 -0.8682592 0.4961109 -9.80877e-7 -0.8682587 0.4961119 9.94392e-7 0.4057532 0.7101181 0.57541 0.4057531 0.7101181 0.57541 0.4057538 0.7101185 0.5754091 0.4057525 0.7101177 0.575411 -0.3763495 -0.0080868 0.9264426 -0.3636956 -0.0296005 0.9310474 -0.3767322 -0.00742948 0.9262924 -0.3632077 -0.03042185 0.9312114 0.7991351 0.4999691 0.3337874 0.7991369 0.4999671 0.333786 0.7991333 0.4999712 0.3337888 0.3755028 0.007441937 -0.9267914 0.365945 0.02751225 -0.9302297 0.5044181 0.8634459 0.004878878 0.2511414 0.4348005 -0.8647987 0.3446457 0.5940834 -0.7268317 0.5044183 0.8634456 0.004888117 -0.4884143 -0.8374646 0.2451624 -0.5044175 -0.8634461 -0.004885137 -0.5044181 -0.8634458 -0.00488013 -0.3691269 -0.6357151 0.6779467 3.67343e-6 -0.00565952 0.9999841 2.33808e-6 -0.005657672 0.9999841 3.75929e-6 -0.005659639 0.9999841 1.98255e-6 -0.005657136 0.999984 -0.34465 0.5940864 -0.7268272 0.4884145 -0.8346357 -0.2546262 -0.2511444 0.434802 -0.8647969 0.3691283 -0.6280055 -0.6850938 -0.5044192 0.8634451 0.004888176 -0.5044193 0.8634449 0.004893839 0.5044194 -0.863445 -0.004890143 0.5044199 -0.8634448 -0.0048877 -0.7071067 -0.7071069 0 -0.7071068 -0.7071068 0 -0.7071068 0.7071068 0 0 0 1 0 0 1 0 0 1 -0.1289557 0.8052571 -0.5787326 0.5877786 0.8090048 -0.005264461 0.4145309 0.5705499 -0.708969 -0.1547847 0.9879412 -0.003723204 0.8910058 -0.4539921 0 0.3090128 -0.9510579 0 0.8910044 -0.4539947 0 -0.4539917 -0.8910059 0 -0.3090122 0.9510581 0 -0.8910055 0.4539924 0 0.4539927 0.8910055 0 -0.8910061 0.4539913 0 -0.9510557 -0.3090196 0 0.9510579 0.3090131 0 0.09943652 0.9950319 -0.004902541 0.0705018 0.7250356 -0.6850935 0.09943634 0.995032 -0.00488615 0.09545075 0.9623146 -0.2546365 -0.0994364 -0.995032 0.004886388 -0.0523898 -0.4993777 -0.8647989 -0.09943634 -0.995032 0.004885196 -0.07036721 -0.683206 -0.7268274 0.003323554 0.004580795 0.9999841 0.003323495 0.004578411 0.9999841 0.003323495 0.004577755 0.999984 -0.02477943 -0.0133059 0.9996044 -0.03340214 -0.001308441 0.9994412 -0.02417171 -0.01415103 0.9996078 -0.03434205 -1.44138e-7 0.9994102 -0.5052714 0.8629579 -0.002170622 -0.5051155 0.8630396 -0.004613339 0.86294 0.5052882 -0.004288911 0.8628677 0.5054088 -0.004635393 0.862975 0.50523 -0.004121899 0.8628327 0.5054668 -0.004802405 0.9510567 0.3090164 0 0.8910056 -0.4539924 0 0.8910053 -0.4539929 0 0.4539923 0.8910056 0 -0.8910054 0.4539927 0 -0.9510566 -0.3090168 0 -0.4539926 -0.8910055 0 -0.8910053 0.4539928 0 -0.3090124 0.9510581 0 0.3090127 -0.9510579 0 0.04927802 0.9987851 0 0.0492779 0.9987852 0 0.04927784 0.9987851 0 0.04927808 0.9987851 0 0.3771207 0.5190622 0.7670427 0.3771211 0.5190628 0.7670422 -0.004719734 -0.003121197 0.999984 -0.4897506 -0.8366633 0.2452328 -0.01342314 -0.01557838 0.9997885 -0.3727064 -0.6347365 0.6769044 0.3472732 0.5908658 -0.7282025 0.01159203 0.01295757 -0.9998489 0.004278182 0.002488374 -0.9999878 0.2618195 0.441838 -0.8580384 0.5043908 0.8634618 0.004878938 0.5043906 0.8634618 0.004888176 -0.5043945 -0.8634595 -0.004885137 -0.5043973 -0.8634579 -0.004880189 2.20403e-6 -0.005652904 0.999984 4.36164e-7 -0.005655348 0.999984 -8.90284e-7 0.005654692 -0.9999841 -2.23009e-6 0.005652785 -0.999984 0.2168896 -0.9761962 0 0.3781309 -0.9257522 0 0.2168879 -0.9761965 0 0.378131 -0.9257521 0 0.03832483 0.0124523 0.9991878 0.03832477 0.0124523 0.9991878 0.03832489 0.01245224 0.9991878 0.03832471 0.01245236 0.9991878 -0.6269594 -0.779052 0 -0.6269472 -0.7790619 0 -0.6269456 -0.7790631 0 -0.6269622 -0.7790498 0 -0.6101961 -0.1982639 0.7670412 -0.6101965 -0.198264 0.7670409 0.0056535 -2.49011e-4 0.9999841 0.02001613 0.004713416 0.9997887 -0.5877761 -0.8090066 0.005249321 -0.5877734 -0.8090085 0.005258679 -0.5877721 -0.8090096 0.005263209 -0.5877774 -0.8090057 0.005244791 0.002413094 0.01344645 0.9999068 -0.004409372 0.01561897 0.9998683 -0.005152106 0.01585543 0.9998611 0.002893447 0.0132935 0.9999075 2.00856e-6 -0.7089617 -0.7052471 0.7082808 0 -0.7059308 0.5770877 -0.5789836 -0.5759756 0 2.98499e-7 -1 -1 1.59696e-7 7.39964e-6 -1 -1.7593e-7 -1.56849e-6 -1 1.67837e-7 7.61718e-6 -1 -1.84071e-7 -1.78602e-6 1 -1.5998e-7 1.57539e-6 0.7082841 -0.7059177 0.003704071 -6.90946e-6 0.9999863 -0.005254507 -2.24577e-6 0.9999862 -0.005262553 0 0.9999862 -0.005266427 -9.15522e-6 0.9999863 -0.005250573 -1.32511e-7 0 1 0 0 1 -1.40535e-7 0 1 0 0 1 -0.6101893 -0.1982645 0.7670465 -0.6101894 -0.1982646 0.7670464 -1.80866e-6 -0.9999861 0.005269467 -0.6269577 -0.7790533 0 -0.626945 -0.7790637 0 -0.6269433 -0.779065 0 -0.6269606 -0.779051 0 0.5985288 -0.8011013 0 0.9434602 -0.3314858 0 0.5985205 -0.8011076 0 0.9434607 -0.3314844 0 0.03832483 0.01245236 0.9991878 0.03832441 0.01245236 0.9991878 0.03832519 0.01245236 0.9991878 0.03832411 0.01245236 0.9991878 0.3169146 -0.9484541 0 0.316915 -0.948454 0 0.316915 -0.948454 0 0.3169146 -0.9484542 0 0.2168899 -0.9761962 0 0.378131 -0.9257521 0 0.2168881 -0.9761965 0 0.378131 -0.9257521 0 0.5684334 0.8227293 0 0.01334089 0.999911 0 0.3169151 -0.9484539 0 0.3169151 -0.948454 0 0.3169151 -0.948454 0 -0.8090161 0.5877865 -5.28729e-6 -0.5710989 0.4149294 -0.7082936 0.004325032 0.001405239 0.9999898 0.004325091 0.001405239 0.9999898 5.62138e-7 0 -1 0.8090167 -0.5877858 -1.0894e-5 0.809017 -0.5877853 -2.96548e-6 0.8090167 -0.5877858 -1.10876e-5 0.809017 -0.5877853 -2.77189e-6 -0.3010981 0.9535932 0 0.004324972 0.001405239 0.9999898 0.004324972 0.001405239 0.9999898 0.9434598 -0.3314871 0 0.5985281 -0.8011019 0 0.9434601 -0.3314865 0 0.5985203 -0.8011077 0 -0.301098 0.9535933 8.03922e-7 -0.1021229 0.9947718 1.63997e-5 0.009643316 -0.003132998 0.9999487 0.005958974 0.008202135 0.9999487 -0.977642 0.2102767 1.56543e-5 0 -0.0101388 0.9999487 -0.00964272 -0.003132998 0.9999487 0.9145259 0.4045274 1.19271e-5 -0.009642362 -0.003133058 0.9999487 0.6673308 -0.7447615 2.16178e-5 0.9144979 0.4045906 -1.34202e-5 -0.5020318 -0.8648493 -1.78936e-5 0.6673842 -0.7447137 -2.2367e-5 -0.9776568 0.2102074 -1.49114e-5 -0.1021933 0.9947646 -1.49114e-5 -0.00595808 0.008201777 0.9999487 0.00595808 0.008201837 0.9999487 0.009642601 -0.003133118 0.9999487 -0.005959331 0.008202552 0.9999487 -0.5020914 -0.8648145 1.78906e-5</float_array>
          <technique_common>
            <accessor source="#mesh0_003-mesh-normals-array" count="1615" stride="3">
              <param name="X" type="float"/>
              <param name="Y" type="float"/>
              <param name="Z" type="float"/>
            </accessor>
          </technique_common>
        </source>
        <source id="mesh0_003-mesh-map-0">
          <float_array id="mesh0_003-mesh-map-0-array" count="6960">4.497849 2.241683 4.003644 2.004412 4.497849 2.004412 4.003644 2.241683 4.003644 2.004412 4.497849 2.241683 4.497849 2.004412 4.003644 2.241683 4.497849 2.241683 4.003644 2.004412 4.003644 2.241683 4.497849 2.004412 5.71672 2.143716 5.612002 2.243716 5.612002 2.143716 5.716721 2.243716 5.612002 2.243716 5.71672 2.143716 5.612002 2.143716 5.716721 2.243716 5.71672 2.143716 5.612002 2.243716 5.716721 2.243716 5.612002 2.143716 3.004854 1.334054 3.772028 1.246895 3.004687 1.247003 3.772196 1.333946 3.772028 1.246895 3.004854 1.334054 3.005023 1.42709 3.772196 1.333946 3.004854 1.334054 3.772363 1.426982 3.772196 1.333946 3.005023 1.42709 4.497849 2.241683 4.003644 2.004412 4.497849 2.004412 4.003644 2.241683 4.003644 2.004412 4.497849 2.241683 4.497849 2.004412 4.003644 2.241683 4.497849 2.241683 4.003644 2.004412 4.003644 2.241683 4.497849 2.004412 4.497849 2.241683 4.003644 2.004412 4.497849 2.004412 4.003644 2.241683 4.003644 2.004412 4.497849 2.241683 4.497849 2.004412 4.003644 2.241683 4.497849 2.241683 4.003644 2.004412 4.003644 2.241683 4.497849 2.004412 4.497849 2.241683 4.003644 2.004412 4.497849 2.004412 4.003644 2.241683 4.003644 2.004412 4.497849 2.241683 4.497849 2.004412 4.003644 2.241683 4.497849 2.241683 4.003644 2.004412 4.003644 2.241683 4.497849 2.004412 5.71672 2.143716 5.612002 2.243716 5.612002 2.143716 5.716721 2.243716 5.612002 2.243716 5.71672 2.143716 5.612002 2.143716 5.716721 2.243716 5.71672 2.143716 5.612002 2.243716 5.716721 2.243716 5.612002 2.143716 4.497849 2.241683 4.003644 2.004412 4.497849 2.004412 4.003644 2.241683 4.003644 2.004412 4.497849 2.241683 4.497849 2.004412 4.003644 2.241683 4.497849 2.241683 4.003644 2.004412 4.003644 2.241683 4.497849 2.004412 3.004854 1.334054 3.772028 1.246895 3.004687 1.247003 3.772196 1.333946 3.772028 1.246895 3.004854 1.334054 3.005023 1.42709 3.772196 1.333946 3.004854 1.334054 3.772363 1.426982 3.772196 1.333946 3.005023 1.42709 3.004854 1.334054 3.772028 1.246895 3.004687 1.247003 3.772196 1.333946 3.772028 1.246895 3.004854 1.334054 3.005023 1.42709 3.772196 1.333946 3.004854 1.334054 3.772363 1.426982 3.772196 1.333946 3.005023 1.42709 4.497849 2.241683 4.003644 2.004412 4.497849 2.004412 4.003644 2.241683 4.003644 2.004412 4.497849 2.241683 4.497849 2.004412 4.003644 2.241683 4.497849 2.241683 4.003644 2.004412 4.003644 2.241683 4.497849 2.004412 5.716721 2.243716 5.612002 2.143716 5.612002 2.243716 5.71672 2.143716 5.612002 2.143716 5.716721 2.243716 5.612002 2.243716 5.71672 2.143716 5.716721 2.243716 5.612002 2.143716 5.71672 2.143716 5.612002 2.243716 5.71672 2.143716 5.612002 2.243716 5.612002 2.143716 5.716721 2.243716 5.612002 2.243716 5.71672 2.143716 5.612002 2.143716 5.716721 2.243716 5.71672 2.143716 5.612002 2.243716 5.716721 2.243716 5.612002 2.143716 3.004854 1.334054 3.772028 1.246895 3.004687 1.247003 3.772196 1.333946 3.772028 1.246895 3.004854 1.334054 3.005023 1.42709 3.772196 1.333946 3.004854 1.334054 3.772363 1.426982 3.772196 1.333946 3.005023 1.42709 4.497849 2.241683 4.003644 2.004412 4.497849 2.004412 4.003644 2.241683 4.003644 2.004412 4.497849 2.241683 4.497849 2.004412 4.003644 2.241683 4.497849 2.241683 4.003644 2.004412 4.003644 2.241683 4.497849 2.004412 5.71672 2.143716 5.612002 2.243716 5.612002 2.143716 5.716721 2.243716 5.612002 2.243716 5.71672 2.143716 5.612002 2.143716 5.716721 2.243716 5.71672 2.143716 5.612002 2.243716 5.716721 2.243716 5.612002 2.143716 5.716721 2.243716 5.612002 2.143716 5.612002 2.243716 5.71672 2.143716 5.612002 2.143716 5.716721 2.243716 5.612002 2.243716 5.71672 2.143716 5.716721 2.243716 5.612002 2.143716 5.71672 2.143716 5.612002 2.243716 5.71672 2.143716 5.612002 2.243716 5.612002 2.143716 5.716721 2.243716 5.612002 2.243716 5.71672 2.143716 5.612002 2.143716 5.716721 2.243716 5.71672 2.143716 5.612002 2.243716 5.716721 2.243716 5.612002 2.143716 4.497849 2.241683 4.003644 2.004412 4.497849 2.004412 4.003644 2.241683 4.003644 2.004412 4.497849 2.241683 4.497849 2.004412 4.003644 2.241683 4.497849 2.241683 4.003644 2.004412 4.003644 2.241683 4.497849 2.004412 4.497849 2.241683 4.003644 2.004412 4.497849 2.004412 4.003644 2.241683 4.003644 2.004412 4.497849 2.241683 4.497849 2.004412 4.003644 2.241683 4.497849 2.241683 4.003644 2.004412 4.003644 2.241683 4.497849 2.004412 5.71672 2.143716 5.612002 2.243716 5.612002 2.143716 5.716721 2.243716 5.612002 2.243716 5.71672 2.143716 5.612002 2.143716 5.716721 2.243716 5.71672 2.143716 5.612002 2.243716 5.716721 2.243716 5.612002 2.143716 5.71672 2.143716 5.612002 2.243716 5.612002 2.143716 5.716721 2.243716 5.612002 2.243716 5.71672 2.143716 5.612002 2.143716 5.716721 2.243716 5.71672 2.143716 5.612002 2.243716 5.716721 2.243716 5.612002 2.143716 5.71672 2.143716 5.612002 2.243716 5.612002 2.143716 5.716721 2.243716 5.612002 2.243716 5.71672 2.143716 5.612002 2.143716 5.716721 2.243716 5.71672 2.143716 5.612002 2.243716 5.716721 2.243716 5.612002 2.143716 3.772196 1.333946 3.005023 1.42709 3.772363 1.426982 3.004854 1.334054 3.005023 1.42709 3.772196 1.333946 3.772028 1.246895 3.004854 1.334054 3.772196 1.333946 3.004687 1.247003 3.004854 1.334054 3.772028 1.246895 4.497849 2.241683 4.003644 2.004412 4.497849 2.004412 4.003644 2.241683 4.003644 2.004412 4.497849 2.241683 4.497849 2.004412 4.003644 2.241683 4.497849 2.241683 4.003644 2.004412 4.003644 2.241683 4.497849 2.004412 -1.285712 1.808777 -2.998746 1.644286 -1.36653 1.644286 -2.998746 1.808776 -2.998746 1.644286 -1.285712 1.808777 -2.998746 1.989593 -2.998746 1.808776 -1.285712 1.808777 -1.285712 1.808777 -2.998746 1.644286 -1.36653 1.644286 -2.998746 1.808776 -2.998746 1.644286 -1.285712 1.808777 -2.998746 1.989593 -2.998746 1.808776 -1.285712 1.808777 -1.285712 1.808777 -2.998746 1.644286 -1.36653 1.644286 -2.998746 1.808776 -2.998746 1.644286 -1.285712 1.808777 -2.998746 1.989593 -2.998746 1.808776 -1.285712 1.808777 -1.285712 1.808777 -2.998746 1.644286 -1.36653 1.644286 -2.998746 1.808776 -2.998746 1.644286 -1.285712 1.808777 -2.998746 1.989593 -2.998746 1.808776 -1.285712 1.808777 1.609728 1.831138 1.952974 1.996228 1.952903 1.831137 1.609799 1.996228 1.952974 1.996228 1.609728 1.831138 1.252868 1.996228 1.609799 1.996228 1.609728 1.831138 -1.285712 1.808777 -2.998746 1.644286 -1.36653 1.644286 -2.998746 1.808776 -2.998746 1.644286 -1.285712 1.808777 -2.998746 1.989593 -2.998746 1.808776 -1.285712 1.808777 -1.285712 1.808777 -2.998746 1.644286 -1.36653 1.644286 -2.998746 1.808776 -2.998746 1.644286 -1.285712 1.808777 -2.998746 1.989593 -2.998746 1.808776 -1.285712 1.808777 -1.285712 1.808777 -2.998746 1.644286 -1.36653 1.644286 -2.998746 1.808776 -2.998746 1.644286 -1.285712 1.808777 -2.998746 1.989593 -2.998746 1.808776 -1.285712 1.808777 -1.285712 1.808777 -2.998746 1.644286 -1.36653 1.644286 -2.998746 1.808776 -2.998746 1.644286 -1.285712 1.808777 -2.998746 1.989593 -2.998746 1.808776 -1.285712 1.808777 -1.285712 1.808777 -2.998746 1.644286 -1.36653 1.644286 -2.998746 1.808776 -2.998746 1.644286 -1.285712 1.808777 -2.998746 1.989593 -2.998746 1.808776 -1.285712 1.808777 -1.285712 1.808777 -2.998746 1.644286 -1.36653 1.644286 -2.998746 1.808776 -2.998746 1.644286 -1.285712 1.808777 -2.998746 1.989593 -2.998746 1.808776 -1.285712 1.808777 1.952974 1.996228 1.609728 1.831138 1.609799 1.996228 1.952903 1.831137 1.609728 1.831138 1.952974 1.996228 -0.918848 1.995938 0.125847 1.837842 0.125847 1.995938 -0.9177621 1.835556 0.125847 1.837842 -0.918848 1.995938 -4.629025 3.997485 -2.240436 3.828602 -4.628914 3.828602 -2.240325 3.997485 -2.240436 3.828602 -4.629025 3.997485 -4.628872 2.641831 -2.24093 2.826895 -2.240588 2.641829 -4.628345 2.826897 -2.24093 2.826895 -4.628872 2.641831 -4.628345 2.826897 -2.241428 2.999091 -2.24093 2.826895 -4.627948 2.999092 -2.241428 2.999091 -4.628345 2.826897 3.193197 2 3.001766 1.808732 3.002118 2 3.192847 1.808332 3.001766 1.808732 3.193197 2 1.998194 0.644885 3.664335 0.813626 1.998194 0.813626 3.664335 0.644885 3.664335 0.813626 1.998194 0.644885 1.130348 1.835038 0.08159697 1.995938 0.08159697 1.835038 1.130348 1.995938 0.08159697 1.995938 1.130348 1.835038 0.9961631 1.997467 2.654413 1.814543 0.9961631 1.814543 2.654413 1.997468 2.654413 1.814543 0.9961631 1.997467 0.9961631 1.814543 2.654413 1.644997 0.9961621 1.644999 2.654413 1.814543 2.654413 1.644997 0.9961631 1.814543 4.003644 2.241683 4.497849 2.004412 4.003644 2.004412 4.497849 2.241683 4.497849 2.004412 4.003644 2.241683 -5.498897 2.64489 -7.021526 2.829559 -5.498897 2.82956 -6.724986 2.64489 -7.021526 2.829559 -5.498897 2.64489 -5.501861 1.819623 -7.014591 1.655494 -6.722321 1.819623 -5.498935 1.655494 -7.014591 1.655494 -5.501861 1.819623 1.252868 1.996228 1.609728 1.831138 1.25281 1.831137 1.609799 1.996228 1.609728 1.831138 1.252868 1.996228 1.609728 1.831138 1.252868 1.996228 1.609799 1.996228 1.25281 1.831137 1.252868 1.996228 1.609728 1.831138 5.716721 2.243716 5.612002 2.143716 5.612002 2.243716 5.71672 2.143716 5.612002 2.143716 5.716721 2.243716 1.952903 1.831137 1.609799 1.996228 1.952974 1.996228 1.609728 1.831138 1.609799 1.996228 1.952903 1.831137 5.716721 2.243716 5.612002 2.143716 5.612002 2.243716 5.71672 2.143716 5.612002 2.143716 5.716721 2.243716 4.003644 2.241683 4.497849 2.004412 4.003644 2.004412 4.497849 2.241683 4.497849 2.004412 4.003644 2.241683 -5.501861 1.819623 -7.014591 1.655494 -5.498935 1.655494 -6.722321 1.819623 -7.014591 1.655494 -5.501861 1.819623 -4.628803 3.646759 -2.240436 3.828602 -2.240547 3.646759 -4.628914 3.828602 -2.240436 3.828602 -4.628803 3.646759 -7.021526 2.99489 -5.498897 2.82956 -5.498897 2.994891 -7.021526 2.829559 -5.498897 2.82956 -7.021526 2.99489 1.130348 1.835038 0.08159697 1.642727 1.130348 1.642727 0.08159697 1.835038 0.08159697 1.642727 1.130348 1.835038 -0.916875 1.642727 0.125847 1.837842 -0.9177621 1.835556 0.125847 1.642727 0.125847 1.837842 -0.916875 1.642727 1.130348 1.835038 0.08159697 1.995938 0.08159697 1.835038 1.130348 1.995938 0.08159697 1.995938 1.130348 1.835038 -0.918848 1.995938 0.125847 1.837842 0.125847 1.995938 -0.9177621 1.835556 0.125847 1.837842 -0.918848 1.995938 3.193197 2 3.001766 1.808732 3.002118 2 3.192847 1.808332 3.001766 1.808732 3.193197 2 1.998194 0.644885 3.664335 0.813626 1.998194 0.813626 3.664335 0.644885 3.664335 0.813626 1.998194 0.644885 0.9961631 1.997467 2.654413 1.814543 0.9961631 1.814543 2.654413 1.997468 2.654413 1.814543 0.9961631 1.997467 -5.501861 1.819623 -6.713545 1.996001 -6.722321 1.819623 -5.501861 1.996002 -6.713545 1.996001 -5.501861 1.819623 0.9961631 1.814543 2.654413 1.644997 0.9961621 1.644999 2.654413 1.814543 2.654413 1.644997 0.9961631 1.814543 1.998194 0.813626 3.664335 0.996464 1.998194 0.996464 3.664335 0.813626 3.664335 0.996464 1.998194 0.813626 3.003617 2.652149 4.712183 2.826175 3.003617 2.826174 4.636596 2.652149 4.712183 2.826175 3.003617 2.652149 -0.32496 1.821211 -0.162725 1.997237 -0.16271 1.820656 -0.324975 1.997792 -0.162725 1.997237 -0.32496 1.821211 -0.918848 1.995938 0.125847 1.837842 0.125847 1.995938 -0.9177621 1.835556 0.125847 1.837842 -0.918848 1.995938 3.193197 2 3.001766 1.808732 3.002118 2 3.192847 1.808332 3.001766 1.808732 3.193197 2 -2.800111 3.002889 -2.996201 2.807872 -2.996367 3.002965 -2.799945 2.807807 -2.996201 2.807872 -2.800111 3.002889 3.003617 2.826174 4.712183 2.996658 3.003617 2.996658 4.712183 2.826175 4.712183 2.996658 3.003617 2.826174 0.710385 2.644576 -0.997904 2.81996 -0.997904 2.644576 0.6315841 2.81996 -0.997904 2.81996 0.710385 2.644576 -0.997904 2.81996 0.710385 2.644576 0.6315841 2.81996 -0.997904 2.644576 0.710385 2.644576 -0.997904 2.81996 -5.498897 2.64489 -7.021526 2.829559 -6.724986 2.64489 -5.498897 2.82956 -7.021526 2.829559 -5.498897 2.64489 5.716721 2.243716 5.612002 2.143716 5.612002 2.243716 5.71672 2.143716 5.612002 2.143716 5.716721 2.243716 3.003617 2.652149 4.712183 2.826175 3.003617 2.826174 4.636596 2.652149 4.712183 2.826175 3.003617 2.652149 -0.997904 3 0.6315841 2.81996 0.6315841 3 -0.997904 2.81996 0.6315841 2.81996 -0.997904 3 -3.797315 2.995034 -3.998747 2.806845 -3.998747 2.994987 -3.797315 2.8069 -3.998747 2.806845 -3.797315 2.995034 5.716721 2.243716 5.612002 2.143716 5.612002 2.243716 5.71672 2.143716 5.612002 2.143716 5.716721 2.243716 1.130348 1.835038 0.08159697 1.642727 1.130348 1.642727 0.08159697 1.835038 0.08159697 1.642727 1.130348 1.835038 -0.916875 1.642727 0.125847 1.837842 -0.9177621 1.835556 0.125847 1.642727 0.125847 1.837842 -0.916875 1.642727 1.779928 3.638664 -1.263372 3.438771 -1.263372 3.638664 1.779928 3.438771 -1.263372 3.438771 1.779928 3.638664 3.003617 2.652149 4.712183 2.826175 3.003617 2.826174 4.636596 2.652149 4.712183 2.826175 3.003617 2.652149 3.822704 1.436976 -0.296521 1.634371 3.822704 1.634371 -0.296521 1.436976 -0.296521 1.634371 3.822704 1.436976 -1.093345 3.63738 -1.32983 3.439529 -1.330185 3.635427 -1.092989 3.441482 -1.32983 3.439529 -1.093345 3.63738 -0.29489 4.637842 3.82116 4.441683 -0.29489 4.44168 3.82116 4.637844 3.82116 4.441683 -0.29489 4.637842 3.822357 3.442743 -0.296818 3.639779 3.822357 3.639779 -0.296818 3.442744 -0.296818 3.639779 3.822357 3.442743 3.822704 2.442133 -0.296521 2.635648 3.822704 2.635648 -0.296521 2.442132 -0.296521 2.635648 3.822704 2.442133 4.793601 6.439638 0.870018 6.6387 4.793601 6.6387 0.870018 6.43964 0.870018 6.6387 4.793601 6.439638 3.234356 9.636025 2.897729 9.444882 2.897729 9.636025 3.234356 9.444882 2.897729 9.444882 3.234356 9.636025 0.87108 7.638989 4.79125 7.439022 0.87108 7.439022 4.79125 7.638989 4.79125 7.439022 0.87108 7.638989 4.794078 5.447678 0.8665261 5.634044 4.794116 5.633361 0.866489 5.448359 0.8665261 5.634044 4.794078 5.447678 4.792475 8.441785 0.869994 8.637855 4.792475 8.63784 0.869994 8.441786 0.869994 8.637855 4.792475 8.441785 1.952974 1.996228 1.609728 1.831138 1.609799 1.996228 1.952903 1.831137 1.609728 1.831138 1.952974 1.996228 -4.628872 2.641831 -2.24093 2.826895 -2.240588 2.641829 -4.628345 2.826897 -2.24093 2.826895 -4.628872 2.641831 -4.628345 2.826897 -2.241428 2.999091 -2.24093 2.826895 -4.627948 2.999092 -2.241428 2.999091 -4.628345 2.826897 -4.628803 3.646759 -2.240436 3.828602 -2.240547 3.646759 -4.628914 3.828602 -2.240436 3.828602 -4.628803 3.646759 -4.629025 3.997485 -2.240436 3.828602 -4.628914 3.828602 -2.240325 3.997485 -2.240436 3.828602 -4.629025 3.997485 1.252868 1.996228 1.609728 1.831138 1.25281 1.831137 1.609799 1.996228 1.609728 1.831138 1.252868 1.996228 1.952903 1.831137 1.609799 1.996228 1.952974 1.996228 1.609728 1.831138 1.609799 1.996228 1.952903 1.831137 4.003644 2.241683 4.497849 2.004412 4.003644 2.004412 4.497849 2.241683 4.497849 2.004412 4.003644 2.241683 4.003644 2.241683 4.497849 2.004412 4.003644 2.004412 4.497849 2.241683 4.497849 2.004412 4.003644 2.241683 5.716721 2.243716 5.612002 2.143716 5.612002 2.243716 5.71672 2.143716 5.612002 2.143716 5.716721 2.243716 5.716721 2.243716 5.612002 2.143716 5.612002 2.243716 5.71672 2.143716 5.612002 2.143716 5.716721 2.243716 -5.501861 1.819623 -7.014591 1.655494 -5.498935 1.655494 -6.722321 1.819623 -7.014591 1.655494 -5.501861 1.819623 -5.498897 2.64489 -7.021526 2.829559 -6.724986 2.64489 -5.498897 2.82956 -7.021526 2.829559 -5.498897 2.64489 -5.501861 1.819623 -6.713545 1.996001 -6.722321 1.819623 -5.501861 1.996002 -6.713545 1.996001 -5.501861 1.819623 -7.021526 2.99489 -5.498897 2.82956 -5.498897 2.994891 -7.021526 2.829559 -5.498897 2.82956 -7.021526 2.99489 1.130348 1.835038 0.08159697 1.642727 1.130348 1.642727 0.08159697 1.835038 0.08159697 1.642727 1.130348 1.835038 -0.916875 1.642727 0.125847 1.837842 -0.9177621 1.835556 0.125847 1.642727 0.125847 1.837842 -0.916875 1.642727 1.130348 1.835038 0.08159697 1.995938 0.08159697 1.835038 1.130348 1.995938 0.08159697 1.995938 1.130348 1.835038 -0.391692 0.97857 -0.721229 0.649033 -0.721229 0.97857 -0.391692 0.649033 -0.721229 0.649033 -0.391692 0.97857 1.998194 0.644885 3.664335 0.813626 1.998194 0.813626 3.664335 0.644885 3.664335 0.813626 1.998194 0.644885 4.003644 2.241683 4.497849 2.004412 4.003644 2.004412 4.497849 2.241683 4.497849 2.004412 4.003644 2.241683 4.003644 2.241683 4.497849 2.004412 4.003644 2.004412 4.497849 2.241683 4.497849 2.004412 4.003644 2.241683 -5.001823 1.811194 -3.28409 1.647893 -3.365237 1.811194 -5.001823 1.647894 -3.28409 1.647893 -5.001823 1.811194 -3.365237 1.996058 -5.001823 1.811194 -3.365237 1.811194 -5.001823 1.996058 -5.001823 1.811194 -3.365237 1.996058 -5.501861 1.819623 -6.713545 1.996001 -5.501861 1.996002 -6.722321 1.819623 -6.713545 1.996001 -5.501861 1.819623 -7.021526 2.99489 -5.498897 2.82956 -7.021526 2.829559 -5.498897 2.994891 -5.498897 2.82956 -7.021526 2.99489 -5.501861 1.819623 -7.014591 1.655494 -6.722321 1.819623 -5.498935 1.655494 -7.014591 1.655494 -5.501861 1.819623 -5.498897 2.64489 -7.021526 2.829559 -5.498897 2.82956 -6.724986 2.64489 -7.021526 2.829559 -5.498897 2.64489 -5.501861 1.819623 -6.713545 1.996001 -5.501861 1.996002 -6.722321 1.819623 -6.713545 1.996001 -5.501861 1.819623 -7.021526 2.99489 -5.498897 2.82956 -7.021526 2.829559 -5.498897 2.994891 -5.498897 2.82956 -7.021526 2.99489 -5.501861 1.819623 -7.014591 1.655494 -5.498935 1.655494 -6.722321 1.819623 -7.014591 1.655494 -5.501861 1.819623 -5.498897 2.64489 -7.021526 2.829559 -6.724986 2.64489 -5.498897 2.82956 -7.021526 2.829559 -5.498897 2.64489 -5.501861 1.819623 -6.713545 1.996001 -6.722321 1.819623 -5.501861 1.996002 -6.713545 1.996001 -5.501861 1.819623 -7.021526 2.99489 -5.498897 2.82956 -5.498897 2.994891 -7.021526 2.829559 -5.498897 2.82956 -7.021526 2.99489 1.130348 1.835038 0.08159697 1.642727 1.130348 1.642727 0.08159697 1.835038 0.08159697 1.642727 1.130348 1.835038 -0.916875 1.642727 0.125847 1.837842 -0.9177621 1.835556 0.125847 1.642727 0.125847 1.837842 -0.916875 1.642727 1.130348 1.835038 0.08159697 1.995938 0.08159697 1.835038 1.130348 1.995938 0.08159697 1.995938 1.130348 1.835038 -0.918848 1.995938 0.125847 1.837842 0.125847 1.995938 -0.9177621 1.835556 0.125847 1.837842 -0.918848 1.995938 1.609728 1.831138 1.252868 1.996228 1.609799 1.996228 1.25281 1.831137 1.252868 1.996228 1.609728 1.831138 1.998194 0.813626 3.664335 0.996464 1.998194 0.996464 3.664335 0.813626 3.664335 0.996464 1.998194 0.813626 -0.32496 1.821211 -0.162725 1.997237 -0.16271 1.820656 -0.324975 1.997792 -0.162725 1.997237 -0.32496 1.821211 -5.001823 1.811194 -3.28409 1.647893 -3.365237 1.811194 -5.001823 1.647894 -3.28409 1.647893 -5.001823 1.811194 -3.365237 1.996058 -5.001823 1.811194 -3.365237 1.811194 -5.001823 1.996058 -5.001823 1.811194 -3.365237 1.996058 -2.800111 3.002889 -2.996201 2.807872 -2.996367 3.002965 -2.799945 2.807807 -2.996201 2.807872 -2.800111 3.002889 3.003617 2.826174 4.712183 2.996658 3.003617 2.996658 4.712183 2.826175 4.712183 2.996658 3.003617 2.826174 -0.997904 2.81996 0.710385 2.644576 0.6315841 2.81996 -0.997904 2.644576 0.710385 2.644576 -0.997904 2.81996 3.003617 2.652149 4.712183 2.826175 3.003617 2.826174 4.636596 2.652149 4.712183 2.826175 3.003617 2.652149 -0.997904 3 0.6315841 2.81996 0.6315841 3 -0.997904 2.81996 0.6315841 2.81996 -0.997904 3 -3.797315 2.995034 -3.998747 2.806845 -3.998747 2.994987 -3.797315 2.8069 -3.998747 2.806845 -3.797315 2.995034 1.779137 2.639566 -1.264521 2.439409 -1.264521 2.639566 1.779137 2.439409 -1.264521 2.439409 1.779137 2.639566 1.778842 1.64094 -1.263513 1.440304 -1.263513 1.64094 1.778842 1.440304 -1.263513 1.440304 1.778842 1.64094 1.781933 4.639228 -1.26756 4.439016 -1.26756 4.639228 1.781933 4.439016 -1.26756 4.439016 1.781933 4.639228 4.792475 8.441785 0.869994 8.637855 4.792475 8.63784 0.869994 8.441786 0.869994 8.637855 4.792475 8.441785 1.952974 1.996228 1.609728 1.831138 1.609799 1.996228 1.952903 1.831137 1.609728 1.831138 1.952974 1.996228 -4.628872 2.641831 -2.24093 2.826895 -2.240588 2.641829 -4.628345 2.826897 -2.24093 2.826895 -4.628872 2.641831 -4.628345 2.826897 -2.241428 2.999091 -2.24093 2.826895 -4.627948 2.999092 -2.241428 2.999091 -4.628345 2.826897 -4.629025 3.997485 -2.240436 3.828602 -4.628914 3.828602 -2.240325 3.997485 -2.240436 3.828602 -4.629025 3.997485 1.252868 1.996228 1.609728 1.831138 1.25281 1.831137 1.609799 1.996228 1.609728 1.831138 1.252868 1.996228 1.609728 1.831138 1.252868 1.996228 1.609799 1.996228 1.25281 1.831137 1.252868 1.996228 1.609728 1.831138 1.952903 1.831137 1.609799 1.996228 1.952974 1.996228 1.609728 1.831138 1.609799 1.996228 1.952903 1.831137 4.003644 2.241683 4.497849 2.004412 4.003644 2.004412 4.497849 2.241683 4.497849 2.004412 4.003644 2.241683 4.003644 2.241683 4.497849 2.004412 4.003644 2.004412 4.497849 2.241683 4.497849 2.004412 4.003644 2.241683 5.716721 2.243716 5.612002 2.143716 5.612002 2.243716 5.71672 2.143716 5.612002 2.143716 5.716721 2.243716 5.716721 2.243716 5.612002 2.143716 5.612002 2.243716 5.71672 2.143716 5.612002 2.143716 5.716721 2.243716 -5.501861 1.819623 -7.014591 1.655494 -5.498935 1.655494 -6.722321 1.819623 -7.014591 1.655494 -5.501861 1.819623 -5.498897 2.64489 -7.021526 2.829559 -6.724986 2.64489 -5.498897 2.82956 -7.021526 2.829559 -5.498897 2.64489 -5.501861 1.819623 -6.713545 1.996001 -6.722321 1.819623 -5.501861 1.996002 -6.713545 1.996001 -5.501861 1.819623 -7.021526 2.99489 -5.498897 2.82956 -5.498897 2.994891 -7.021526 2.829559 -5.498897 2.82956 -7.021526 2.99489 -0.997904 3 0.6315841 2.81996 0.6315841 3 -0.997904 2.81996 0.6315841 2.81996 -0.997904 3 -0.997904 2.81996 0.710385 2.644576 0.6315841 2.81996 -0.997904 2.644576 0.710385 2.644576 -0.997904 2.81996 3.003617 2.826174 4.712183 2.996658 3.003617 2.996658 4.712183 2.826175 4.712183 2.996658 3.003617 2.826174 -2.800111 3.002889 -2.996201 2.807872 -2.996367 3.002965 -2.799945 2.807807 -2.996201 2.807872 -2.800111 3.002889 -3.365237 1.996058 -5.001823 1.811194 -3.365237 1.811194 -5.001823 1.996058 -5.001823 1.811194 -3.365237 1.996058 -5.001823 1.811194 -3.28409 1.647893 -3.365237 1.811194 -5.001823 1.647894 -3.28409 1.647893 -5.001823 1.811194 -0.32496 1.821211 -0.162725 1.997237 -0.16271 1.820656 -0.324975 1.997792 -0.162725 1.997237 -0.32496 1.821211 1.998194 0.813626 3.664335 0.996464 1.998194 0.996464 3.664335 0.813626 3.664335 0.996464 1.998194 0.813626 0.9961631 1.814543 2.654413 1.644997 0.9961621 1.644999 2.654413 1.814543 2.654413 1.644997 0.9961631 1.814543 0.9961631 1.997467 2.654413 1.814543 0.9961631 1.814543 2.654413 1.997468 2.654413 1.814543 0.9961631 1.997467 1.998194 0.644885 3.664335 0.813626 1.998194 0.813626 3.664335 0.644885 3.664335 0.813626 1.998194 0.644885 3.193197 2 3.001766 1.808732 3.002118 2 3.192847 1.808332 3.001766 1.808732 3.193197 2 -0.918848 1.995938 0.125847 1.837842 0.125847 1.995938 -0.9177621 1.835556 0.125847 1.837842 -0.918848 1.995938 1.130348 1.835038 0.08159697 1.995938 0.08159697 1.835038 1.130348 1.995938 0.08159697 1.995938 1.130348 1.835038 -0.916875 1.642727 0.125847 1.837842 -0.9177621 1.835556 0.125847 1.642727 0.125847 1.837842 -0.916875 1.642727 1.130348 1.835038 0.08159697 1.642727 1.130348 1.642727 0.08159697 1.835038 0.08159697 1.642727 1.130348 1.835038 1.779137 2.639566 -1.264521 2.439409 -1.264521 2.639566 1.779137 2.439409 -1.264521 2.439409 1.779137 2.639566 2.943726 1.713808 2.588766 1.762578 2.789912 1.79737 2.789912 1.630245 2.588766 1.762578 2.943726 1.713808 2.943726 1.713808 2.588766 1.762578 2.789912 1.79737 2.789912 1.630245 2.588766 1.762578 2.943726 1.713808 2.228154 1.713808 2.583115 1.665038 2.381969 1.630245 2.381969 1.79737 2.583115 1.665038 2.228154 1.713808 2.228154 1.713808 2.583115 1.665038 2.381969 1.630245 2.381969 1.79737 2.583115 1.665038 2.228154 1.713808 2.228154 1.713808 2.583115 1.665038 2.381969 1.630245 2.381969 1.79737 2.583115 1.665038 2.228154 1.713808 2.943726 1.713808 2.588766 1.762578 2.789912 1.79737 2.789912 1.630245 2.588766 1.762578 2.943726 1.713808 2.943726 1.713808 2.588766 1.762578 2.789912 1.79737 2.789912 1.630245 2.588766 1.762578 2.943726 1.713808 2.943726 1.713808 2.588766 1.762578 2.789912 1.79737 2.789912 1.630245 2.588766 1.762578 2.943726 1.713808 2.228154 1.713808 2.583115 1.665038 2.381969 1.630245 2.381969 1.79737 2.583115 1.665038 2.228154 1.713808 2.228154 1.713808 2.583115 1.665038 2.381969 1.630245 2.381969 1.79737 2.583115 1.665038 2.228154 1.713808 2.228154 1.713808 2.583115 1.665038 2.381969 1.630245 2.381969 1.79737 2.583115 1.665038 2.228154 1.713808 2.228154 1.713808 2.583115 1.665038 2.381969 1.630245 2.381969 1.79737 2.583115 1.665038 2.228154 1.713808 2.943726 1.713808 2.588766 1.762578 2.789912 1.79737 2.789912 1.630245 2.588766 1.762578 2.943726 1.713808 2.943726 1.713808 2.588766 1.762578 2.789912 1.79737 2.789912 1.630245 2.588766 1.762578 2.943726 1.713808 2.228154 1.713808 2.583115 1.665038 2.381969 1.630245 2.381969 1.79737 2.583115 1.665038 2.228154 1.713808 2.943726 1.713808 2.588766 1.762578 2.789912 1.79737 2.789912 1.630245 2.588766 1.762578 2.943726 1.713808 4.794078 5.447678 0.8665261 5.634044 4.794116 5.633361 0.866489 5.448359 0.8665261 5.634044 4.794078 5.447678 0.87108 7.638989 4.79125 7.439022 0.87108 7.439022 4.79125 7.638989 4.79125 7.439022 0.87108 7.638989 3.234356 9.636025 2.897729 9.444882 2.897729 9.636025 3.234356 9.444882 2.897729 9.444882 3.234356 9.636025 4.793601 6.439638 0.870018 6.6387 4.793601 6.6387 0.870018 6.43964 0.870018 6.6387 4.793601 6.439638 3.822704 2.442133 -0.296521 2.635648 3.822704 2.635648 -0.296521 2.442132 -0.296521 2.635648 3.822704 2.442133 3.822357 3.442743 -0.296818 3.639779 3.822357 3.639779 -0.296818 3.442744 -0.296818 3.639779 3.822357 3.442743 -0.29489 4.637842 3.82116 4.441683 -0.29489 4.44168 3.82116 4.637844 3.82116 4.441683 -0.29489 4.637842 -1.093345 3.63738 -1.32983 3.439529 -1.330185 3.635427 -1.092989 3.441482 -1.32983 3.439529 -1.093345 3.63738 3.822704 1.436976 -0.296521 1.634371 3.822704 1.634371 -0.296521 1.436976 -0.296521 1.634371 3.822704 1.436976 -0.391692 0.97857 -0.721229 0.649033 -0.721229 0.97857 -0.391692 0.649033 -0.721229 0.649033 -0.391692 0.97857 1.779928 3.638664 -1.263372 3.438771 -1.263372 3.638664 1.779928 3.438771 -1.263372 3.438771 1.779928 3.638664 1.781933 4.639228 -1.26756 4.439016 -1.26756 4.639228 1.781933 4.439016 -1.26756 4.439016 1.781933 4.639228 1.778842 1.64094 -1.263513 1.440304 -1.263513 1.64094 1.778842 1.440304 -1.263513 1.440304 1.778842 1.64094 2.228154 1.713808 2.583115 1.665038 2.381969 1.630245 2.381969 1.79737 2.583115 1.665038 2.228154 1.713808 2.943726 1.713808 2.588766 1.762578 2.789912 1.79737 2.789912 1.630245 2.588766 1.762578 2.943726 1.713808 2.943726 1.713808 2.588766 1.762578 2.789912 1.79737 2.789912 1.630245 2.588766 1.762578 2.943726 1.713808 2.228154 1.713808 2.583115 1.665038 2.381969 1.630245 2.381969 1.79737 2.583115 1.665038 2.228154 1.713808 0.9961631 1.814543 2.654413 1.644997 0.9961621 1.644999 2.654413 1.814543 2.654413 1.644997 0.9961631 1.814543 1.998194 0.813626 3.664335 0.996464 1.998194 0.996464 3.664335 0.813626 3.664335 0.996464 1.998194 0.813626 -0.32496 1.821211 -0.162725 1.997237 -0.16271 1.820656 -0.324975 1.997792 -0.162725 1.997237 -0.32496 1.821211 -5.001823 1.811194 -3.28409 1.647893 -3.365237 1.811194 -5.001823 1.647894 -3.28409 1.647893 -5.001823 1.811194 -3.365237 1.996058 -5.001823 1.811194 -3.365237 1.811194 -5.001823 1.996058 -5.001823 1.811194 -3.365237 1.996058 -2.800111 3.002889 -2.996201 2.807872 -2.996367 3.002965 -2.799945 2.807807 -2.996201 2.807872 -2.800111 3.002889 3.003617 2.826174 4.712183 2.996658 3.003617 2.996658 4.712183 2.826175 4.712183 2.996658 3.003617 2.826174 4.003644 2.241683 4.497849 2.004412 4.003644 2.004412 4.497849 2.241683 4.497849 2.004412 4.003644 2.241683 4.003644 2.241683 4.497849 2.004412 4.003644 2.004412 4.497849 2.241683 4.497849 2.004412 4.003644 2.241683 0.6315841 2.81996 -0.997904 3 -0.997904 2.81996 0.6315841 3 -0.997904 3 0.6315841 2.81996 -3.797315 2.995034 -3.998747 2.806845 -3.998747 2.994987 -3.797315 2.8069 -3.998747 2.806845 -3.797315 2.995034 1.779137 2.639566 -1.264521 2.439409 -1.264521 2.639566 1.779137 2.439409 -1.264521 2.439409 1.779137 2.639566 1.778842 1.64094 -1.263513 1.440304 -1.263513 1.64094 1.778842 1.440304 -1.263513 1.440304 1.778842 1.64094 1.781933 4.639228 -1.26756 4.439016 -1.26756 4.639228 1.781933 4.439016 -1.26756 4.439016 1.781933 4.639228 1.779928 3.638664 -1.263372 3.438771 -1.263372 3.638664 1.779928 3.438771 -1.263372 3.438771 1.779928 3.638664 -0.391692 0.97857 -0.721229 0.649033 -0.721229 0.97857 -0.391692 0.649033 -0.721229 0.649033 -0.391692 0.97857 1.952903 1.831137 1.609799 1.996228 1.952974 1.996228 1.609728 1.831138 1.609799 1.996228 1.952903 1.831137 1.609728 1.831138 1.252868 1.996228 1.609799 1.996228 1.25281 1.831137 1.252868 1.996228 1.609728 1.831138 1.252868 1.996228 1.609728 1.831138 1.25281 1.831137 1.609799 1.996228 1.609728 1.831138 1.252868 1.996228 -4.629025 3.997485 -2.240436 3.828602 -4.628914 3.828602 -2.240325 3.997485 -2.240436 3.828602 -4.629025 3.997485 -4.628803 3.646759 -2.240436 3.828602 -2.240547 3.646759 -4.628914 3.828602 -2.240436 3.828602 -4.628803 3.646759 -4.628345 2.826897 -2.241428 2.999091 -2.24093 2.826895 -4.627948 2.999092 -2.241428 2.999091 -4.628345 2.826897 -4.628872 2.641831 -2.24093 2.826895 -2.240588 2.641829 -4.628345 2.826897 -2.24093 2.826895 -4.628872 2.641831 -4.628803 3.646759 -2.240436 3.828602 -2.240547 3.646759 -4.628914 3.828602 -2.240436 3.828602 -4.628803 3.646759 4.794078 5.447678 0.8665261 5.634044 4.794116 5.633361 0.866489 5.448359 0.8665261 5.634044 4.794078 5.447678 0.87108 7.638989 4.79125 7.439022 0.87108 7.439022 4.79125 7.638989 4.79125 7.439022 0.87108 7.638989 3.234356 9.636025 2.897729 9.444882 2.897729 9.636025 3.234356 9.444882 2.897729 9.444882 3.234356 9.636025 4.793601 6.439638 0.870018 6.6387 4.793601 6.6387 0.870018 6.43964 0.870018 6.6387 4.793601 6.439638 3.822704 2.442133 -0.296521 2.635648 3.822704 2.635648 -0.296521 2.442132 -0.296521 2.635648 3.822704 2.442133 3.822357 3.442743 -0.296818 3.639779 3.822357 3.639779 -0.296818 3.442744 -0.296818 3.639779 3.822357 3.442743 -0.29489 4.637842 3.82116 4.441683 -0.29489 4.44168 3.82116 4.637844 3.82116 4.441683 -0.29489 4.637842 -1.093345 3.63738 -1.32983 3.439529 -1.330185 3.635427 -1.092989 3.441482 -1.32983 3.439529 -1.093345 3.63738 3.822704 1.436976 -0.296521 1.634371 3.822704 1.634371 -0.296521 1.436976 -0.296521 1.634371 3.822704 1.436976 -3.797315 2.995034 -3.998747 2.806845 -3.998747 2.994987 -3.797315 2.8069 -3.998747 2.806845 -3.797315 2.995034 1.130348 1.835038 0.08159697 1.642727 1.130348 1.642727 0.08159697 1.835038 0.08159697 1.642727 1.130348 1.835038 -0.916875 1.642727 0.125847 1.837842 -0.9177621 1.835556 0.125847 1.642727 0.125847 1.837842 -0.916875 1.642727 1.130348 1.835038 0.08159697 1.995938 0.08159697 1.835038 1.130348 1.995938 0.08159697 1.995938 1.130348 1.835038 -0.918848 1.995938 0.125847 1.837842 0.125847 1.995938 -0.9177621 1.835556 0.125847 1.837842 -0.918848 1.995938 1.952974 1.996228 1.609728 1.831138 1.609799 1.996228 1.952903 1.831137 1.609728 1.831138 1.952974 1.996228 -4.628872 2.641831 -2.24093 2.826895 -2.240588 2.641829 -4.628345 2.826897 -2.24093 2.826895 -4.628872 2.641831 -4.628345 2.826897 -2.241428 2.999091 -2.24093 2.826895 -4.627948 2.999092 -2.241428 2.999091 -4.628345 2.826897 -4.628803 3.646759 -2.240436 3.828602 -2.240547 3.646759 -4.628914 3.828602 -2.240436 3.828602 -4.628803 3.646759 -4.629025 3.997485 -2.240436 3.828602 -4.628914 3.828602 -2.240325 3.997485 -2.240436 3.828602 -4.629025 3.997485 1.252868 1.996228 1.609728 1.831138 1.25281 1.831137 1.609799 1.996228 1.609728 1.831138 1.252868 1.996228 1.609728 1.831138 1.252868 1.996228 1.609799 1.996228 1.25281 1.831137 1.252868 1.996228 1.609728 1.831138 1.952903 1.831137 1.609799 1.996228 1.952974 1.996228 1.609728 1.831138 1.609799 1.996228 1.952903 1.831137 5.716721 2.243716 5.612002 2.143716 5.612002 2.243716 5.71672 2.143716 5.612002 2.143716 5.716721 2.243716 5.716721 2.243716 5.612002 2.143716 5.612002 2.243716 5.71672 2.143716 5.612002 2.143716 5.716721 2.243716 -5.501861 1.819623 -7.014591 1.655494 -6.722321 1.819623 -5.498935 1.655494 -7.014591 1.655494 -5.501861 1.819623 0.9961631 1.997467 2.654413 1.814543 0.9961631 1.814543 2.654413 1.997468 2.654413 1.814543 0.9961631 1.997467 1.998194 0.644885 3.664335 0.813626 1.998194 0.813626 3.664335 0.644885 3.664335 0.813626 1.998194 0.644885 3.193197 2 3.001766 1.808732 3.002118 2 3.192847 1.808332 3.001766 1.808732 3.193197 2 -0.918848 1.995938 0.125847 1.837842 0.125847 1.995938 -0.9177621 1.835556 0.125847 1.837842 -0.918848 1.995938 1.130348 1.835038 0.08159697 1.995938 0.08159697 1.835038 1.130348 1.995938 0.08159697 1.995938 1.130348 1.835038 1.952974 1.996228 1.609728 1.831138 1.609799 1.996228 1.952903 1.831137 1.609728 1.831138 1.952974 1.996228 4.792475 8.441785 0.869994 8.637855 4.792475 8.63784 0.869994 8.441786 0.869994 8.637855 4.792475 8.441785 -5.501861 1.819623 -6.713545 1.996001 -6.722321 1.819623 -5.501861 1.996002 -6.713545 1.996001 -5.501861 1.819623 -5.498897 2.64489 -7.021526 2.829559 -6.724986 2.64489 -5.498897 2.82956 -7.021526 2.829559 -5.498897 2.64489 -5.501861 1.819623 -7.014591 1.655494 -5.498935 1.655494 -6.722321 1.819623 -7.014591 1.655494 -5.501861 1.819623 -7.021526 2.99489 -5.498897 2.82956 -7.021526 2.829559 -5.498897 2.994891 -5.498897 2.82956 -7.021526 2.99489 -5.501861 1.819623 -6.713545 1.996001 -5.501861 1.996002 -6.722321 1.819623 -6.713545 1.996001 -5.501861 1.819623 -5.498897 2.64489 -7.021526 2.829559 -5.498897 2.82956 -6.724986 2.64489 -7.021526 2.829559 -5.498897 2.64489 -5.501861 1.819623 -7.014591 1.655494 -6.722321 1.819623 -5.498935 1.655494 -7.014591 1.655494 -5.501861 1.819623 -7.021526 2.99489 -5.498897 2.82956 -7.021526 2.829559 -5.498897 2.994891 -5.498897 2.82956 -7.021526 2.99489 -5.501861 1.819623 -6.713545 1.996001 -5.501861 1.996002 -6.722321 1.819623 -6.713545 1.996001 -5.501861 1.819623 -5.498897 2.64489 -7.021526 2.829559 -5.498897 2.82956 -6.724986 2.64489 -7.021526 2.829559 -5.498897 2.64489 -7.021526 2.99489 -5.498897 2.82956 -7.021526 2.829559 -5.498897 2.994891 -5.498897 2.82956 -7.021526 2.99489 -5.501861 1.819623 -7.014591 1.655494 -6.722321 1.819623 -5.498935 1.655494 -7.014591 1.655494 -5.501861 1.819623 -5.498897 2.64489 -7.021526 2.829559 -5.498897 2.82956 -6.724986 2.64489 -7.021526 2.829559 -5.498897 2.64489 3.822357 3.442743 -0.296818 3.639779 3.822357 3.639779 -0.296818 3.442744 -0.296818 3.639779 3.822357 3.442743 3.822704 2.442133 -0.296521 2.635648 3.822704 2.635648 -0.296521 2.442132 -0.296521 2.635648 3.822704 2.442133 4.793601 6.439638 0.870018 6.6387 4.793601 6.6387 0.870018 6.43964 0.870018 6.6387 4.793601 6.439638 3.234356 9.636025 2.897729 9.444882 2.897729 9.636025 3.234356 9.444882 2.897729 9.444882 3.234356 9.636025 0.87108 7.638989 4.79125 7.439022 0.87108 7.439022 4.79125 7.638989 4.79125 7.439022 0.87108 7.638989 4.794078 5.447678 0.8665261 5.634044 4.794116 5.633361 0.866489 5.448359 0.8665261 5.634044 4.794078 5.447678 4.792475 8.441785 0.869994 8.637855 4.792475 8.63784 0.869994 8.441786 0.869994 8.637855 4.792475 8.441785 1.952974 1.996228 1.609728 1.831138 1.609799 1.996228 1.952903 1.831137 1.609728 1.831138 1.952974 1.996228 -4.628872 2.641831 -2.24093 2.826895 -2.240588 2.641829 -4.628345 2.826897 -2.24093 2.826895 -4.628872 2.641831 -4.628345 2.826897 -2.241428 2.999091 -2.24093 2.826895 -4.627948 2.999092 -2.241428 2.999091 -4.628345 2.826897 -4.628803 3.646759 -2.240436 3.828602 -2.240547 3.646759 -4.628914 3.828602 -2.240436 3.828602 -4.628803 3.646759 -4.629025 3.997485 -2.240436 3.828602 -4.628914 3.828602 -2.240325 3.997485 -2.240436 3.828602 -4.629025 3.997485 1.252868 1.996228 1.609728 1.831138 1.25281 1.831137 1.609799 1.996228 1.609728 1.831138 1.252868 1.996228 1.252868 1.996228 1.609728 1.831138 1.25281 1.831137 1.609799 1.996228 1.609728 1.831138 1.252868 1.996228 -7.021526 2.99489 -5.498897 2.82956 -5.498897 2.994891 -7.021526 2.829559 -5.498897 2.82956 -7.021526 2.99489 1.130348 1.835038 0.08159697 1.642727 1.130348 1.642727 0.08159697 1.835038 0.08159697 1.642727 1.130348 1.835038 -0.916875 1.642727 0.125847 1.837842 -0.9177621 1.835556 0.125847 1.642727 0.125847 1.837842 -0.916875 1.642727 4.003644 2.241683 4.497849 2.004412 4.003644 2.004412 4.497849 2.241683 4.497849 2.004412 4.003644 2.241683 5.716721 2.243716 5.612002 2.143716 5.612002 2.243716 5.71672 2.143716 5.612002 2.143716 5.716721 2.243716 5.716721 2.243716 5.612002 2.143716 5.612002 2.243716 5.71672 2.143716 5.612002 2.143716 5.716721 2.243716 -5.501861 1.819623 -7.014591 1.655494 -5.498935 1.655494 -6.722321 1.819623 -7.014591 1.655494 -5.501861 1.819623 -5.498897 2.64489 -7.021526 2.829559 -6.724986 2.64489 -5.498897 2.82956 -7.021526 2.829559 -5.498897 2.64489 -5.501861 1.819623 -6.713545 1.996001 -6.722321 1.819623 -5.501861 1.996002 -6.713545 1.996001 -5.501861 1.819623 -7.021526 2.99489 -5.498897 2.82956 -5.498897 2.994891 -7.021526 2.829559 -5.498897 2.82956 -7.021526 2.99489 1.130348 1.835038 0.08159697 1.642727 1.130348 1.642727 0.08159697 1.835038 0.08159697 1.642727 1.130348 1.835038 -0.916875 1.642727 0.125847 1.837842 -0.9177621 1.835556 0.125847 1.642727 0.125847 1.837842 -0.916875 1.642727 1.130348 1.835038 0.08159697 1.995938 0.08159697 1.835038 1.130348 1.995938 0.08159697 1.995938 1.130348 1.835038 -0.918848 1.995938 0.125847 1.837842 0.125847 1.995938 -0.9177621 1.835556 0.125847 1.837842 -0.918848 1.995938 -0.391692 0.97857 -0.721229 0.649033 -0.721229 0.97857 -0.391692 0.649033 -0.721229 0.649033 -0.391692 0.97857 -3.365237 1.996058 -5.001823 1.811194 -3.365237 1.811194 -5.001823 1.996058 -5.001823 1.811194 -3.365237 1.996058 -2.800111 3.002889 -2.996201 2.807872 -2.996367 3.002965 -2.799945 2.807807 -2.996201 2.807872 -2.800111 3.002889 3.003617 2.826174 4.712183 2.996658 3.003617 2.996658 4.712183 2.826175 4.712183 2.996658 3.003617 2.826174 0.710385 2.644576 -0.997904 2.81996 -0.997904 2.644576 0.6315841 2.81996 -0.997904 2.81996 0.710385 2.644576 -5.501861 1.819623 -6.713545 1.996001 -5.501861 1.996002 -6.722321 1.819623 -6.713545 1.996001 -5.501861 1.819623 -7.021526 2.99489 -5.498897 2.82956 -7.021526 2.829559 -5.498897 2.994891 -5.498897 2.82956 -7.021526 2.99489 -5.501861 1.819623 -7.014591 1.655494 -5.498935 1.655494 -6.722321 1.819623 -7.014591 1.655494 -5.501861 1.819623 -5.498897 2.64489 -7.021526 2.829559 -6.724986 2.64489 -5.498897 2.82956 -7.021526 2.829559 -5.498897 2.64489 -5.501861 1.819623 -6.713545 1.996001 -6.722321 1.819623 -5.501861 1.996002 -6.713545 1.996001 -5.501861 1.819623 -7.021526 2.99489 -5.498897 2.82956 -5.498897 2.994891 -7.021526 2.829559 -5.498897 2.82956 -7.021526 2.99489 1.130348 1.835038 0.08159697 1.642727 1.130348 1.642727 0.08159697 1.835038 0.08159697 1.642727 1.130348 1.835038 -0.916875 1.642727 0.125847 1.837842 -0.9177621 1.835556 0.125847 1.642727 0.125847 1.837842 -0.916875 1.642727 1.130348 1.835038 0.08159697 1.995938 0.08159697 1.835038 1.130348 1.995938 0.08159697 1.995938 1.130348 1.835038 -0.918848 1.995938 0.125847 1.837842 0.125847 1.995938 -0.9177621 1.835556 0.125847 1.837842 -0.918848 1.995938 3.193197 2 3.001766 1.808732 3.002118 2 3.192847 1.808332 3.001766 1.808732 3.193197 2 1.998194 0.644885 3.664335 0.813626 1.998194 0.813626 3.664335 0.644885 3.664335 0.813626 1.998194 0.644885 -5.501861 1.819623 -6.713545 1.996001 -5.501861 1.996002 -6.722321 1.819623 -6.713545 1.996001 -5.501861 1.819623 -5.498897 2.64489 -7.021526 2.829559 -5.498897 2.82956 -6.724986 2.64489 -7.021526 2.829559 -5.498897 2.64489 1.779928 3.638664 -1.263372 3.438771 -1.263372 3.638664 1.779928 3.438771 -1.263372 3.438771 1.779928 3.638664 1.781933 4.639228 -1.26756 4.439016 -1.26756 4.639228 1.781933 4.439016 -1.26756 4.439016 1.781933 4.639228 1.778842 1.64094 -1.263513 1.440304 -1.263513 1.64094 1.778842 1.440304 -1.263513 1.440304 1.778842 1.64094 1.779137 2.639566 -1.264521 2.439409 -1.264521 2.639566 1.779137 2.439409 -1.264521 2.439409 1.779137 2.639566 -3.797315 2.995034 -3.998747 2.806845 -3.998747 2.994987 -3.797315 2.8069 -3.998747 2.806845 -3.797315 2.995034 -0.997904 3 0.6315841 2.81996 0.6315841 3 -0.997904 2.81996 0.6315841 2.81996 -0.997904 3 3.003617 2.652149 4.712183 2.826175 3.003617 2.826174 4.636596 2.652149 4.712183 2.826175 3.003617 2.652149 -0.997904 2.81996 0.710385 2.644576 0.6315841 2.81996 -0.997904 2.644576 0.710385 2.644576 -0.997904 2.81996 3.003617 2.826174 4.712183 2.996658 3.003617 2.996658 4.712183 2.826175 4.712183 2.996658 3.003617 2.826174 -2.800111 3.002889 -2.996201 2.807872 -2.996367 3.002965 -2.799945 2.807807 -2.996201 2.807872 -2.800111 3.002889 -3.365237 1.996058 -5.001823 1.811194 -3.365237 1.811194 -5.001823 1.996058 -5.001823 1.811194 -3.365237 1.996058 -5.001823 1.811194 -3.28409 1.647893 -3.365237 1.811194 -5.001823 1.647894 -3.28409 1.647893 -5.001823 1.811194 4.003644 2.241683 4.497849 2.004412 4.003644 2.004412 4.497849 2.241683 4.497849 2.004412 4.003644 2.241683 1.609799 1.996228 1.952903 1.831137 1.609728 1.831138 1.952974 1.996228 1.952903 1.831137 1.609799 1.996228 0.9961631 1.997467 2.654413 1.814543 0.9961631 1.814543 2.654413 1.997468 2.654413 1.814543 0.9961631 1.997467 -5.501861 1.819623 -6.713545 1.996001 -5.501861 1.996002 -6.722321 1.819623 -6.713545 1.996001 -5.501861 1.819623 -7.021526 2.99489 -5.498897 2.82956 -7.021526 2.829559 -5.498897 2.994891 -5.498897 2.82956 -7.021526 2.99489 -5.501861 1.819623 -7.014591 1.655494 -5.498935 1.655494 -6.722321 1.819623 -7.014591 1.655494 -5.501861 1.819623 -5.498897 2.64489 -7.021526 2.829559 -6.724986 2.64489 -5.498897 2.82956 -7.021526 2.829559 -5.498897 2.64489 -5.501861 1.819623 -6.713545 1.996001 -6.722321 1.819623 -5.501861 1.996002 -6.713545 1.996001 -5.501861 1.819623 -7.021526 2.99489 -5.498897 2.82956 -5.498897 2.994891 -7.021526 2.829559 -5.498897 2.82956 -7.021526 2.99489 1.130348 1.835038 0.08159697 1.642727 1.130348 1.642727 0.08159697 1.835038 0.08159697 1.642727 1.130348 1.835038 -0.916875 1.642727 0.125847 1.837842 -0.9177621 1.835556 0.125847 1.642727 0.125847 1.837842 -0.916875 1.642727 1.130348 1.835038 0.08159697 1.995938 0.08159697 1.835038 1.130348 1.995938 0.08159697 1.995938 1.130348 1.835038 0.9961631 1.814543 2.654413 1.644997 0.9961621 1.644999 2.654413 1.814543 2.654413 1.644997 0.9961631 1.814543 1.998194 0.813626 3.664335 0.996464 1.998194 0.996464 3.664335 0.813626 3.664335 0.996464 1.998194 0.813626 -0.32496 1.821211 -0.162725 1.997237 -0.16271 1.820656 -0.324975 1.997792 -0.162725 1.997237 -0.32496 1.821211 1.998194 0.813626 3.664335 0.996464 1.998194 0.996464 3.664335 0.813626 3.664335 0.996464 1.998194 0.813626 -0.32496 1.821211 -0.162725 1.997237 -0.16271 1.820656 -0.324975 1.997792 -0.162725 1.997237 -0.32496 1.821211 -5.001823 1.811194 -3.28409 1.647893 -3.365237 1.811194 -5.001823 1.647894 -3.28409 1.647893 -5.001823 1.811194 -3.365237 1.996058 -5.001823 1.811194 -3.365237 1.811194 -5.001823 1.996058 -5.001823 1.811194 -3.365237 1.996058 -2.800111 3.002889 -2.996201 2.807872 -2.996367 3.002965 -2.799945 2.807807 -2.996201 2.807872 -2.800111 3.002889 3.003617 2.826174 4.712183 2.996658 3.003617 2.996658 4.712183 2.826175 4.712183 2.996658 3.003617 2.826174 -0.997904 2.81996 0.710385 2.644576 0.6315841 2.81996 -0.997904 2.644576 0.710385 2.644576 -0.997904 2.81996 3.003617 2.652149 4.712183 2.826175 3.003617 2.826174 4.636596 2.652149 4.712183 2.826175 3.003617 2.652149 -0.997904 3 0.6315841 2.81996 0.6315841 3 -0.997904 2.81996 0.6315841 2.81996 -0.997904 3 -3.797315 2.995034 -3.998747 2.806845 -3.998747 2.994987 -3.797315 2.8069 -3.998747 2.806845 -3.797315 2.995034 5.716721 2.243716 5.612002 2.143716 5.612002 2.243716 5.71672 2.143716 5.612002 2.143716 5.716721 2.243716 5.716721 2.243716 5.612002 2.143716 5.612002 2.243716 5.71672 2.143716 5.612002 2.143716 5.716721 2.243716 -5.501861 1.819623 -7.014591 1.655494 -6.722321 1.819623 -5.498935 1.655494 -7.014591 1.655494 -5.501861 1.819623 -5.498897 2.64489 -7.021526 2.829559 -5.498897 2.82956 -6.724986 2.64489 -7.021526 2.829559 -5.498897 2.64489 -5.501861 1.819623 -6.713545 1.996001 -5.501861 1.996002 -6.722321 1.819623 -6.713545 1.996001 -5.501861 1.819623 3.772196 1.333946 4.005948 1.342363 3.772028 1.246895 3.772363 1.426982 4.005948 1.342363 3.772196 1.333946 3.772196 1.333946 4.005948 1.342363 3.772028 1.246895 3.772363 1.426982 4.005948 1.342363 3.772196 1.333946 4.005948 1.342363 3.772196 1.333946 3.772363 1.426982 3.772028 1.246895 3.772196 1.333946 4.005948 1.342363 3.772196 1.333946 4.005948 1.342363 3.772028 1.246895 3.772363 1.426982 4.005948 1.342363 3.772196 1.333946 3.772196 1.333946 4.005948 1.342363 3.772028 1.246895 3.772363 1.426982 4.005948 1.342363 3.772196 1.333946 3.822704 1.436976 -0.296521 1.634371 3.822704 1.634371 -0.296521 1.436976 -0.296521 1.634371 3.822704 1.436976 -1.093345 3.63738 -1.32983 3.439529 -1.330185 3.635427 -1.092989 3.441482 -1.32983 3.439529 -1.093345 3.63738 -0.29489 4.637842 3.82116 4.441683 -0.29489 4.44168 3.82116 4.637844 3.82116 4.441683 -0.29489 4.637842 -5.001823 1.811194 -3.28409 1.647893 -3.365237 1.811194 -5.001823 1.647894 -3.28409 1.647893 -5.001823 1.811194 -3.365237 1.996058 -5.001823 1.811194 -3.365237 1.811194 -5.001823 1.996058 -5.001823 1.811194 -3.365237 1.996058 -2.800111 3.002889 -2.996201 2.807872 -2.996367 3.002965 -2.799945 2.807807 -2.996201 2.807872 -2.800111 3.002889 3.003617 2.826174 4.712183 2.996658 3.003617 2.996658 4.712183 2.826175 4.712183 2.996658 3.003617 2.826174 -0.997904 2.81996 0.710385 2.644576 0.6315841 2.81996 -0.997904 2.644576 0.710385 2.644576 -0.997904 2.81996 3.003617 2.652149 4.712183 2.826175 3.003617 2.826174 4.636596 2.652149 4.712183 2.826175 3.003617 2.652149 -0.997904 3 0.6315841 2.81996 0.6315841 3 -0.997904 2.81996 0.6315841 2.81996 -0.997904 3 -3.797315 2.995034 -3.998747 2.806845 -3.998747 2.994987 -3.797315 2.8069 -3.998747 2.806845 -3.797315 2.995034 -0.918848 1.995938 0.125847 1.837842 0.125847 1.995938 -0.9177621 1.835556 0.125847 1.837842 -0.918848 1.995938 3.193197 2 3.001766 1.808732 3.002118 2 3.192847 1.808332 3.001766 1.808732 3.193197 2 1.998194 0.644885 3.664335 0.813626 1.998194 0.813626 3.664335 0.644885 3.664335 0.813626 1.998194 0.644885 0.9961631 1.997467 2.654413 1.814543 0.9961631 1.814543 2.654413 1.997468 2.654413 1.814543 0.9961631 1.997467 0.9961631 1.814543 2.654413 1.644997 0.9961621 1.644999 2.654413 1.814543 2.654413 1.644997 0.9961631 1.814543 -5.498897 2.64489 -7.021526 2.829559 -5.498897 2.82956 -6.724986 2.64489 -7.021526 2.829559 -5.498897 2.64489 -5.501861 1.819623 -7.014591 1.655494 -6.722321 1.819623 -5.498935 1.655494 -7.014591 1.655494 -5.501861 1.819623 -7.021526 2.99489 -5.498897 2.82956 -7.021526 2.829559 -5.498897 2.994891 -5.498897 2.82956 -7.021526 2.99489 -0.32496 1.821211 -0.162725 1.997237 -0.16271 1.820656 -0.324975 1.997792 -0.162725 1.997237 -0.32496 1.821211 1.998194 0.813626 3.664335 0.996464 1.998194 0.996464 3.664335 0.813626 3.664335 0.996464 1.998194 0.813626 0.9961631 1.814543 2.654413 1.644997 0.9961621 1.644999 2.654413 1.814543 2.654413 1.644997 0.9961631 1.814543 0.9961631 1.997467 2.654413 1.814543 0.9961631 1.814543 2.654413 1.997468 2.654413 1.814543 0.9961631 1.997467 1.998194 0.644885 3.664335 0.813626 1.998194 0.813626 3.664335 0.644885 3.664335 0.813626 1.998194 0.644885 3.193197 2 3.001766 1.808732 3.002118 2 3.192847 1.808332 3.001766 1.808732 3.193197 2 4.003644 2.241683 4.497849 2.004412 4.003644 2.004412 4.497849 2.241683 4.497849 2.004412 4.003644 2.241683 4.003644 2.241683 4.497849 2.004412 4.003644 2.004412 4.497849 2.241683 4.497849 2.004412 4.003644 2.241683 1.952903 1.831137 1.609799 1.996228 1.952974 1.996228 1.609728 1.831138 1.609799 1.996228 1.952903 1.831137 1.609728 1.831138 1.252868 1.996228 1.609799 1.996228 1.25281 1.831137 1.252868 1.996228 1.609728 1.831138 1.252868 1.996228 1.609728 1.831138 1.25281 1.831137 1.609799 1.996228 1.609728 1.831138 1.252868 1.996228 -4.629025 3.997485 -2.240436 3.828602 -4.628914 3.828602 -2.240325 3.997485 -2.240436 3.828602 -4.629025 3.997485 -4.628803 3.646759 -2.240436 3.828602 -2.240547 3.646759 -4.628914 3.828602 -2.240436 3.828602 -4.628803 3.646759 -4.628345 2.826897 -2.241428 2.999091 -2.24093 2.826895 -4.627948 2.999092 -2.241428 2.999091 -4.628345 2.826897 1.130348 1.835038 0.08159697 1.995938 0.08159697 1.835038 1.130348 1.995938 0.08159697 1.995938 1.130348 1.835038 1.130348 1.835038 0.08159697 1.642727 1.130348 1.642727 0.08159697 1.835038 0.08159697 1.642727 1.130348 1.835038 -0.916875 1.642727 0.125847 1.837842 -0.9177621 1.835556 0.125847 1.642727 0.125847 1.837842 -0.916875 1.642727 1.130348 1.835038 0.08159697 1.995938 0.08159697 1.835038 1.130348 1.995938 0.08159697 1.995938 1.130348 1.835038 -0.918848 1.995938 0.125847 1.837842 0.125847 1.995938 -0.9177621 1.835556 0.125847 1.837842 -0.918848 1.995938 -4.628872 2.641831 -2.24093 2.826895 -2.240588 2.641829 -4.628345 2.826897 -2.24093 2.826895 -4.628872 2.641831 -4.628345 2.826897 -2.241428 2.999091 -2.24093 2.826895 -4.627948 2.999092 -2.241428 2.999091 -4.628345 2.826897 -4.628803 3.646759 -2.240436 3.828602 -2.240547 3.646759 -4.628914 3.828602 -2.240436 3.828602 -4.628803 3.646759 -5.001823 1.811194 -3.28409 1.647893 -3.365237 1.811194 -5.001823 1.647894 -3.28409 1.647893 -5.001823 1.811194 -3.365237 1.996058 -5.001823 1.811194 -3.365237 1.811194 -5.001823 1.996058 -5.001823 1.811194 -3.365237 1.996058 -2.800111 3.002889 -2.996201 2.807872 -2.996367 3.002965 -2.799945 2.807807 -2.996201 2.807872 -2.800111 3.002889 3.003617 2.826174 4.712183 2.996658 3.003617 2.996658 4.712183 2.826175 4.712183 2.996658 3.003617 2.826174 -0.997904 2.81996 0.710385 2.644576 0.6315841 2.81996 -0.997904 2.644576 0.710385 2.644576 -0.997904 2.81996 3.003617 2.652149 4.712183 2.826175 3.003617 2.826174 4.636596 2.652149 4.712183 2.826175 3.003617 2.652149 -0.997904 3 0.6315841 2.81996 0.6315841 3 -0.997904 2.81996 0.6315841 2.81996 -0.997904 3 -3.797315 2.995034 -3.998747 2.806845 -3.998747 2.994987 -3.797315 2.8069 -3.998747 2.806845 -3.797315 2.995034 1.779137 2.639566 -1.264521 2.439409 -1.264521 2.639566 1.779137 2.439409 -1.264521 2.439409 1.779137 2.639566 1.130348 1.835038 0.08159697 1.642727 1.130348 1.642727 0.08159697 1.835038 0.08159697 1.642727 1.130348 1.835038 -0.916875 1.642727 0.125847 1.837842 -0.9177621 1.835556 0.125847 1.642727 0.125847 1.837842 -0.916875 1.642727 1.130348 1.835038 0.08159697 1.995938 0.08159697 1.835038 1.130348 1.995938 0.08159697 1.995938 1.130348 1.835038 -0.918848 1.995938 0.125847 1.837842 0.125847 1.995938 -0.9177621 1.835556 0.125847 1.837842 -0.918848 1.995938 1.952974 1.996228 1.609728 1.831138 1.609799 1.996228 1.952903 1.831137 1.609728 1.831138 1.952974 1.996228 -4.628872 2.641831 -2.24093 2.826895 -2.240588 2.641829 -4.628345 2.826897 -2.24093 2.826895 -4.628872 2.641831 3.822357 3.442743 -0.296818 3.639779 3.822357 3.639779 -0.296818 3.442744 -0.296818 3.639779 3.822357 3.442743 3.822704 2.442133 -0.296521 2.635648 3.822704 2.635648 -0.296521 2.442132 -0.296521 2.635648 3.822704 2.442133 4.793601 6.439638 0.870018 6.6387 4.793601 6.6387 0.870018 6.43964 0.870018 6.6387 4.793601 6.439638 3.234356 9.636025 2.897729 9.444882 2.897729 9.636025 3.234356 9.444882 2.897729 9.444882 3.234356 9.636025 0.87108 7.638989 4.79125 7.439022 0.87108 7.439022 4.79125 7.638989 4.79125 7.439022 0.87108 7.638989 4.794078 5.447678 0.8665261 5.634044 4.794116 5.633361 0.866489 5.448359 0.8665261 5.634044 4.794078 5.447678 4.792475 8.441785 0.869994 8.637855 4.792475 8.63784 0.869994 8.441786 0.869994 8.637855 4.792475 8.441785 1.952974 1.996228 1.609728 1.831138 1.609799 1.996228 1.952903 1.831137 1.609728 1.831138 1.952974 1.996228 0.9961631 1.997467 2.654413 1.814543 0.9961631 1.814543 2.654413 1.997468 2.654413 1.814543 0.9961631 1.997467 0.9961631 1.814543 2.654413 1.644997 0.9961621 1.644999 2.654413 1.814543 2.654413 1.644997 0.9961631 1.814543 1.998194 0.813626 3.664335 0.996464 1.998194 0.996464 3.664335 0.813626 3.664335 0.996464 1.998194 0.813626 -0.32496 1.821211 -0.162725 1.997237 -0.16271 1.820656 -0.324975 1.997792 -0.162725 1.997237 -0.32496 1.821211 -5.001823 1.811194 -3.28409 1.647893 -3.365237 1.811194 -5.001823 1.647894 -3.28409 1.647893 -5.001823 1.811194 -3.365237 1.996058 -5.001823 1.811194 -3.365237 1.811194 -5.001823 1.996058 -5.001823 1.811194 -3.365237 1.996058 -2.800111 3.002889 -2.996201 2.807872 -2.996367 3.002965 -2.799945 2.807807 -2.996201 2.807872 -2.800111 3.002889 3.003617 2.826174 4.712183 2.996658 3.003617 2.996658 4.712183 2.826175 4.712183 2.996658 3.003617 2.826174 -0.997904 2.81996 0.710385 2.644576 0.6315841 2.81996 -0.997904 2.644576 0.710385 2.644576 -0.997904 2.81996 3.003617 2.652149 4.712183 2.826175 3.003617 2.826174 4.636596 2.652149 4.712183 2.826175 3.003617 2.652149 -0.997904 3 0.6315841 2.81996 0.6315841 3 -0.997904 2.81996 0.6315841 2.81996 -0.997904 3 -3.797315 2.995034 -3.998747 2.806845 -3.998747 2.994987 -3.797315 2.8069 -3.998747 2.806845 -3.797315 2.995034 -4.629025 3.997485 -2.240436 3.828602 -4.628914 3.828602 -2.240325 3.997485 -2.240436 3.828602 -4.629025 3.997485 1.609728 1.831138 1.252868 1.996228 1.609799 1.996228 1.25281 1.831137 1.252868 1.996228 1.609728 1.831138 1.952903 1.831137 1.609799 1.996228 1.952974 1.996228 1.609728 1.831138 1.609799 1.996228 1.952903 1.831137 4.003644 2.241683 4.497849 2.004412 4.003644 2.004412 4.497849 2.241683 4.497849 2.004412 4.003644 2.241683 4.003644 2.241683 4.497849 2.004412 4.003644 2.004412 4.497849 2.241683 4.497849 2.004412 4.003644 2.241683 1.778842 1.64094 -1.263513 1.440304 -1.263513 1.64094 1.778842 1.440304 -1.263513 1.440304 1.778842 1.64094 1.781933 4.639228 -1.26756 4.439016 -1.26756 4.639228 1.781933 4.439016 -1.26756 4.439016 1.781933 4.639228 1.779928 3.638664 -1.263372 3.438771 -1.263372 3.638664 1.779928 3.438771 -1.263372 3.438771 1.779928 3.638664 -0.391692 0.97857 -0.721229 0.649033 -0.721229 0.97857 -0.391692 0.649033 -0.721229 0.649033 -0.391692 0.97857 3.822704 1.436976 -0.296521 1.634371 3.822704 1.634371 -0.296521 1.436976 -0.296521 1.634371 3.822704 1.436976 -1.093345 3.63738 -1.32983 3.439529 -1.330185 3.635427 -1.092989 3.441482 -1.32983 3.439529 -1.093345 3.63738 -0.29489 4.637842 3.82116 4.441683 -0.29489 4.44168 3.82116 4.637844 3.82116 4.441683 -0.29489 4.637842 -5.501861 1.819623 -6.713545 1.996001 -5.501861 1.996002 -6.722321 1.819623 -6.713545 1.996001 -5.501861 1.819623 -7.021526 2.99489 -5.498897 2.82956 -7.021526 2.829559 -5.498897 2.994891 -5.498897 2.82956 -7.021526 2.99489 -5.501861 1.819623 -7.014591 1.655494 -5.498935 1.655494 -6.722321 1.819623 -7.014591 1.655494 -5.501861 1.819623 -5.498897 2.64489 -7.021526 2.829559 -6.724986 2.64489 -5.498897 2.82956 -7.021526 2.829559 -5.498897 2.64489 -5.501861 1.819623 -6.713545 1.996001 -6.722321 1.819623 -5.501861 1.996002 -6.713545 1.996001 -5.501861 1.819623 -7.021526 2.99489 -5.498897 2.82956 -5.498897 2.994891 -7.021526 2.829559 -5.498897 2.82956 -7.021526 2.99489 1.130348 1.835038 0.08159697 1.642727 1.130348 1.642727 0.08159697 1.835038 0.08159697 1.642727 1.130348 1.835038 -0.916875 1.642727 0.125847 1.837842 -0.9177621 1.835556 0.125847 1.642727 0.125847 1.837842 -0.916875 1.642727 1.998194 0.644885 3.664335 0.813626 1.998194 0.813626 3.664335 0.644885 3.664335 0.813626 1.998194 0.644885 3.193197 2 3.001766 1.808732 3.002118 2 3.192847 1.808332 3.001766 1.808732 3.193197 2 -0.918848 1.995938 0.125847 1.837842 0.125847 1.995938 -0.9177621 1.835556 0.125847 1.837842 -0.918848 1.995938 1.130348 1.835038 0.08159697 1.995938 0.08159697 1.835038 1.130348 1.995938 0.08159697 1.995938 1.130348 1.835038 -0.916875 1.642727 0.125847 1.837842 -0.9177621 1.835556 0.125847 1.642727 0.125847 1.837842 -0.916875 1.642727 1.130348 1.835038 0.08159697 1.642727 1.130348 1.642727 0.08159697 1.835038 0.08159697 1.642727 1.130348 1.835038 -7.021526 2.99489 -5.498897 2.82956 -5.498897 2.994891 -7.021526 2.829559 -5.498897 2.82956 -7.021526 2.99489 -5.501861 1.819623 -6.713545 1.996001 -6.722321 1.819623 -5.501861 1.996002 -6.713545 1.996001 -5.501861 1.819623 -5.498897 2.64489 -7.021526 2.829559 -6.724986 2.64489 -5.498897 2.82956 -7.021526 2.829559 -5.498897 2.64489 -5.501861 1.819623 -7.014591 1.655494 -5.498935 1.655494 -6.722321 1.819623 -7.014591 1.655494 -5.501861 1.819623 3.003617 2.652149 4.712183 2.826175 3.003617 2.826174 4.636596 2.652149 4.712183 2.826175 3.003617 2.652149 0.6315841 2.81996 -0.997904 3 -0.997904 2.81996 0.6315841 3 -0.997904 3 0.6315841 2.81996 -3.797315 2.995034 -3.998747 2.806845 -3.998747 2.994987 -3.797315 2.8069 -3.998747 2.806845 -3.797315 2.995034 1.130348 1.835038 0.08159697 1.642727 1.130348 1.642727 0.08159697 1.835038 0.08159697 1.642727 1.130348 1.835038 -0.916875 1.642727 0.125847 1.837842 -0.9177621 1.835556 0.125847 1.642727 0.125847 1.837842 -0.916875 1.642727 1.130348 1.835038 0.08159697 1.995938 0.08159697 1.835038 1.130348 1.995938 0.08159697 1.995938 1.130348 1.835038 -0.918848 1.995938 0.125847 1.837842 0.125847 1.995938 -0.9177621 1.835556 0.125847 1.837842 -0.918848 1.995938 5.716721 2.243716 5.612002 2.143716 5.612002 2.243716 5.71672 2.143716 5.612002 2.143716 5.716721 2.243716 5.716721 2.243716 5.612002 2.143716 5.612002 2.243716 5.71672 2.143716 5.612002 2.143716 5.716721 2.243716 -5.501861 1.819623 -7.014591 1.655494 -6.722321 1.819623 -5.498935 1.655494 -7.014591 1.655494 -5.501861 1.819623 -5.498897 2.64489 -7.021526 2.829559 -5.498897 2.82956 -6.724986 2.64489 -7.021526 2.829559 -5.498897 2.64489 -5.501861 1.819623 -6.713545 1.996001 -5.501861 1.996002 -6.722321 1.819623 -6.713545 1.996001 -5.501861 1.819623 -7.021526 2.99489 -5.498897 2.82956 -7.021526 2.829559 -5.498897 2.994891 -5.498897 2.82956 -7.021526 2.99489 -5.501861 1.819623 -7.014591 1.655494 -6.722321 1.819623 -5.498935 1.655494 -7.014591 1.655494 -5.501861 1.819623 -5.498897 2.64489 -7.021526 2.829559 -5.498897 2.82956 -6.724986 2.64489 -7.021526 2.829559 -5.498897 2.64489 4.003644 2.241683 4.497849 2.004412 4.003644 2.004412 4.497849 2.241683 4.497849 2.004412 4.003644 2.241683 4.003644 2.241683 4.497849 2.004412 4.003644 2.004412 4.497849 2.241683 4.497849 2.004412 4.003644 2.241683 5.716721 2.243716 5.612002 2.143716 5.612002 2.243716 5.71672 2.143716 5.612002 2.143716 5.716721 2.243716 5.716721 2.243716 5.612002 2.143716 5.612002 2.243716 5.71672 2.143716 5.612002 2.143716 5.716721 2.243716 -5.501861 1.819623 -7.014591 1.655494 -6.722321 1.819623 -5.498935 1.655494 -7.014591 1.655494 -5.501861 1.819623 -0.32496 1.821211 -0.162725 1.997237 -0.16271 1.820656 -0.324975 1.997792 -0.162725 1.997237 -0.32496 1.821211 -5.001823 1.811194 -3.28409 1.647893 -3.365237 1.811194 -5.001823 1.647894 -3.28409 1.647893 -5.001823 1.811194 0.9961631 1.814543 2.654413 1.644997 0.9961621 1.644999 2.654413 1.814543 2.654413 1.644997 0.9961631 1.814543 1.998194 0.813626 3.664335 0.996464 1.998194 0.996464 3.664335 0.813626 3.664335 0.996464 1.998194 0.813626 0.9961631 1.997467 2.654413 1.814543 0.9961631 1.814543 2.654413 1.997468 2.654413 1.814543 0.9961631 1.997467 -0.32496 1.821211 -0.162725 1.997237 -0.16271 1.820656 -0.324975 1.997792 -0.162725 1.997237 -0.32496 1.821211 1.998194 0.644885 3.664335 0.813626 1.998194 0.813626 3.664335 0.644885 3.664335 0.813626 1.998194 0.644885 5.716721 2.243716 5.612002 2.143716 5.612002 2.243716 5.71672 2.143716 5.612002 2.143716 5.716721 2.243716 3.193197 2 3.001766 1.808732 3.002118 2 3.192847 1.808332 3.001766 1.808732 3.193197 2 5.716721 2.243716 5.612002 2.143716 5.612002 2.243716 5.71672 2.143716 5.612002 2.143716 5.716721 2.243716 1.609799 1.996228 1.952903 1.831137 1.609728 1.831138 1.952974 1.996228 1.952903 1.831137 1.609799 1.996228 4.003644 2.241683 4.497849 2.004412 4.003644 2.004412 4.497849 2.241683 4.497849 2.004412 4.003644 2.241683 -0.918848 1.995938 0.125847 1.837842 0.125847 1.995938 -0.9177621 1.835556 0.125847 1.837842 -0.918848 1.995938 -4.628345 2.826897 -2.241428 2.999091 -2.24093 2.826895 -4.627948 2.999092 -2.241428 2.999091 -4.628345 2.826897 4.003644 2.241683 4.497849 2.004412 4.003644 2.004412 4.497849 2.241683 4.497849 2.004412 4.003644 2.241683 1.952974 1.996228 1.609728 1.831138 1.609799 1.996228 1.952903 1.831137 1.609728 1.831138 1.952974 1.996228 -4.628872 2.641831 -2.24093 2.826895 -2.240588 2.641829 -4.628345 2.826897 -2.24093 2.826895 -4.628872 2.641831 -4.628345 2.826897 -2.241428 2.999091 -2.24093 2.826895 -4.627948 2.999092 -2.241428 2.999091 -4.628345 2.826897 0.9961631 1.997467 2.654413 1.814543 0.9961631 1.814543 2.654413 1.997468 2.654413 1.814543 0.9961631 1.997467 -4.628803 3.646759 -2.240436 3.828602 -2.240547 3.646759 -4.628914 3.828602 -2.240436 3.828602 -4.628803 3.646759 0.9961631 1.814543 2.654413 1.644997 0.9961621 1.644999 2.654413 1.814543 2.654413 1.644997 0.9961631 1.814543 1.252868 1.996228 1.609728 1.831138 1.25281 1.831137 1.609799 1.996228 1.609728 1.831138 1.252868 1.996228 1.998194 0.813626 3.664335 0.996464 1.998194 0.996464 3.664335 0.813626 3.664335 0.996464 1.998194 0.813626 -4.628872 2.641831 -2.24093 2.826895 -2.240588 2.641829 -4.628345 2.826897 -2.24093 2.826895 -4.628872 2.641831 1.252868 1.996228 1.609728 1.831138 1.25281 1.831137 1.609799 1.996228 1.609728 1.831138 1.252868 1.996228 -4.629025 3.997485 -2.240436 3.828602 -4.628914 3.828602 -2.240325 3.997485 -2.240436 3.828602 -4.629025 3.997485 -4.628803 3.646759 -2.240436 3.828602 -2.240547 3.646759 -4.628914 3.828602 -2.240436 3.828602 -4.628803 3.646759 1.952903 1.831137 1.609799 1.996228 1.952974 1.996228 1.609728 1.831138 1.609799 1.996228 1.952903 1.831137 -4.629025 3.997485 -2.240436 3.828602 -4.628914 3.828602 -2.240325 3.997485 -2.240436 3.828602 -4.629025 3.997485 1.609728 1.831138 1.252868 1.996228 1.609799 1.996228 1.25281 1.831137 1.252868 1.996228 1.609728 1.831138 1.252868 1.996228 1.609728 1.831138 1.25281 1.831137 1.609799 1.996228 1.609728 1.831138 1.252868 1.996228 -1.285712 1.808777 -1.285712 1.989593 -2.998746 1.989593 2.583115 1.665038 2.381969 1.79737 2.583115 1.762578 2.583115 1.665038 2.381969 1.79737 2.583115 1.762578 2.588766 1.762578 2.789912 1.630245 2.588766 1.665038 2.588766 1.762578 2.789912 1.630245 2.588766 1.665038 -1.285712 1.808777 -1.285712 1.989593 -2.998746 1.989593 2.588766 1.762578 2.789912 1.630245 2.588766 1.665038 2.588766 1.762578 2.789912 1.630245 2.588766 1.665038 2.583115 1.665038 2.381969 1.79737 2.583115 1.762578 -1.285712 1.808777 -1.285712 1.989593 -2.998746 1.989593 2.583115 1.665038 2.381969 1.79737 2.583115 1.762578 2.588766 1.762578 2.789912 1.630245 2.588766 1.665038 -1.285712 1.808777 -1.285712 1.989593 -2.998746 1.989593 -1.285712 1.808777 -1.285712 1.989593 -2.998746 1.989593 -1.285712 1.808777 -1.285712 1.989593 -2.998746 1.989593 -1.285712 1.808777 -1.285712 1.989593 -2.998746 1.989593 -1.285712 1.808777 -1.285712 1.989593 -2.998746 1.989593 2.583115 1.665038 2.381969 1.79737 2.583115 1.762578 -1.285712 1.808777 -1.285712 1.989593 -2.998746 1.989593 2.588766 1.762578 2.789912 1.630245 2.588766 1.665038 2.588766 1.762578 2.789912 1.630245 2.588766 1.665038 2.583115 1.665038 2.381969 1.79737 2.583115 1.762578 2.588766 1.762578 2.789912 1.630245 2.588766 1.665038 1.252868 1.996228 1.609728 1.831138 1.25281 1.831137 2.583115 1.665038 2.381969 1.79737 2.583115 1.762578 2.588766 1.762578 2.789912 1.630245 2.588766 1.665038 2.588766 1.762578 2.789912 1.630245 2.588766 1.665038 -1.285712 1.808777 -1.285712 1.989593 -2.998746 1.989593 2.583115 1.665038 2.381969 1.79737 2.583115 1.762578 2.583115 1.665038 2.381969 1.79737 2.583115 1.762578 2.583115 1.665038 2.381969 1.79737 2.583115 1.762578</float_array>
          <technique_common>
            <accessor source="#mesh0_003-mesh-map-0-array" count="3480" stride="2">
              <param name="S" type="float"/>
              <param name="T" type="float"/>
            </accessor>
          </technique_common>
        </source>
        <source id="mesh0_003-mesh-colors-colors0" name="colors0">
          <float_array id="mesh0_003-mesh-colors-colors0-array" count="13920">0.5019608 0.5019608 0.5019608 1 0.5019608 0.5019608 0.5019608 1 0.5019608 0.5019608 0.5019608 1 0.5019608 0.5019608 0.5019608 1 0.5019608 0.5019608 0.5019608 1 0.5019608 0.5019608 0.5019608 1 0.5019608 0.5019608 0.5019608 1 0.5019608 0.5019608 0.5019608 1 0.5019608 0.5019608 0.5019608 1 0.5019608 0.5019608 0.5019608 1 0.5019608 0.5019608 0.5019608 1 0.5019608 0.5019608 0.5019608 1 0.5019608 0.5019608 0.5019608 1 0.5019608 0.5019608 0.5019608 1 0.5019608 0.5019608 0.5019608 1 0.5019608 0.5019608 0.5019608 1 0.5019608 0.5019608 0.5019608 1 0.5019608 0.5019608 0.5019608 1 0.5019608 0.5019608 0.5019608 1 0.5019608 0.5019608 0.5019608 1 0.5019608 0.5019608 0.5019608 1 0.5019608 0.5019608 0.5019608 1 0.5019608 0.5019608 0.5019608 1 0.5019608 0.5019608 0.5019608 1 0.5019608 0.5019608 0.5019608 1 0.6 0.6 0.6 1 0.5019608 0.5019608 0.5019608 1 0.6 0.6 0.6 1 0.6 0.6 0.6 1 0.5019608 0.5019608 0.5019608 1 0.5019608 0.5019608 0.5019608 1 0.6 0.6 0.6 1 0.5019608 0.5019608 0.5019608 1 0.6 0.6 0.6 1 0.6 0.6 0.6 1 0.5019608 0.5019608 0.5019608 1 0.5019608 0.5019608 0.5019608 1 0.5019608 0.5019608 0.5019608 1 0.5019608 0.5019608 0.5019608 1 0.5019608 0.5019608 0.5019608 1 0.5019608 0.5019608 0.5019608 1 0.5019608 0.5019608 0.5019608 1 0.5019608 0.5019608 0.5019608 1 0.5019608 0.5019608 0.5019608 1 0.5019608 0.5019608 0.5019608 1 0.5019608 0.5019608 0.5019608 1 0.5019608 0.5019608 0.5019608 1 0.5019608 0.5019608 0.5019608 1 0.5019608 0.5019608 0.5019608 1 0.5019608 0.5019608 0.5019608 1 0.5019608 0.5019608 0.5019608 1 0.5019608 0.5019608 0.5019608 1 0.5019608 0.5019608 0.5019608 1 0.5019608 0.5019608 0.5019608 1 0.5019608 0.5019608 0.5019608 1 0.5019608 0.5019608 0.5019608 1 0.5019608 0.5019608 0.5019608 1 0.5019608 0.5019608 0.5019608 1 0.5019608 0.5019608 0.5019608 1 0.5019608 0.5019608 0.5019608 1 0.5019608 0.5019608 0.5019608 1 0.5019608 0.5019608 0.5019608 1 0.5019608 0.5019608 0.5019608 1 0.5019608 0.5019608 0.5019608 1 0.5019608 0.5019608 0.5019608 1 0.5019608 0.5019608 0.5019608 1 0.5019608 0.5019608 0.5019608 1 0.5019608 0.5019608 0.5019608 1 0.5019608 0.5019608 0.5019608 1 0.5019608 0.5019608 0.5019608 1 0.5019608 0.5019608 0.5019608 1 0.5019608 0.5019608 0.5019608 1 0.5019608 0.5019608 0.5019608 1 0.5019608 0.5019608 0.5019608 1 0.5019608 0.5019608 0.5019608 1 0.5019608 0.5019608 0.5019608 1 0.5019608 0.5019608 0.5019608 1 0.5019608 0.5019608 0.5019608 1 0.5019608 0.5019608 0.5019608 1 0.5019608 0.5019608 0.5019608 1 0.5019608 0.5019608 0.5019608 1 0.5019608 0.5019608 0.5019608 1 0.5019608 0.5019608 0.5019608 1 0.5019608 0.5019608 0.5019608 1 0.5019608 0.5019608 0.5019608 1 0.5019608 0.5019608 0.5019608 1 0.5019608 0.5019608 0.5019608 1 0.5019608 0.5019608 0.5019608 1 0.5019608 0.5019608 0.5019608 1 0.5019608 0.5019608 0.5019608 1 0.5019608 0.5019608 0.5019608 1 0.5019608 0.5019608 0.5019608 1 0.5019608 0.5019608 0.5019608 1 0.5019608 0.5019608 0.5019608 1 0.5019608 0.5019608 0.5019608 1 0.5019608 0.5019608 0.5019608 1 0.5019608 0.5019608 0.5019608 1 0.6 0.6 0.6 1 0.5019608 0.5019608 0.5019608 1 0.6 0.6 0.6 1 0.6 0.6 0.6 1 0.5019608 0.5019608 0.5019608 1 0.5019608 0.5019608 0.5019608 1 0.6 0.6 0.6 1 0.5019608 0.5019608 0.5019608 1 0.6 0.6 0.6 1 0.6 0.6 0.6 1 0.5019608 0.5019608 0.5019608 1 0.5019608 0.5019608 0.5019608 1 0.6 0.6 0.6 1 0.5019608 0.5019608 0.5019608 1 0.6 0.6 0.6 1 0.6 0.6 0.6 1 0.5019608 0.5019608 0.5019608 1 0.5019608 0.5019608 0.5019608 1 0.6 0.6 0.6 1 0.5019608 0.5019608 0.5019608 1 0.6 0.6 0.6 1 0.6 0.6 0.6 1 0.5019608 0.5019608 0.5019608 1 0.5019608 0.5019608 0.5019608 1 0.5019608 0.5019608 0.5019608 1 0.5019608 0.5019608 0.5019608 1 0.5019608 0.5019608 0.5019608 1 0.5019608 0.5019608 0.5019608 1 0.5019608 0.5019608 0.5019608 1 0.5019608 0.5019608 0.5019608 1 0.5019608 0.5019608 0.5019608 1 0.5019608 0.5019608 0.5019608 1 0.5019608 0.5019608 0.5019608 1 0.5019608 0.5019608 0.5019608 1 0.5019608 0.5019608 0.5019608 1 0.5019608 0.5019608 0.5019608 1 0.5019608 0.5019608 0.5019608 1 0.5019608 0.5019608 0.5019608 1 0.5019608 0.5019608 0.5019608 1 0.5019608 0.5019608 0.5019608 1 0.5019608 0.5019608 0.5019608 1 0.5019608 0.5019608 0.5019608 1 0.5019608 0.5019608 0.5019608 1 0.5019608 0.5019608 0.5019608 1 0.5019608 0.5019608 0.5019608 1 0.5019608 0.5019608 0.5019608 1 0.5019608 0.5019608 0.5019608 1 0.5019608 0.5019608 0.5019608 1 0.5019608 0.5019608 0.5019608 1 0.5019608 0.5019608 0.5019608 1 0.5019608 0.5019608 0.5019608 1 0.5019608 0.5019608 0.5019608 1 0.5019608 0.5019608 0.5019608 1 0.5019608 0.5019608 0.5019608 1 0.5019608 0.5019608 0.5019608 1 0.5019608 0.5019608 0.5019608 1 0.5019608 0.5019608 0.5019608 1 0.5019608 0.5019608 0.5019608 1 0.5019608 0.5019608 0.5019608 1 0.5019608 0.5019608 0.5019608 1 0.6 0.6 0.6 1 0.5019608 0.5019608 0.5019608 1 0.6 0.6 0.6 1 0.6 0.6 0.6 1 0.5019608 0.5019608 0.5019608 1 0.5019608 0.5019608 0.5019608 1 0.6 0.6 0.6 1 0.5019608 0.5019608 0.5019608 1 0.6 0.6 0.6 1 0.6 0.6 0.6 1 0.5019608 0.5019608 0.5019608 1 0.5019608 0.5019608 0.5019608 1 0.5019608 0.5019608 0.5019608 1 0.5019608 0.5019608 0.5019608 1 0.5019608 0.5019608 0.5019608 1 0.5019608 0.5019608 0.5019608 1 0.5019608 0.5019608 0.5019608 1 0.5019608 0.5019608 0.5019608 1 0.5019608 0.5019608 0.5019608 1 0.5019608 0.5019608 0.5019608 1 0.5019608 0.5019608 0.5019608 1 0.5019608 0.5019608 0.5019608 1 0.5019608 0.5019608 0.5019608 1 0.5019608 0.5019608 0.5019608 1 0.5019608 0.5019608 0.5019608 1 0.5019608 0.5019608 0.5019608 1 0.5019608 0.5019608 0.5019608 1 0.5019608 0.5019608 0.5019608 1 0.5019608 0.5019608 0.5019608 1 0.5019608 0.5019608 0.5019608 1 0.5019608 0.5019608 0.5019608 1 0.5019608 0.5019608 0.5019608 1 0.5019608 0.5019608 0.5019608 1 0.5019608 0.5019608 0.5019608 1 0.5019608 0.5019608 0.5019608 1 0.5019608 0.5019608 0.5019608 1 0.5019608 0.5019608 0.5019608 1 0.5019608 0.5019608 0.5019608 1 0.5019608 0.5019608 0.5019608 1 0.5019608 0.5019608 0.5019608 1 0.5019608 0.5019608 0.5019608 1 0.5019608 0.5019608 0.5019608 1 0.5019608 0.5019608 0.5019608 1 0.5019608 0.5019608 0.5019608 1 0.5019608 0.5019608 0.5019608 1 0.5019608 0.5019608 0.5019608 1 0.5019608 0.5019608 0.5019608 1 0.5019608 0.5019608 0.5019608 1 0.5019608 0.5019608 0.5019608 1 0.5019608 0.5019608 0.5019608 1 0.5019608 0.5019608 0.5019608 1 0.5019608 0.5019608 0.5019608 1 0.5019608 0.5019608 0.5019608 1 0.5019608 0.5019608 0.5019608 1 0.5019608 0.5019608 0.5019608 1 0.5019608 0.5019608 0.5019608 1 0.5019608 0.5019608 0.5019608 1 0.5019608 0.5019608 0.5019608 1 0.5019608 0.5019608 0.5019608 1 0.5019608 0.5019608 0.5019608 1 0.5019608 0.5019608 0.5019608 1 0.5019608 0.5019608 0.5019608 1 0.5019608 0.5019608 0.5019608 1 0.5019608 0.5019608 0.5019608 1 0.5019608 0.5019608 0.5019608 1 0.5019608 0.5019608 0.5019608 1 0.5019608 0.5019608 0.5019608 1 0.5019608 0.5019608 0.5019608 1 0.5019608 0.5019608 0.5019608 1 0.5019608 0.5019608 0.5019608 1 0.5019608 0.5019608 0.5019608 1 0.5019608 0.5019608 0.5019608 1 0.5019608 0.5019608 0.5019608 1 0.5019608 0.5019608 0.5019608 1 0.5019608 0.5019608 0.5019608 1 0.5019608 0.5019608 0.5019608 1 0.5019608 0.5019608 0.5019608 1 0.5019608 0.5019608 0.5019608 1 0.5019608 0.5019608 0.5019608 1 0.5019608 0.5019608 0.5019608 1 0.5019608 0.5019608 0.5019608 1 0.5019608 0.5019608 0.5019608 1 0.5019608 0.5019608 0.5019608 1 0.5019608 0.5019608 0.5019608 1 0.5019608 0.5019608 0.5019608 1 0.5019608 0.5019608 0.5019608 1 0.5019608 0.5019608 0.5019608 1 0.5019608 0.5019608 0.5019608 1 0.5019608 0.5019608 0.5019608 1 0.5019608 0.5019608 0.5019608 1 0.5019608 0.5019608 0.5019608 1 0.5019608 0.5019608 0.5019608 1 0.5019608 0.5019608 0.5019608 1 0.5019608 0.5019608 0.5019608 1 0.5019608 0.5019608 0.5019608 1 0.5019608 0.5019608 0.5019608 1 0.5019608 0.5019608 0.5019608 1 0.5019608 0.5019608 0.5019608 1 0.5019608 0.5019608 0.5019608 1 0.5019608 0.5019608 0.5019608 1 0.5019608 0.5019608 0.5019608 1 0.5019608 0.5019608 0.5019608 1 0.5019608 0.5019608 0.5019608 1 0.5019608 0.5019608 0.5019608 1 0.5019608 0.5019608 0.5019608 1 0.5019608 0.5019608 0.5019608 1 0.5019608 0.5019608 0.5019608 1 0.5019608 0.5019608 0.5019608 1 0.5019608 0.5019608 0.5019608 1 0.5019608 0.5019608 0.5019608 1 0.5019608 0.5019608 0.5019608 1 0.5019608 0.5019608 0.5019608 1 0.5019608 0.5019608 0.5019608 1 0.5019608 0.5019608 0.5019608 1 0.5019608 0.5019608 0.5019608 1 0.5019608 0.5019608 0.5019608 1 0.5019608 0.5019608 0.5019608 1 0.5019608 0.5019608 0.5019608 1 0.5019608 0.5019608 0.5019608 1 0.6 0.6 0.6 1 0.5019608 0.5019608 0.5019608 1 0.6 0.6 0.6 1 0.5019608 0.5019608 0.5019608 1 0.5019608 0.5019608 0.5019608 1 0.6 0.6 0.6 1 0.6 0.6 0.6 1 0.5019608 0.5019608 0.5019608 1 0.6 0.6 0.6 1 0.5019608 0.5019608 0.5019608 1 0.5019608 0.5019608 0.5019608 1 0.6 0.6 0.6 1 0.5019608 0.5019608 0.5019608 1 0.5019608 0.5019608 0.5019608 1 0.5019608 0.5019608 0.5019608 1 0.5019608 0.5019608 0.5019608 1 0.5019608 0.5019608 0.5019608 1 0.5019608 0.5019608 0.5019608 1 0.5019608 0.5019608 0.5019608 1 0.5019608 0.5019608 0.5019608 1 0.5019608 0.5019608 0.5019608 1 0.5019608 0.5019608 0.5019608 1 0.5019608 0.5019608 0.5019608 1 0.5019608 0.5019608 0.5019608 1 0.5019608 0.5019608 0.5019608 1 0.5019608 0.5019608 0.5019608 1 0.5019608 0.5019608 0.5019608 1 0.5019608 0.5019608 0.5019608 1 0.5019608 0.5019608 0.5019608 1 0.5019608 0.5019608 0.5019608 1 0.5019608 0.5019608 0.5019608 1 0.5019608 0.5019608 0.5019608 1 0.5019608 0.5019608 0.5019608 1 0.5019608 0.5019608 0.5019608 1 0.5019608 0.5019608 0.5019608 1 0.5019608 0.5019608 0.5019608 1 0.5019608 0.5019608 0.5019608 1 0.5019608 0.5019608 0.5019608 1 0.5019608 0.5019608 0.5019608 1 0.5019608 0.5019608 0.5019608 1 0.5019608 0.5019608 0.5019608 1 0.5019608 0.5019608 0.5019608 1 0.5019608 0.5019608 0.5019608 1 0.5019608 0.5019608 0.5019608 1 0.5019608 0.5019608 0.5019608 1 0.5019608 0.5019608 0.5019608 1 0.5019608 0.5019608 0.5019608 1 0.5019608 0.5019608 0.5019608 1 0.5019608 0.5019608 0.5019608 1 0.5019608 0.5019608 0.5019608 1 0.5019608 0.5019608 0.5019608 1 0.5019608 0.5019608 0.5019608 1 0.5019608 0.5019608 0.5019608 1 0.5019608 0.5019608 0.5019608 1 0.5019608 0.5019608 0.5019608 1 0.5019608 0.5019608 0.5019608 1 0.5019608 0.5019608 0.5019608 1 0.5019608 0.5019608 0.5019608 1 0.5019608 0.5019608 0.5019608 1 0.5019608 0.5019608 0.5019608 1 0.5019608 0.5019608 0.5019608 1 0.5019608 0.5019608 0.5019608 1 0.5019608 0.5019608 0.5019608 1 0.5019608 0.5019608 0.5019608 1 0.5019608 0.5019608 0.5019608 1 0.5019608 0.5019608 0.5019608 1 0.5019608 0.5019608 0.5019608 1 0.5019608 0.5019608 0.5019608 1 0.5019608 0.5019608 0.5019608 1 0.5019608 0.5019608 0.5019608 1 0.5019608 0.5019608 0.5019608 1 0.5019608 0.5019608 0.5019608 1 0.5019608 0.5019608 0.5019608 1 0.5019608 0.5019608 0.5019608 1 0.5019608 0.5019608 0.5019608 1 0.5019608 0.5019608 0.5019608 1 0.5019608 0.5019608 0.5019608 1 0.5019608 0.5019608 0.5019608 1 0.5019608 0.5019608 0.5019608 1 0.5019608 0.5019608 0.5019608 1 0.5019608 0.5019608 0.5019608 1 0.5019608 0.5019608 0.5019608 1 0.5019608 0.5019608 0.5019608 1 0.5019608 0.5019608 0.5019608 1 0.5019608 0.5019608 0.5019608 1 0.5019608 0.5019608 0.5019608 1 0.5019608 0.5019608 0.5019608 1 0.5019608 0.5019608 0.5019608 1 0.5019608 0.5019608 0.5019608 1 0.5019608 0.5019608 0.5019608 1 0.5019608 0.5019608 0.5019608 1 0.5019608 0.5019608 0.5019608 1 0.5019608 0.5019608 0.5019608 1 0.5019608 0.5019608 0.5019608 1 0.5019608 0.5019608 0.5019608 1 0.5019608 0.5019608 0.5019608 1 0.5019608 0.5019608 0.5019608 1 0.5019608 0.5019608 0.5019608 1 0.5019608 0.5019608 0.5019608 1 0.5019608 0.5019608 0.5019608 1 0.5019608 0.5019608 0.5019608 1 0.5019608 0.5019608 0.5019608 1 0.5019608 0.5019608 0.5019608 1 0.5019608 0.5019608 0.5019608 1 0.5019608 0.5019608 0.5019608 1 0.5019608 0.5019608 0.5019608 1 0.5019608 0.5019608 0.5019608 1 0.5019608 0.5019608 0.5019608 1 0.5019608 0.5019608 0.5019608 1 0.5019608 0.5019608 0.5019608 1 0.5019608 0.5019608 0.5019608 1 0.5019608 0.5019608 0.5019608 1 0.5019608 0.5019608 0.5019608 1 0.5019608 0.5019608 0.5019608 1 0.5019608 0.5019608 0.5019608 1 0.5019608 0.5019608 0.5019608 1 0.5019608 0.5019608 0.5019608 1 0.5019608 0.5019608 0.5019608 1 0.5019608 0.5019608 0.5019608 1 0.5019608 0.5019608 0.5019608 1 0.5019608 0.5019608 0.5019608 1 0.5019608 0.5019608 0.5019608 1 0.5019608 0.5019608 0.5019608 1 0.5019608 0.5019608 0.5019608 1 0.5019608 0.5019608 0.5019608 1 0.5019608 0.5019608 0.5019608 1 0.5019608 0.5019608 0.5019608 1 0.5019608 0.5019608 0.5019608 1 0.5019608 0.5019608 0.5019608 1 0.5019608 0.5019608 0.5019608 1 1 1 1 1 1 1 1 1 0.5019608 0.5019608 0.5019608 1 1 1 1 1 0.5019608 0.5019608 0.5019608 1 0.5019608 0.5019608 0.5019608 1 0.5019608 0.5019608 0.5019608 1 0.5019608 0.5019608 0.5019608 1 0.5019608 0.5019608 0.5019608 1 0.5019608 0.5019608 0.5019608 1 0.5019608 0.5019608 0.5019608 1 0.5019608 0.5019608 0.5019608 1 0.5019608 0.5019608 0.5019608 1 0.5019608 0.5019608 0.5019608 1 0.5019608 0.5019608 0.5019608 1 0.5019608 0.5019608 0.5019608 1 0.5019608 0.5019608 0.5019608 1 1 1 1 1 1 1 1 1 1 1 1 1 1 1 1 1 1 1 1 1 1 1 1 1 0.5019608 0.5019608 0.5019608 1 0.5019608 0.5019608 0.5019608 1 0.5019608 0.5019608 0.5019608 1 0.5019608 0.5019608 0.5019608 1 0.5019608 0.5019608 0.5019608 1 0.5019608 0.5019608 0.5019608 1 0.9294118 0.9294118 0.9294118 1 0.9333333 0.9333333 0.9333333 1 0.9333333 0.9333333 0.9333333 1 0.9333333 0.9333333 0.9333333 1 0.9333333 0.9333333 0.9333333 1 0.9294118 0.9294118 0.9294118 1 0.5019608 0.5019608 0.5019608 1 0.5019608 0.5019608 0.5019608 1 0.5019608 0.5019608 0.5019608 1 0.5019608 0.5019608 0.5019608 1 0.5019608 0.5019608 0.5019608 1 0.5019608 0.5019608 0.5019608 1 0.5019608 0.5019608 0.5019608 1 0.5019608 0.5019608 0.5019608 1 0.5019608 0.5019608 0.5019608 1 0.5019608 0.5019608 0.5019608 1 0.5019608 0.5019608 0.5019608 1 0.5019608 0.5019608 0.5019608 1 0.5019608 0.5019608 0.5019608 1 0.5019608 0.5019608 0.5019608 1 0.5019608 0.5019608 0.5019608 1 0.5019608 0.5019608 0.5019608 1 0.5019608 0.5019608 0.5019608 1 0.5019608 0.5019608 0.5019608 1 0.9686275 0.9686275 0.9686275 1 0.9686275 0.9686275 0.9686275 1 0.972549 0.972549 0.972549 1 0.9686275 0.9686275 0.9686275 1 0.9686275 0.9686275 0.9686275 1 0.9686275 0.9686275 0.9686275 1 0.5019608 0.5019608 0.5019608 1 0.6 0.6 0.6 1 0.6 0.6 0.6 1 0.5019608 0.5019608 0.5019608 1 0.6 0.6 0.6 1 0.5019608 0.5019608 0.5019608 1 0.8 0.8 0.8 1 1 1 1 1 0.8 0.8 0.8 1 1 1 1 1 1 1 1 1 0.8 0.8 0.8 1 0.5019608 0.5019608 0.5019608 1 0.5019608 0.5019608 0.5019608 1 0.5019608 0.5019608 0.5019608 1 0.5019608 0.5019608 0.5019608 1 0.5019608 0.5019608 0.5019608 1 0.5019608 0.5019608 0.5019608 1 1 1 1 1 1 1 1 1 1 1 1 1 1 1 1 1 1 1 1 1 1 1 1 1 0.5019608 0.5019608 0.5019608 1 0.5019608 0.5019608 0.5019608 1 0.5019608 0.5019608 0.5019608 1 0.5019608 0.5019608 0.5019608 1 0.5019608 0.5019608 0.5019608 1 0.5019608 0.5019608 0.5019608 1 1 1 1 1 1 1 1 1 1 1 1 1 1 1 1 1 1 1 1 1 1 1 1 1 0.5450981 0.5450981 0.5450981 1 0.5450981 0.5450981 0.5450981 1 0.5450981 0.5450981 0.5450981 1 0.5450981 0.5450981 0.5450981 1 0.5450981 0.5450981 0.5450981 1 0.5450981 0.5450981 0.5450981 1 1 1 1 1 1 1 1 1 1 1 1 1 1 1 1 1 1 1 1 1 1 1 1 1 0.9294118 0.9294118 0.9294118 1 0.9411765 0.9411765 0.9411765 1 0.9294118 0.9294118 0.9294118 1 0.9372549 0.9372549 0.9372549 1 0.9411765 0.9411765 0.9411765 1 0.9294118 0.9294118 0.9294118 1 0.9490196 0.9490196 0.9490196 1 0.9372549 0.9372549 0.9372549 1 0.9372549 0.9372549 0.9372549 1 0.9450981 0.9450981 0.9450981 1 0.9372549 0.9372549 0.9372549 1 0.9490196 0.9490196 0.9490196 1 0.5019608 0.5019608 0.5019608 1 0.5019608 0.5019608 0.5019608 1 0.5019608 0.5019608 0.5019608 1 0.5019608 0.5019608 0.5019608 1 0.5019608 0.5019608 0.5019608 1 0.5019608 0.5019608 0.5019608 1 1 1 1 1 0.5019608 0.5019608 0.5019608 1 1 1 1 1 0.5019608 0.5019608 0.5019608 1 0.5019608 0.5019608 0.5019608 1 1 1 1 1 0.5019608 0.5019608 0.5019608 1 0.5019608 0.5019608 0.5019608 1 0.5019608 0.5019608 0.5019608 1 0.5019608 0.5019608 0.5019608 1 0.5019608 0.5019608 0.5019608 1 0.5019608 0.5019608 0.5019608 1 0.5019608 0.5019608 0.5019608 1 0.5019608 0.5019608 0.5019608 1 0.5019608 0.5019608 0.5019608 1 0.5019608 0.5019608 0.5019608 1 0.5019608 0.5019608 0.5019608 1 0.5019608 0.5019608 0.5019608 1 0.5019608 0.5019608 0.5019608 1 1 1 1 1 1 1 1 1 0.5019608 0.5019608 0.5019608 1 1 1 1 1 0.5019608 0.5019608 0.5019608 1 0.5019608 0.5019608 0.5019608 1 0.5019608 0.5019608 0.5019608 1 0.5019608 0.5019608 0.5019608 1 0.5019608 0.5019608 0.5019608 1 0.5019608 0.5019608 0.5019608 1 0.5019608 0.5019608 0.5019608 1 0.9294118 0.9294118 0.9294118 1 0.9333333 0.9333333 0.9333333 1 0.9333333 0.9333333 0.9333333 1 0.9333333 0.9333333 0.9333333 1 0.9333333 0.9333333 0.9333333 1 0.9294118 0.9294118 0.9294118 1 0.5019608 0.5019608 0.5019608 1 0.5019608 0.5019608 0.5019608 1 0.5019608 0.5019608 0.5019608 1 0.5019608 0.5019608 0.5019608 1 0.5019608 0.5019608 0.5019608 1 0.5019608 0.5019608 0.5019608 1 1 1 1 1 0.5019608 0.5019608 0.5019608 1 1 1 1 1 0.5019608 0.5019608 0.5019608 1 0.5019608 0.5019608 0.5019608 1 1 1 1 1 0.5019608 0.5019608 0.5019608 1 0.5019608 0.5019608 0.5019608 1 0.5019608 0.5019608 0.5019608 1 0.5019608 0.5019608 0.5019608 1 0.5019608 0.5019608 0.5019608 1 0.5019608 0.5019608 0.5019608 1 1 1 1 1 1 1 1 1 1 1 1 1 1 1 1 1 1 1 1 1 1 1 1 1 0.9098039 0.9098039 0.9098039 1 0.9098039 0.9098039 0.9098039 1 0.9137255 0.9137255 0.9137255 1 0.9058824 0.9058824 0.9058824 1 0.9098039 0.9098039 0.9098039 1 0.9098039 0.9098039 0.9098039 1 0.5882353 0.5882353 0.5882353 1 0.5882353 0.5882353 0.5882353 1 0.5882353 0.5882353 0.5882353 1 0.5882353 0.5882353 0.5882353 1 0.5882353 0.5882353 0.5882353 1 0.5882353 0.5882353 0.5882353 1 0.5019608 0.5019608 0.5019608 1 1 1 1 1 1 1 1 1 0.5019608 0.5019608 0.5019608 1 1 1 1 1 0.5019608 0.5019608 0.5019608 1 0.5019608 0.5019608 0.5019608 1 0.5019608 0.5019608 0.5019608 1 0.5019608 0.5019608 0.5019608 1 0.5019608 0.5019608 0.5019608 1 0.5019608 0.5019608 0.5019608 1 0.5019608 0.5019608 0.5019608 1 0.5019608 0.5019608 0.5019608 1 0.5019608 0.5019608 0.5019608 1 0.5019608 0.5019608 0.5019608 1 0.5019608 0.5019608 0.5019608 1 0.5019608 0.5019608 0.5019608 1 0.5019608 0.5019608 0.5019608 1 1 1 1 1 1 1 1 1 1 1 1 1 1 1 1 1 1 1 1 1 1 1 1 1 0.5019608 0.5019608 0.5019608 1 0.5019608 0.5019608 0.5019608 1 0.5019608 0.5019608 0.5019608 1 0.5019608 0.5019608 0.5019608 1 0.5019608 0.5019608 0.5019608 1 0.5019608 0.5019608 0.5019608 1 0.5019608 0.5019608 0.5019608 1 0.5019608 0.5019608 0.5019608 1 0.5019608 0.5019608 0.5019608 1 0.5019608 0.5019608 0.5019608 1 0.5019608 0.5019608 0.5019608 1 0.5019608 0.5019608 0.5019608 1 0.5019608 0.5019608 0.5019608 1 0.5019608 0.5019608 0.5019608 1 0.5019608 0.5019608 0.5019608 1 0.5019608 0.5019608 0.5019608 1 0.5019608 0.5019608 0.5019608 1 0.5019608 0.5019608 0.5019608 1 0.5019608 0.5019608 0.5019608 1 0.5019608 0.5019608 0.5019608 1 0.5019608 0.5019608 0.5019608 1 0.5019608 0.5019608 0.5019608 1 0.5019608 0.5019608 0.5019608 1 0.5019608 0.5019608 0.5019608 1 0.9098039 0.9098039 0.9098039 1 0.9098039 0.9098039 0.9098039 1 0.9137255 0.9137255 0.9137255 1 0.9058824 0.9058824 0.9058824 1 0.9098039 0.9098039 0.9098039 1 0.9098039 0.9098039 0.9098039 1 0.5019608 0.5019608 0.5019608 1 0.5019608 0.5019608 0.5019608 1 0.5019608 0.5019608 0.5019608 1 0.5019608 0.5019608 0.5019608 1 0.5019608 0.5019608 0.5019608 1 0.5019608 0.5019608 0.5019608 1 0.8745098 0.8745098 0.8745098 1 0.8745098 0.8745098 0.8745098 1 0.8745098 0.8745098 0.8745098 1 0.8745098 0.8745098 0.8745098 1 0.8745098 0.8745098 0.8745098 1 0.8745098 0.8745098 0.8745098 1 0.5450981 0.5450981 0.5450981 1 0.5450981 0.5450981 0.5450981 1 0.5450981 0.5450981 0.5450981 1 0.5450981 0.5450981 0.5450981 1 0.5450981 0.5450981 0.5450981 1 0.5450981 0.5450981 0.5450981 1 1 1 1 1 0.5019608 0.5019608 0.5019608 1 1 1 1 1 0.5019608 0.5019608 0.5019608 1 0.5019608 0.5019608 0.5019608 1 1 1 1 1 0.5019608 0.5019608 0.5019608 1 0.5019608 0.5019608 0.5019608 1 0.5019608 0.5019608 0.5019608 1 0.5019608 0.5019608 0.5019608 1 0.5019608 0.5019608 0.5019608 1 0.5019608 0.5019608 0.5019608 1 0.5019608 0.5019608 0.5019608 1 0.5019608 0.5019608 0.5019608 1 0.5019608 0.5019608 0.5019608 1 0.5019608 0.5019608 0.5019608 1 0.5019608 0.5019608 0.5019608 1 0.5019608 0.5019608 0.5019608 1 0.9098039 0.9098039 0.9098039 1 0.9098039 0.9098039 0.9098039 1 0.9137255 0.9137255 0.9137255 1 0.9058824 0.9058824 0.9058824 1 0.9098039 0.9098039 0.9098039 1 0.9098039 0.9098039 0.9098039 1 0.5764706 0.5764706 0.5764706 1 0.5764706 0.5764706 0.5764706 1 0.5764706 0.5764706 0.5764706 1 0.5764706 0.5764706 0.5764706 1 0.5764706 0.5764706 0.5764706 1 0.5764706 0.5764706 0.5764706 1 0.9490196 0.9490196 0.9490196 1 0.9490196 0.9490196 0.9490196 1 0.9490196 0.9490196 0.9490196 1 0.9490196 0.9490196 0.9490196 1 0.9490196 0.9490196 0.9490196 1 0.9490196 0.9490196 0.9490196 1 0.5019608 0.5019608 0.5019608 1 0.5019608 0.5019608 0.5019608 1 0.5019608 0.5019608 0.5019608 1 0.5019608 0.5019608 0.5019608 1 0.5019608 0.5019608 0.5019608 1 0.5019608 0.5019608 0.5019608 1 0.5019608 0.5019608 0.5019608 1 0.5019608 0.5019608 0.5019608 1 0.5019608 0.5019608 0.5019608 1 0.5019608 0.5019608 0.5019608 1 0.5019608 0.5019608 0.5019608 1 0.5019608 0.5019608 0.5019608 1 1 1 1 1 1 1 1 1 1 1 1 1 1 1 1 1 1 1 1 1 1 1 1 1 0.7411765 0.7411765 0.7411765 1 0.7333334 0.7333334 0.7333334 1 0.7411765 0.7411765 0.7411765 1 0.7294118 0.7294118 0.7294118 1 0.7333334 0.7333334 0.7333334 1 0.7411765 0.7411765 0.7411765 1 1 1 1 1 1 1 1 1 1 1 1 1 1 1 1 1 1 1 1 1 1 1 1 1 0.5019608 0.5019608 0.5019608 1 0.5019608 0.5019608 0.5019608 1 0.5019608 0.5019608 0.5019608 1 0.5019608 0.5019608 0.5019608 1 0.5019608 0.5019608 0.5019608 1 0.5019608 0.5019608 0.5019608 1 0.5019608 0.5019608 0.5019608 1 0.5019608 0.5019608 0.5019608 1 0.5019608 0.5019608 0.5019608 1 0.5019608 0.5019608 0.5019608 1 0.5019608 0.5019608 0.5019608 1 0.5019608 0.5019608 0.5019608 1 1 1 1 1 1 1 1 1 1 1 1 1 1 1 1 1 1 1 1 1 1 1 1 1 0.5019608 0.5019608 0.5019608 1 0.5019608 0.5019608 0.5019608 1 0.5019608 0.5019608 0.5019608 1 0.5019608 0.5019608 0.5019608 1 0.5019608 0.5019608 0.5019608 1 0.5019608 0.5019608 0.5019608 1 0.5019608 0.5019608 0.5019608 1 0.5019608 0.5019608 0.5019608 1 0.5019608 0.5019608 0.5019608 1 0.5019608 0.5019608 0.5019608 1 0.5019608 0.5019608 0.5019608 1 0.5019608 0.5019608 0.5019608 1 1 1 1 1 1 1 1 1 1 1 1 1 1 1 1 1 1 1 1 1 1 1 1 1 0.9490196 0.9490196 0.9490196 1 0.9372549 0.9372549 0.9372549 1 0.9372549 0.9372549 0.9372549 1 0.9450981 0.9450981 0.9450981 1 0.9372549 0.9372549 0.9372549 1 0.9490196 0.9490196 0.9490196 1 0.5019608 0.5019608 0.5019608 1 0.5019608 0.5019608 0.5019608 1 0.5019608 0.5019608 0.5019608 1 0.5019608 0.5019608 0.5019608 1 0.5019608 0.5019608 0.5019608 1 0.5019608 0.5019608 0.5019608 1 0.5019608 0.5019608 0.5019608 1 0.5019608 0.5019608 0.5019608 1 0.5019608 0.5019608 0.5019608 1 0.5019608 0.5019608 0.5019608 1 0.5019608 0.5019608 0.5019608 1 0.5019608 0.5019608 0.5019608 1 1 1 1 1 1 1 1 1 1 1 1 1 1 1 1 1 1 1 1 1 1 1 1 1 1 1 1 1 1 1 1 1 1 1 1 1 1 1 1 1 1 1 1 1 1 1 1 1 0.9686275 0.9686275 0.9686275 1 0.9686275 0.9686275 0.9686275 1 0.972549 0.972549 0.972549 1 0.9686275 0.9686275 0.9686275 1 0.9686275 0.9686275 0.9686275 1 0.9686275 0.9686275 0.9686275 1 0.5450981 0.5450981 0.5450981 1 0.5450981 0.5450981 0.5450981 1 0.5450981 0.5450981 0.5450981 1 0.5450981 0.5450981 0.5450981 1 0.5450981 0.5450981 0.5450981 1 0.5450981 0.5450981 0.5450981 1 0.5019608 0.5019608 0.5019608 1 0.5019608 0.5019608 0.5019608 1 0.5019608 0.5019608 0.5019608 1 0.5019608 0.5019608 0.5019608 1 0.5019608 0.5019608 0.5019608 1 0.5019608 0.5019608 0.5019608 1 0.9294118 0.9294118 0.9294118 1 0.9411765 0.9411765 0.9411765 1 0.9294118 0.9294118 0.9294118 1 0.9372549 0.9372549 0.9372549 1 0.9411765 0.9411765 0.9411765 1 0.9294118 0.9294118 0.9294118 1 0.5019608 0.5019608 0.5019608 1 0.5019608 0.5019608 0.5019608 1 0.5019608 0.5019608 0.5019608 1 0.5019608 0.5019608 0.5019608 1 0.5019608 0.5019608 0.5019608 1 0.5019608 0.5019608 0.5019608 1 1 1 1 1 0.5019608 0.5019608 0.5019608 1 1 1 1 1 0.5019608 0.5019608 0.5019608 1 0.5019608 0.5019608 0.5019608 1 1 1 1 1 0.5019608 0.5019608 0.5019608 1 0.5019608 0.5019608 0.5019608 1 0.5019608 0.5019608 0.5019608 1 0.5019608 0.5019608 0.5019608 1 0.5019608 0.5019608 0.5019608 1 0.5019608 0.5019608 0.5019608 1 1 1 1 1 0.5019608 0.5019608 0.5019608 1 1 1 1 1 0.5019608 0.5019608 0.5019608 1 0.5019608 0.5019608 0.5019608 1 1 1 1 1 0.5019608 0.5019608 0.5019608 1 0.5019608 0.5019608 0.5019608 1 0.5019608 0.5019608 0.5019608 1 0.5019608 0.5019608 0.5019608 1 0.5019608 0.5019608 0.5019608 1 0.5019608 0.5019608 0.5019608 1 0.5019608 0.5019608 0.5019608 1 0.5019608 0.5019608 0.5019608 1 0.5019608 0.5019608 0.5019608 1 0.5019608 0.5019608 0.5019608 1 0.5019608 0.5019608 0.5019608 1 0.5019608 0.5019608 0.5019608 1 0.7490196 0.7490196 0.7490196 1 0.7490196 0.7490196 0.7490196 1 0.7490196 0.7490196 0.7490196 1 0.7490196 0.7490196 0.7490196 1 0.7490196 0.7490196 0.7490196 1 0.7490196 0.7490196 0.7490196 1 0.9294118 0.9294118 0.9294118 1 0.9333333 0.9333333 0.9333333 1 0.9333333 0.9333333 0.9333333 1 0.9333333 0.9333333 0.9333333 1 0.9333333 0.9333333 0.9333333 1 0.9294118 0.9294118 0.9294118 1 1 1 1 1 1 1 1 1 1 1 1 1 1 1 1 1 1 1 1 1 1 1 1 1 0.9686275 0.9686275 0.9686275 1 0.9686275 0.9686275 0.9686275 1 0.972549 0.972549 0.972549 1 0.9686275 0.9686275 0.9686275 1 0.9686275 0.9686275 0.9686275 1 0.9686275 0.9686275 0.9686275 1 0.9215686 0.9215686 0.9215686 1 0.9254902 0.9254902 0.9254902 1 0.9254902 0.9254902 0.9254902 1 0.9215686 0.9215686 0.9215686 1 0.9254902 0.9254902 0.9254902 1 0.9215686 0.9215686 0.9215686 1 1 1 1 1 1 1 1 1 1 1 1 1 1 1 1 1 1 1 1 1 1 1 1 1 0.6 0.6 0.6 1 0.5019608 0.5019608 0.5019608 1 0.5019608 0.5019608 0.5019608 1 0.6 0.6 0.6 1 0.5019608 0.5019608 0.5019608 1 0.6 0.6 0.6 1 1 1 1 1 0.8 0.8 0.8 1 0.8 0.8 0.8 1 1 1 1 1 0.8 0.8 0.8 1 1 1 1 1 0.8 0.8 0.8 1 1 1 1 1 0.8 0.8 0.8 1 1 1 1 1 1 1 1 1 0.8 0.8 0.8 1 0.5019608 0.5019608 0.5019608 1 0.6 0.6 0.6 1 0.6 0.6 0.6 1 0.5019608 0.5019608 0.5019608 1 0.6 0.6 0.6 1 0.5019608 0.5019608 0.5019608 1 0.6 0.6 0.6 1 0.5019608 0.5019608 0.5019608 1 0.5019608 0.5019608 0.5019608 1 0.6 0.6 0.6 1 0.5019608 0.5019608 0.5019608 1 0.6 0.6 0.6 1 1 1 1 1 0.8 0.8 0.8 1 0.8 0.8 0.8 1 1 1 1 1 0.8 0.8 0.8 1 1 1 1 1 0.9294118 0.9294118 0.9294118 1 0.9411765 0.9411765 0.9411765 1 0.9294118 0.9294118 0.9294118 1 0.9372549 0.9372549 0.9372549 1 0.9411765 0.9411765 0.9411765 1 0.9294118 0.9294118 0.9294118 1 0.5019608 0.5019608 0.5019608 1 0.5019608 0.5019608 0.5019608 1 0.5019608 0.5019608 0.5019608 1 0.5019608 0.5019608 0.5019608 1 0.5019608 0.5019608 0.5019608 1 0.5019608 0.5019608 0.5019608 1 1 1 1 1 0.5019608 0.5019608 0.5019608 1 1 1 1 1 0.5019608 0.5019608 0.5019608 1 0.5019608 0.5019608 0.5019608 1 1 1 1 1 0.5019608 0.5019608 0.5019608 1 0.5019608 0.5019608 0.5019608 1 0.5019608 0.5019608 0.5019608 1 0.5019608 0.5019608 0.5019608 1 0.5019608 0.5019608 0.5019608 1 0.5019608 0.5019608 0.5019608 1 1 1 1 1 0.5019608 0.5019608 0.5019608 1 1 1 1 1 0.5019608 0.5019608 0.5019608 1 0.5019608 0.5019608 0.5019608 1 1 1 1 1 0.5019608 0.5019608 0.5019608 1 0.5019608 0.5019608 0.5019608 1 0.5019608 0.5019608 0.5019608 1 0.5019608 0.5019608 0.5019608 1 0.5019608 0.5019608 0.5019608 1 0.5019608 0.5019608 0.5019608 1 0.5019608 0.5019608 0.5019608 1 0.5019608 0.5019608 0.5019608 1 0.5019608 0.5019608 0.5019608 1 0.5019608 0.5019608 0.5019608 1 0.5019608 0.5019608 0.5019608 1 0.5019608 0.5019608 0.5019608 1 0.5019608 0.5019608 0.5019608 1 1 1 1 1 1 1 1 1 0.5019608 0.5019608 0.5019608 1 1 1 1 1 0.5019608 0.5019608 0.5019608 1 1 1 1 1 1 1 1 1 1 1 1 1 1 1 1 1 1 1 1 1 1 1 1 1 1 1 1 1 1 1 1 1 1 1 1 1 1 1 1 1 1 1 1 1 1 1 1 1 0.5882353 0.5882353 0.5882353 1 0.5882353 0.5882353 0.5882353 1 0.5882353 0.5882353 0.5882353 1 0.5882353 0.5882353 0.5882353 1 0.5882353 0.5882353 0.5882353 1 0.5882353 0.5882353 0.5882353 1 0.9215686 0.9215686 0.9215686 1 0.9254902 0.9254902 0.9254902 1 0.9254902 0.9254902 0.9254902 1 0.9215686 0.9215686 0.9215686 1 0.9254902 0.9254902 0.9254902 1 0.9215686 0.9215686 0.9215686 1 1 1 1 1 1 1 1 1 1 1 1 1 1 1 1 1 1 1 1 1 1 1 1 1 0.5019608 0.5019608 0.5019608 1 0.5019608 0.5019608 0.5019608 1 0.5019608 0.5019608 0.5019608 1 0.5019608 0.5019608 0.5019608 1 0.5019608 0.5019608 0.5019608 1 0.5019608 0.5019608 0.5019608 1 1 1 1 1 1 1 1 1 1 1 1 1 1 1 1 1 1 1 1 1 1 1 1 1 0.5019608 0.5019608 0.5019608 1 0.5019608 0.5019608 0.5019608 1 0.5019608 0.5019608 0.5019608 1 0.5019608 0.5019608 0.5019608 1 0.5019608 0.5019608 0.5019608 1 0.5019608 0.5019608 0.5019608 1 0.9098039 0.9098039 0.9098039 1 0.9098039 0.9098039 0.9098039 1 0.9137255 0.9137255 0.9137255 1 0.9058824 0.9058824 0.9058824 1 0.9098039 0.9098039 0.9098039 1 0.9098039 0.9098039 0.9098039 1 0.5019608 0.5019608 0.5019608 1 0.5019608 0.5019608 0.5019608 1 0.5019608 0.5019608 0.5019608 1 0.5019608 0.5019608 0.5019608 1 0.5019608 0.5019608 0.5019608 1 0.5019608 0.5019608 0.5019608 1 0.8745098 0.8745098 0.8745098 1 0.8745098 0.8745098 0.8745098 1 0.8745098 0.8745098 0.8745098 1 0.8745098 0.8745098 0.8745098 1 0.8745098 0.8745098 0.8745098 1 0.8745098 0.8745098 0.8745098 1 0.972549 0.972549 0.972549 1 0.6980392 0.6980392 0.6980392 1 0.972549 0.972549 0.972549 1 0.972549 0.972549 0.972549 1 0.6980392 0.6980392 0.6980392 1 0.972549 0.972549 0.972549 1 1 1 1 1 1 1 1 1 1 1 1 1 1 1 1 1 1 1 1 1 1 1 1 1 0.5019608 0.5019608 0.5019608 1 0.5019608 0.5019608 0.5019608 1 0.5019608 0.5019608 0.5019608 1 0.5019608 0.5019608 0.5019608 1 0.5019608 0.5019608 0.5019608 1 0.5019608 0.5019608 0.5019608 1 1 1 1 1 1 1 1 1 1 1 1 1 1 1 1 1 1 1 1 1 1 1 1 1 0.5019608 0.5019608 0.5019608 1 0.5019608 0.5019608 0.5019608 1 0.5019608 0.5019608 0.5019608 1 0.5019608 0.5019608 0.5019608 1 0.5019608 0.5019608 0.5019608 1 0.5019608 0.5019608 0.5019608 1 0.5019608 0.5019608 0.5019608 1 0.5019608 0.5019608 0.5019608 1 0.5019608 0.5019608 0.5019608 1 0.5019608 0.5019608 0.5019608 1 0.5019608 0.5019608 0.5019608 1 0.5019608 0.5019608 0.5019608 1 1 1 1 1 1 1 1 1 1 1 1 1 1 1 1 1 1 1 1 1 1 1 1 1 0.5019608 0.5019608 0.5019608 1 0.5019608 0.5019608 0.5019608 1 0.5019608 0.5019608 0.5019608 1 0.5019608 0.5019608 0.5019608 1 0.5019608 0.5019608 0.5019608 1 0.5019608 0.5019608 0.5019608 1 0.5019608 0.5019608 0.5019608 1 0.5019608 0.5019608 0.5019608 1 0.5019608 0.5019608 0.5019608 1 0.5019608 0.5019608 0.5019608 1 0.5019608 0.5019608 0.5019608 1 0.5019608 0.5019608 0.5019608 1 1 1 1 1 1 1 1 1 1 1 1 1 1 1 1 1 1 1 1 1 1 1 1 1 1 1 1 1 1 1 1 1 1 1 1 1 1 1 1 1 1 1 1 1 1 1 1 1 1 1 1 1 1 1 1 1 1 1 1 1 1 1 1 1 1 1 1 1 1 1 1 1 0.9686275 0.9686275 0.9686275 1 0.9686275 0.9686275 0.9686275 1 0.972549 0.972549 0.972549 1 0.9686275 0.9686275 0.9686275 1 0.9686275 0.9686275 0.9686275 1 0.9686275 0.9686275 0.9686275 1 0.5450981 0.5450981 0.5450981 1 0.5450981 0.5450981 0.5450981 1 0.5450981 0.5450981 0.5450981 1 0.5450981 0.5450981 0.5450981 1 0.5450981 0.5450981 0.5450981 1 0.5450981 0.5450981 0.5450981 1 0.5019608 0.5019608 0.5019608 1 0.5019608 0.5019608 0.5019608 1 0.5019608 0.5019608 0.5019608 1 0.5019608 0.5019608 0.5019608 1 0.5019608 0.5019608 0.5019608 1 0.5019608 0.5019608 0.5019608 1 0.9294118 0.9294118 0.9294118 1 0.9411765 0.9411765 0.9411765 1 0.9294118 0.9294118 0.9294118 1 0.9372549 0.9372549 0.9372549 1 0.9411765 0.9411765 0.9411765 1 0.9294118 0.9294118 0.9294118 1 0.5019608 0.5019608 0.5019608 1 0.5019608 0.5019608 0.5019608 1 0.5019608 0.5019608 0.5019608 1 0.5019608 0.5019608 0.5019608 1 0.5019608 0.5019608 0.5019608 1 0.5019608 0.5019608 0.5019608 1 1 1 1 1 0.5019608 0.5019608 0.5019608 1 1 1 1 1 0.5019608 0.5019608 0.5019608 1 0.5019608 0.5019608 0.5019608 1 1 1 1 1 0.5019608 0.5019608 0.5019608 1 0.5019608 0.5019608 0.5019608 1 0.5019608 0.5019608 0.5019608 1 0.5019608 0.5019608 0.5019608 1 0.5019608 0.5019608 0.5019608 1 0.5019608 0.5019608 0.5019608 1 0.5019608 0.5019608 0.5019608 1 0.5019608 0.5019608 0.5019608 1 0.5019608 0.5019608 0.5019608 1 0.5019608 0.5019608 0.5019608 1 0.5019608 0.5019608 0.5019608 1 0.5019608 0.5019608 0.5019608 1 0.5019608 0.5019608 0.5019608 1 0.5019608 0.5019608 0.5019608 1 0.5019608 0.5019608 0.5019608 1 0.5019608 0.5019608 0.5019608 1 0.5019608 0.5019608 0.5019608 1 0.5019608 0.5019608 0.5019608 1 1 1 1 1 1 1 1 1 1 1 1 1 1 1 1 1 1 1 1 1 1 1 1 1 0.5019608 0.5019608 0.5019608 1 0.5019608 0.5019608 0.5019608 1 0.5019608 0.5019608 0.5019608 1 0.5019608 0.5019608 0.5019608 1 0.5019608 0.5019608 0.5019608 1 0.5019608 0.5019608 0.5019608 1 1 1 1 1 1 1 1 1 1 1 1 1 1 1 1 1 1 1 1 1 1 1 1 1 0.9215686 0.9215686 0.9215686 1 0.9254902 0.9254902 0.9254902 1 0.9254902 0.9254902 0.9254902 1 0.9215686 0.9215686 0.9215686 1 0.9254902 0.9254902 0.9254902 1 0.9215686 0.9215686 0.9215686 1 0.5882353 0.5882353 0.5882353 1 0.5882353 0.5882353 0.5882353 1 0.5882353 0.5882353 0.5882353 1 0.5882353 0.5882353 0.5882353 1 0.5882353 0.5882353 0.5882353 1 0.5882353 0.5882353 0.5882353 1 1 1 1 1 1 1 1 1 1 1 1 1 1 1 1 1 1 1 1 1 1 1 1 1 0.5019608 0.5019608 0.5019608 1 0.5019608 0.5019608 0.5019608 1 0.5019608 0.5019608 0.5019608 1 0.5019608 0.5019608 0.5019608 1 0.5019608 0.5019608 0.5019608 1 0.5019608 0.5019608 0.5019608 1 0.5019608 0.5019608 0.5019608 1 0.5019608 0.5019608 0.5019608 1 0.5019608 0.5019608 0.5019608 1 0.5019608 0.5019608 0.5019608 1 0.5019608 0.5019608 0.5019608 1 0.5019608 0.5019608 0.5019608 1 0.9294118 0.9294118 0.9294118 1 0.9333333 0.9333333 0.9333333 1 0.9333333 0.9333333 0.9333333 1 0.9333333 0.9333333 0.9333333 1 0.9333333 0.9333333 0.9333333 1 0.9294118 0.9294118 0.9294118 1 0.5019608 0.5019608 0.5019608 1 0.5019608 0.5019608 0.5019608 1 0.5019608 0.5019608 0.5019608 1 0.5019608 0.5019608 0.5019608 1 0.5019608 0.5019608 0.5019608 1 0.5019608 0.5019608 0.5019608 1 0.5019608 0.5019608 0.5019608 1 1 1 1 1 1 1 1 1 0.5019608 0.5019608 0.5019608 1 1 1 1 1 0.5019608 0.5019608 0.5019608 1 0.5019608 0.5019608 0.5019608 1 0.5019608 0.5019608 0.5019608 1 0.5019608 0.5019608 0.5019608 1 0.5019608 0.5019608 0.5019608 1 0.5019608 0.5019608 0.5019608 1 0.5019608 0.5019608 0.5019608 1 0.5019608 0.5019608 0.5019608 1 0.5019608 0.5019608 0.5019608 1 0.5019608 0.5019608 0.5019608 1 0.5019608 0.5019608 0.5019608 1 0.5019608 0.5019608 0.5019608 1 0.5019608 0.5019608 0.5019608 1 1 1 1 1 0.5019608 0.5019608 0.5019608 1 1 1 1 1 0.5019608 0.5019608 0.5019608 1 0.5019608 0.5019608 0.5019608 1 1 1 1 1 0.972549 0.972549 0.972549 1 0.6980392 0.6980392 0.6980392 1 0.972549 0.972549 0.972549 1 0.972549 0.972549 0.972549 1 0.6980392 0.6980392 0.6980392 1 0.972549 0.972549 0.972549 1 0.9176471 0.9176471 0.9176471 1 0.9137255 0.9137255 0.9137255 1 0.9176471 0.9176471 0.9176471 1 0.9137255 0.9137255 0.9137255 1 0.9137255 0.9137255 0.9137255 1 0.9176471 0.9176471 0.9176471 1 0.9176471 0.9176471 0.9176471 1 0.9137255 0.9137255 0.9137255 1 0.9176471 0.9176471 0.9176471 1 0.9137255 0.9137255 0.9137255 1 0.9137255 0.9137255 0.9137255 1 0.9176471 0.9176471 0.9176471 1 0.5019608 0.5019608 0.5019608 1 0.5019608 0.5019608 0.5019608 1 0.5019608 0.5019608 0.5019608 1 0.5019608 0.5019608 0.5019608 1 0.5019608 0.5019608 0.5019608 1 0.5019608 0.5019608 0.5019608 1 0.5019608 0.5019608 0.5019608 1 0.5019608 0.5019608 0.5019608 1 0.5019608 0.5019608 0.5019608 1 0.5019608 0.5019608 0.5019608 1 0.5019608 0.5019608 0.5019608 1 0.5019608 0.5019608 0.5019608 1 0.5019608 0.5019608 0.5019608 1 0.5019608 0.5019608 0.5019608 1 0.5019608 0.5019608 0.5019608 1 0.5019608 0.5019608 0.5019608 1 0.5019608 0.5019608 0.5019608 1 0.5019608 0.5019608 0.5019608 1 0.9176471 0.9176471 0.9176471 1 0.9137255 0.9137255 0.9137255 1 0.9176471 0.9176471 0.9176471 1 0.9137255 0.9137255 0.9137255 1 0.9137255 0.9137255 0.9137255 1 0.9176471 0.9176471 0.9176471 1 0.9176471 0.9176471 0.9176471 1 0.9137255 0.9137255 0.9137255 1 0.9176471 0.9176471 0.9176471 1 0.9137255 0.9137255 0.9137255 1 0.9137255 0.9137255 0.9137255 1 0.9176471 0.9176471 0.9176471 1 0.9176471 0.9176471 0.9176471 1 0.9137255 0.9137255 0.9137255 1 0.9176471 0.9176471 0.9176471 1 0.9137255 0.9137255 0.9137255 1 0.9137255 0.9137255 0.9137255 1 0.9176471 0.9176471 0.9176471 1 0.5019608 0.5019608 0.5019608 1 0.5019608 0.5019608 0.5019608 1 0.5019608 0.5019608 0.5019608 1 0.5019608 0.5019608 0.5019608 1 0.5019608 0.5019608 0.5019608 1 0.5019608 0.5019608 0.5019608 1 0.5019608 0.5019608 0.5019608 1 0.5019608 0.5019608 0.5019608 1 0.5019608 0.5019608 0.5019608 1 0.5019608 0.5019608 0.5019608 1 0.5019608 0.5019608 0.5019608 1 0.5019608 0.5019608 0.5019608 1 0.5019608 0.5019608 0.5019608 1 0.5019608 0.5019608 0.5019608 1 0.5019608 0.5019608 0.5019608 1 0.5019608 0.5019608 0.5019608 1 0.5019608 0.5019608 0.5019608 1 0.5019608 0.5019608 0.5019608 1 0.5019608 0.5019608 0.5019608 1 0.5019608 0.5019608 0.5019608 1 0.5019608 0.5019608 0.5019608 1 0.5019608 0.5019608 0.5019608 1 0.5019608 0.5019608 0.5019608 1 0.5019608 0.5019608 0.5019608 1 0.9176471 0.9176471 0.9176471 1 0.9137255 0.9137255 0.9137255 1 0.9176471 0.9176471 0.9176471 1 0.9137255 0.9137255 0.9137255 1 0.9137255 0.9137255 0.9137255 1 0.9176471 0.9176471 0.9176471 1 0.9176471 0.9176471 0.9176471 1 0.9137255 0.9137255 0.9137255 1 0.9176471 0.9176471 0.9176471 1 0.9137255 0.9137255 0.9137255 1 0.9137255 0.9137255 0.9137255 1 0.9176471 0.9176471 0.9176471 1 0.5019608 0.5019608 0.5019608 1 0.5019608 0.5019608 0.5019608 1 0.5019608 0.5019608 0.5019608 1 0.5019608 0.5019608 0.5019608 1 0.5019608 0.5019608 0.5019608 1 0.5019608 0.5019608 0.5019608 1 0.9176471 0.9176471 0.9176471 1 0.9137255 0.9137255 0.9137255 1 0.9176471 0.9176471 0.9176471 1 0.9137255 0.9137255 0.9137255 1 0.9137255 0.9137255 0.9137255 1 0.9176471 0.9176471 0.9176471 1 0.5019608 0.5019608 0.5019608 1 0.5019608 0.5019608 0.5019608 1 0.5019608 0.5019608 0.5019608 1 0.5019608 0.5019608 0.5019608 1 0.5019608 0.5019608 0.5019608 1 0.5019608 0.5019608 0.5019608 1 0.5019608 0.5019608 0.5019608 1 0.5019608 0.5019608 0.5019608 1 0.5019608 0.5019608 0.5019608 1 0.5019608 0.5019608 0.5019608 1 0.5019608 0.5019608 0.5019608 1 0.5019608 0.5019608 0.5019608 1 1 1 1 1 1 1 1 1 1 1 1 1 1 1 1 1 1 1 1 1 1 1 1 1 0.7411765 0.7411765 0.7411765 1 0.7333334 0.7333334 0.7333334 1 0.7411765 0.7411765 0.7411765 1 0.7294118 0.7294118 0.7294118 1 0.7333334 0.7333334 0.7333334 1 0.7411765 0.7411765 0.7411765 1 1 1 1 1 1 1 1 1 1 1 1 1 1 1 1 1 1 1 1 1 1 1 1 1 0.5019608 0.5019608 0.5019608 1 0.5019608 0.5019608 0.5019608 1 0.5019608 0.5019608 0.5019608 1 0.5019608 0.5019608 0.5019608 1 0.5019608 0.5019608 0.5019608 1 0.5019608 0.5019608 0.5019608 1 0.5019608 0.5019608 0.5019608 1 0.5019608 0.5019608 0.5019608 1 0.5019608 0.5019608 0.5019608 1 0.5019608 0.5019608 0.5019608 1 0.5019608 0.5019608 0.5019608 1 0.5019608 0.5019608 0.5019608 1 0.9490196 0.9490196 0.9490196 1 0.9490196 0.9490196 0.9490196 1 0.9490196 0.9490196 0.9490196 1 0.9490196 0.9490196 0.9490196 1 0.9490196 0.9490196 0.9490196 1 0.9490196 0.9490196 0.9490196 1 0.5764706 0.5764706 0.5764706 1 0.5764706 0.5764706 0.5764706 1 0.5764706 0.5764706 0.5764706 1 0.5764706 0.5764706 0.5764706 1 0.5764706 0.5764706 0.5764706 1 0.5764706 0.5764706 0.5764706 1 0.7490196 0.7490196 0.7490196 1 0.7490196 0.7490196 0.7490196 1 0.7490196 0.7490196 0.7490196 1 0.7490196 0.7490196 0.7490196 1 0.7490196 0.7490196 0.7490196 1 0.7490196 0.7490196 0.7490196 1 0.5019608 0.5019608 0.5019608 1 0.5019608 0.5019608 0.5019608 1 0.5019608 0.5019608 0.5019608 1 0.5019608 0.5019608 0.5019608 1 0.5019608 0.5019608 0.5019608 1 0.5019608 0.5019608 0.5019608 1 0.5019608 0.5019608 0.5019608 1 0.5019608 0.5019608 0.5019608 1 0.5019608 0.5019608 0.5019608 1 0.5019608 0.5019608 0.5019608 1 0.5019608 0.5019608 0.5019608 1 0.5019608 0.5019608 0.5019608 1 1 1 1 1 1 1 1 1 1 1 1 1 1 1 1 1 1 1 1 1 1 1 1 1 0.5019608 0.5019608 0.5019608 1 0.5019608 0.5019608 0.5019608 1 0.5019608 0.5019608 0.5019608 1 0.5019608 0.5019608 0.5019608 1 0.5019608 0.5019608 0.5019608 1 0.5019608 0.5019608 0.5019608 1 0.9176471 0.9176471 0.9176471 1 0.9137255 0.9137255 0.9137255 1 0.9176471 0.9176471 0.9176471 1 0.9137255 0.9137255 0.9137255 1 0.9137255 0.9137255 0.9137255 1 0.9176471 0.9176471 0.9176471 1 0.9176471 0.9176471 0.9176471 1 0.9137255 0.9137255 0.9137255 1 0.9176471 0.9176471 0.9176471 1 0.9137255 0.9137255 0.9137255 1 0.9137255 0.9137255 0.9137255 1 0.9176471 0.9176471 0.9176471 1 0.5019608 0.5019608 0.5019608 1 0.5019608 0.5019608 0.5019608 1 0.5019608 0.5019608 0.5019608 1 0.5019608 0.5019608 0.5019608 1 0.5019608 0.5019608 0.5019608 1 0.5019608 0.5019608 0.5019608 1 0.5019608 0.5019608 0.5019608 1 0.5019608 0.5019608 0.5019608 1 0.5019608 0.5019608 0.5019608 1 0.5019608 0.5019608 0.5019608 1 0.5019608 0.5019608 0.5019608 1 0.5019608 0.5019608 0.5019608 1 1 1 1 1 1 1 1 1 1 1 1 1 1 1 1 1 1 1 1 1 1 1 1 1 0.5882353 0.5882353 0.5882353 1 0.5882353 0.5882353 0.5882353 1 0.5882353 0.5882353 0.5882353 1 0.5882353 0.5882353 0.5882353 1 0.5882353 0.5882353 0.5882353 1 0.5882353 0.5882353 0.5882353 1 0.9215686 0.9215686 0.9215686 1 0.9254902 0.9254902 0.9254902 1 0.9254902 0.9254902 0.9254902 1 0.9215686 0.9215686 0.9215686 1 0.9254902 0.9254902 0.9254902 1 0.9215686 0.9215686 0.9215686 1 1 1 1 1 1 1 1 1 1 1 1 1 1 1 1 1 1 1 1 1 1 1 1 1 0.5019608 0.5019608 0.5019608 1 0.5019608 0.5019608 0.5019608 1 0.5019608 0.5019608 0.5019608 1 0.5019608 0.5019608 0.5019608 1 0.5019608 0.5019608 0.5019608 1 0.5019608 0.5019608 0.5019608 1 1 1 1 1 1 1 1 1 1 1 1 1 1 1 1 1 1 1 1 1 1 1 1 1 1 1 1 1 1 1 1 1 1 1 1 1 1 1 1 1 1 1 1 1 1 1 1 1 0.9686275 0.9686275 0.9686275 1 0.9686275 0.9686275 0.9686275 1 0.972549 0.972549 0.972549 1 0.9686275 0.9686275 0.9686275 1 0.9686275 0.9686275 0.9686275 1 0.9686275 0.9686275 0.9686275 1 0.5019608 0.5019608 0.5019608 1 0.5019608 0.5019608 0.5019608 1 0.5019608 0.5019608 0.5019608 1 0.5019608 0.5019608 0.5019608 1 0.5019608 0.5019608 0.5019608 1 0.5019608 0.5019608 0.5019608 1 0.8745098 0.8745098 0.8745098 1 0.8745098 0.8745098 0.8745098 1 0.8745098 0.8745098 0.8745098 1 0.8745098 0.8745098 0.8745098 1 0.8745098 0.8745098 0.8745098 1 0.8745098 0.8745098 0.8745098 1 0.972549 0.972549 0.972549 1 0.6980392 0.6980392 0.6980392 1 0.972549 0.972549 0.972549 1 0.972549 0.972549 0.972549 1 0.6980392 0.6980392 0.6980392 1 0.972549 0.972549 0.972549 1 1 1 1 1 1 1 1 1 1 1 1 1 1 1 1 1 1 1 1 1 1 1 1 1 0.5019608 0.5019608 0.5019608 1 0.5019608 0.5019608 0.5019608 1 0.5019608 0.5019608 0.5019608 1 0.5019608 0.5019608 0.5019608 1 0.5019608 0.5019608 0.5019608 1 0.5019608 0.5019608 0.5019608 1 0.5019608 0.5019608 0.5019608 1 0.5019608 0.5019608 0.5019608 1 0.5019608 0.5019608 0.5019608 1 0.5019608 0.5019608 0.5019608 1 0.5019608 0.5019608 0.5019608 1 0.5019608 0.5019608 0.5019608 1 0.7490196 0.7490196 0.7490196 1 0.7490196 0.7490196 0.7490196 1 0.7490196 0.7490196 0.7490196 1 0.7490196 0.7490196 0.7490196 1 0.7490196 0.7490196 0.7490196 1 0.7490196 0.7490196 0.7490196 1 1 1 1 1 1 1 1 1 1 1 1 1 1 1 1 1 1 1 1 1 1 1 1 1 1 1 1 1 1 1 1 1 1 1 1 1 1 1 1 1 1 1 1 1 1 1 1 1 0.5019608 0.5019608 0.5019608 1 0.5019608 0.5019608 0.5019608 1 0.5019608 0.5019608 0.5019608 1 0.5019608 0.5019608 0.5019608 1 0.5019608 0.5019608 0.5019608 1 0.5019608 0.5019608 0.5019608 1 0.5019608 0.5019608 0.5019608 1 0.5019608 0.5019608 0.5019608 1 0.5019608 0.5019608 0.5019608 1 0.5019608 0.5019608 0.5019608 1 0.5019608 0.5019608 0.5019608 1 0.5019608 0.5019608 0.5019608 1 0.9490196 0.9490196 0.9490196 1 0.9372549 0.9372549 0.9372549 1 0.9372549 0.9372549 0.9372549 1 0.9450981 0.9450981 0.9450981 1 0.9372549 0.9372549 0.9372549 1 0.9490196 0.9490196 0.9490196 1 1 1 1 1 1 1 1 1 1 1 1 1 1 1 1 1 1 1 1 1 1 1 1 1 0.5019608 0.5019608 0.5019608 1 0.5019608 0.5019608 0.5019608 1 0.5019608 0.5019608 0.5019608 1 0.5019608 0.5019608 0.5019608 1 0.5019608 0.5019608 0.5019608 1 0.5019608 0.5019608 0.5019608 1 0.9490196 0.9490196 0.9490196 1 0.9372549 0.9372549 0.9372549 1 0.9372549 0.9372549 0.9372549 1 0.9450981 0.9450981 0.9450981 1 0.9372549 0.9372549 0.9372549 1 0.9490196 0.9490196 0.9490196 1 0.5019608 0.5019608 0.5019608 1 0.5019608 0.5019608 0.5019608 1 0.5019608 0.5019608 0.5019608 1 0.5019608 0.5019608 0.5019608 1 0.5019608 0.5019608 0.5019608 1 0.5019608 0.5019608 0.5019608 1 0.5019608 0.5019608 0.5019608 1 0.5019608 0.5019608 0.5019608 1 0.5019608 0.5019608 0.5019608 1 0.5019608 0.5019608 0.5019608 1 0.5019608 0.5019608 0.5019608 1 0.5019608 0.5019608 0.5019608 1 1 1 1 1 1 1 1 1 1 1 1 1 1 1 1 1 1 1 1 1 1 1 1 1 0.7411765 0.7411765 0.7411765 1 0.7333334 0.7333334 0.7333334 1 0.7411765 0.7411765 0.7411765 1 0.7294118 0.7294118 0.7294118 1 0.7333334 0.7333334 0.7333334 1 0.7411765 0.7411765 0.7411765 1 1 1 1 1 1 1 1 1 1 1 1 1 1 1 1 1 1 1 1 1 1 1 1 1 0.5019608 0.5019608 0.5019608 1 0.5019608 0.5019608 0.5019608 1 0.5019608 0.5019608 0.5019608 1 0.5019608 0.5019608 0.5019608 1 0.5019608 0.5019608 0.5019608 1 0.5019608 0.5019608 0.5019608 1 0.5019608 0.5019608 0.5019608 1 0.5019608 0.5019608 0.5019608 1 0.5019608 0.5019608 0.5019608 1 0.5019608 0.5019608 0.5019608 1 0.5019608 0.5019608 0.5019608 1 0.5019608 0.5019608 0.5019608 1 0.9490196 0.9490196 0.9490196 1 0.9490196 0.9490196 0.9490196 1 0.9490196 0.9490196 0.9490196 1 0.9490196 0.9490196 0.9490196 1 0.9490196 0.9490196 0.9490196 1 0.9490196 0.9490196 0.9490196 1 0.5764706 0.5764706 0.5764706 1 0.5764706 0.5764706 0.5764706 1 0.5764706 0.5764706 0.5764706 1 0.5764706 0.5764706 0.5764706 1 0.5764706 0.5764706 0.5764706 1 0.5764706 0.5764706 0.5764706 1 0.8745098 0.8745098 0.8745098 1 0.8745098 0.8745098 0.8745098 1 0.8745098 0.8745098 0.8745098 1 0.8745098 0.8745098 0.8745098 1 0.8745098 0.8745098 0.8745098 1 0.8745098 0.8745098 0.8745098 1 1 1 1 1 0.5019608 0.5019608 0.5019608 1 1 1 1 1 0.5019608 0.5019608 0.5019608 1 0.5019608 0.5019608 0.5019608 1 1 1 1 1 0.5019608 0.5019608 0.5019608 1 0.5019608 0.5019608 0.5019608 1 0.5019608 0.5019608 0.5019608 1 0.5019608 0.5019608 0.5019608 1 0.5019608 0.5019608 0.5019608 1 0.5019608 0.5019608 0.5019608 1 0.5019608 0.5019608 0.5019608 1 0.5019608 0.5019608 0.5019608 1 0.5019608 0.5019608 0.5019608 1 0.5019608 0.5019608 0.5019608 1 0.5019608 0.5019608 0.5019608 1 0.5019608 0.5019608 0.5019608 1 0.5019608 0.5019608 0.5019608 1 1 1 1 1 1 1 1 1 0.5019608 0.5019608 0.5019608 1 1 1 1 1 0.5019608 0.5019608 0.5019608 1 0.5019608 0.5019608 0.5019608 1 0.5019608 0.5019608 0.5019608 1 0.5019608 0.5019608 0.5019608 1 0.5019608 0.5019608 0.5019608 1 0.5019608 0.5019608 0.5019608 1 0.5019608 0.5019608 0.5019608 1 0.5019608 0.5019608 0.5019608 1 0.5019608 0.5019608 0.5019608 1 0.5019608 0.5019608 0.5019608 1 0.5019608 0.5019608 0.5019608 1 0.5019608 0.5019608 0.5019608 1 0.5019608 0.5019608 0.5019608 1 1 1 1 1 1 1 1 1 1 1 1 1 1 1 1 1 1 1 1 1 1 1 1 1 0.9490196 0.9490196 0.9490196 1 0.9372549 0.9372549 0.9372549 1 0.9372549 0.9372549 0.9372549 1 0.9450981 0.9450981 0.9450981 1 0.9372549 0.9372549 0.9372549 1 0.9490196 0.9490196 0.9490196 1 0.5019608 0.5019608 0.5019608 1 0.5019608 0.5019608 0.5019608 1 0.5019608 0.5019608 0.5019608 1 0.5019608 0.5019608 0.5019608 1 0.5019608 0.5019608 0.5019608 1 0.5019608 0.5019608 0.5019608 1 0.5019608 0.5019608 0.5019608 1 0.5019608 0.5019608 0.5019608 1 0.5019608 0.5019608 0.5019608 1 0.5019608 0.5019608 0.5019608 1 0.5019608 0.5019608 0.5019608 1 0.5019608 0.5019608 0.5019608 1 1 1 1 1 1 1 1 1 1 1 1 1 1 1 1 1 1 1 1 1 1 1 1 1 1 1 1 1 1 1 1 1 1 1 1 1 1 1 1 1 1 1 1 1 1 1 1 1 0.5450981 0.5450981 0.5450981 1 0.5450981 0.5450981 0.5450981 1 0.5450981 0.5450981 0.5450981 1 0.5450981 0.5450981 0.5450981 1 0.5450981 0.5450981 0.5450981 1 0.5450981 0.5450981 0.5450981 1 0.5019608 0.5019608 0.5019608 1 0.5019608 0.5019608 0.5019608 1 0.5019608 0.5019608 0.5019608 1 0.5019608 0.5019608 0.5019608 1 0.5019608 0.5019608 0.5019608 1 0.5019608 0.5019608 0.5019608 1 0.8 0.8 0.8 1 1 1 1 1 0.8 0.8 0.8 1 1 1 1 1 1 1 1 1 0.8 0.8 0.8 1 0.5019608 0.5019608 0.5019608 1 0.5019608 0.5019608 0.5019608 1 0.5019608 0.5019608 0.5019608 1 0.5019608 0.5019608 0.5019608 1 0.5019608 0.5019608 0.5019608 1 0.5019608 0.5019608 0.5019608 1 0.9294118 0.9294118 0.9294118 1 0.9333333 0.9333333 0.9333333 1 0.9333333 0.9333333 0.9333333 1 0.9333333 0.9333333 0.9333333 1 0.9333333 0.9333333 0.9333333 1 0.9294118 0.9294118 0.9294118 1 0.5019608 0.5019608 0.5019608 1 0.5019608 0.5019608 0.5019608 1 0.5019608 0.5019608 0.5019608 1 0.5019608 0.5019608 0.5019608 1 0.5019608 0.5019608 0.5019608 1 0.5019608 0.5019608 0.5019608 1 0.5019608 0.5019608 0.5019608 1 1 1 1 1 1 1 1 1 0.5019608 0.5019608 0.5019608 1 1 1 1 1 0.5019608 0.5019608 0.5019608 1 0.5019608 0.5019608 0.5019608 1 0.5019608 0.5019608 0.5019608 1 0.5019608 0.5019608 0.5019608 1 0.5019608 0.5019608 0.5019608 1 0.5019608 0.5019608 0.5019608 1 0.5019608 0.5019608 0.5019608 1 0.5019608 0.5019608 0.5019608 1 0.5019608 0.5019608 0.5019608 1 0.5019608 0.5019608 0.5019608 1 0.5019608 0.5019608 0.5019608 1 0.5019608 0.5019608 0.5019608 1 0.5019608 0.5019608 0.5019608 1 1 1 1 1 1 1 1 1 1 1 1 1 1 1 1 1 1 1 1 1 1 1 1 1 1 1 1 1 0.5019608 0.5019608 0.5019608 1 1 1 1 1 0.5019608 0.5019608 0.5019608 1 0.5019608 0.5019608 0.5019608 1 1 1 1 1 0.5019608 0.5019608 0.5019608 1 0.5019608 0.5019608 0.5019608 1 0.5019608 0.5019608 0.5019608 1 0.5019608 0.5019608 0.5019608 1 0.5019608 0.5019608 0.5019608 1 0.5019608 0.5019608 0.5019608 1 0.9294118 0.9294118 0.9294118 1 0.9411765 0.9411765 0.9411765 1 0.9294118 0.9294118 0.9294118 1 0.9372549 0.9372549 0.9372549 1 0.9411765 0.9411765 0.9411765 1 0.9294118 0.9294118 0.9294118 1 1 1 1 1 0.8 0.8 0.8 1 0.8 0.8 0.8 1 1 1 1 1 0.8 0.8 0.8 1 1 1 1 1 0.6 0.6 0.6 1 0.5019608 0.5019608 0.5019608 1 0.5019608 0.5019608 0.5019608 1 0.6 0.6 0.6 1 0.5019608 0.5019608 0.5019608 1 0.6 0.6 0.6 1 0.5019608 0.5019608 0.5019608 1 0.6 0.6 0.6 1 0.6 0.6 0.6 1 0.5019608 0.5019608 0.5019608 1 0.6 0.6 0.6 1 0.5019608 0.5019608 0.5019608 1 0.8 0.8 0.8 1 1 1 1 1 0.8 0.8 0.8 1 1 1 1 1 1 1 1 1 0.8 0.8 0.8 1 1 1 1 1 0.8 0.8 0.8 1 0.8 0.8 0.8 1 1 1 1 1 0.8 0.8 0.8 1 1 1 1 1 0.6 0.6 0.6 1 0.5019608 0.5019608 0.5019608 1 0.5019608 0.5019608 0.5019608 1 0.6 0.6 0.6 1 0.5019608 0.5019608 0.5019608 1 0.6 0.6 0.6 1 0.5019608 0.5019608 0.5019608 1 0.6 0.6 0.6 1 0.6 0.6 0.6 1 0.5019608 0.5019608 0.5019608 1 0.6 0.6 0.6 1 0.5019608 0.5019608 0.5019608 1 1 1 1 1 0.8 0.8 0.8 1 0.8 0.8 0.8 1 1 1 1 1 0.8 0.8 0.8 1 1 1 1 1 0.8 0.8 0.8 1 1 1 1 1 0.8 0.8 0.8 1 1 1 1 1 1 1 1 1 0.8 0.8 0.8 1 0.5019608 0.5019608 0.5019608 1 0.6 0.6 0.6 1 0.6 0.6 0.6 1 0.5019608 0.5019608 0.5019608 1 0.6 0.6 0.6 1 0.5019608 0.5019608 0.5019608 1 0.5019608 0.5019608 0.5019608 1 0.5019608 0.5019608 0.5019608 1 0.5019608 0.5019608 0.5019608 1 0.5019608 0.5019608 0.5019608 1 0.5019608 0.5019608 0.5019608 1 0.5019608 0.5019608 0.5019608 1 1 1 1 1 1 1 1 1 1 1 1 1 1 1 1 1 1 1 1 1 1 1 1 1 0.7411765 0.7411765 0.7411765 1 0.7333334 0.7333334 0.7333334 1 0.7411765 0.7411765 0.7411765 1 0.7294118 0.7294118 0.7294118 1 0.7333334 0.7333334 0.7333334 1 0.7411765 0.7411765 0.7411765 1 1 1 1 1 1 1 1 1 1 1 1 1 1 1 1 1 1 1 1 1 1 1 1 1 0.5019608 0.5019608 0.5019608 1 0.5019608 0.5019608 0.5019608 1 0.5019608 0.5019608 0.5019608 1 0.5019608 0.5019608 0.5019608 1 0.5019608 0.5019608 0.5019608 1 0.5019608 0.5019608 0.5019608 1 0.5019608 0.5019608 0.5019608 1 0.5019608 0.5019608 0.5019608 1 0.5019608 0.5019608 0.5019608 1 0.5019608 0.5019608 0.5019608 1 0.5019608 0.5019608 0.5019608 1 0.5019608 0.5019608 0.5019608 1 1 1 1 1 1 1 1 1 1 1 1 1 1 1 1 1 1 1 1 1 1 1 1 1 0.5019608 0.5019608 0.5019608 1 0.5019608 0.5019608 0.5019608 1 0.5019608 0.5019608 0.5019608 1 0.5019608 0.5019608 0.5019608 1 0.5019608 0.5019608 0.5019608 1 0.5019608 0.5019608 0.5019608 1 0.5019608 0.5019608 0.5019608 1 0.5019608 0.5019608 0.5019608 1 0.5019608 0.5019608 0.5019608 1 0.5019608 0.5019608 0.5019608 1 0.5019608 0.5019608 0.5019608 1 0.5019608 0.5019608 0.5019608 1 1 1 1 1 1 1 1 1 1 1 1 1 1 1 1 1 1 1 1 1 1 1 1 1 0.9490196 0.9490196 0.9490196 1 0.9372549 0.9372549 0.9372549 1 0.9372549 0.9372549 0.9372549 1 0.9450981 0.9450981 0.9450981 1 0.9372549 0.9372549 0.9372549 1 0.9490196 0.9490196 0.9490196 1 0.5019608 0.5019608 0.5019608 1 0.5019608 0.5019608 0.5019608 1 0.5019608 0.5019608 0.5019608 1 0.5019608 0.5019608 0.5019608 1 0.5019608 0.5019608 0.5019608 1 0.5019608 0.5019608 0.5019608 1 0.5019608 0.5019608 0.5019608 1 0.5019608 0.5019608 0.5019608 1 0.5019608 0.5019608 0.5019608 1 0.5019608 0.5019608 0.5019608 1 0.5019608 0.5019608 0.5019608 1 0.5019608 0.5019608 0.5019608 1 1 1 1 1 1 1 1 1 1 1 1 1 1 1 1 1 1 1 1 1 1 1 1 1 0.5019608 0.5019608 0.5019608 1 0.5019608 0.5019608 0.5019608 1 0.5019608 0.5019608 0.5019608 1 0.5019608 0.5019608 0.5019608 1 0.5019608 0.5019608 0.5019608 1 0.5019608 0.5019608 0.5019608 1 1 1 1 1 0.5019608 0.5019608 0.5019608 1 1 1 1 1 0.5019608 0.5019608 0.5019608 1 0.5019608 0.5019608 0.5019608 1 1 1 1 1 0.5019608 0.5019608 0.5019608 1 0.5019608 0.5019608 0.5019608 1 0.5019608 0.5019608 0.5019608 1 0.5019608 0.5019608 0.5019608 1 0.5019608 0.5019608 0.5019608 1 0.5019608 0.5019608 0.5019608 1 0.9686275 0.9686275 0.9686275 1 0.9686275 0.9686275 0.9686275 1 0.972549 0.972549 0.972549 1 0.9686275 0.9686275 0.9686275 1 0.9686275 0.9686275 0.9686275 1 0.9686275 0.9686275 0.9686275 1 0.5450981 0.5450981 0.5450981 1 0.5450981 0.5450981 0.5450981 1 0.5450981 0.5450981 0.5450981 1 0.5450981 0.5450981 0.5450981 1 0.5450981 0.5450981 0.5450981 1 0.5450981 0.5450981 0.5450981 1 0.5019608 0.5019608 0.5019608 1 0.5019608 0.5019608 0.5019608 1 0.5019608 0.5019608 0.5019608 1 0.5019608 0.5019608 0.5019608 1 0.5019608 0.5019608 0.5019608 1 0.5019608 0.5019608 0.5019608 1 0.9294118 0.9294118 0.9294118 1 0.9411765 0.9411765 0.9411765 1 0.9294118 0.9294118 0.9294118 1 0.9372549 0.9372549 0.9372549 1 0.9411765 0.9411765 0.9411765 1 0.9294118 0.9294118 0.9294118 1 0.5019608 0.5019608 0.5019608 1 0.5019608 0.5019608 0.5019608 1 0.5019608 0.5019608 0.5019608 1 0.5019608 0.5019608 0.5019608 1 0.5019608 0.5019608 0.5019608 1 0.5019608 0.5019608 0.5019608 1 1 1 1 1 0.5019608 0.5019608 0.5019608 1 1 1 1 1 0.5019608 0.5019608 0.5019608 1 0.5019608 0.5019608 0.5019608 1 1 1 1 1 0.5019608 0.5019608 0.5019608 1 0.5019608 0.5019608 0.5019608 1 0.5019608 0.5019608 0.5019608 1 0.5019608 0.5019608 0.5019608 1 0.5019608 0.5019608 0.5019608 1 0.5019608 0.5019608 0.5019608 1 1 1 1 1 0.5019608 0.5019608 0.5019608 1 1 1 1 1 0.5019608 0.5019608 0.5019608 1 0.5019608 0.5019608 0.5019608 1 1 1 1 1 0.5019608 0.5019608 0.5019608 1 0.5019608 0.5019608 0.5019608 1 0.5019608 0.5019608 0.5019608 1 0.5019608 0.5019608 0.5019608 1 0.5019608 0.5019608 0.5019608 1 0.5019608 0.5019608 0.5019608 1 0.5019608 0.5019608 0.5019608 1 0.5019608 0.5019608 0.5019608 1 0.5019608 0.5019608 0.5019608 1 0.5019608 0.5019608 0.5019608 1 0.5019608 0.5019608 0.5019608 1 0.5019608 0.5019608 0.5019608 1 0.5019608 0.5019608 0.5019608 1 1 1 1 1 1 1 1 1 0.5019608 0.5019608 0.5019608 1 1 1 1 1 0.5019608 0.5019608 0.5019608 1 0.7490196 0.7490196 0.7490196 1 0.7490196 0.7490196 0.7490196 1 0.7490196 0.7490196 0.7490196 1 0.7490196 0.7490196 0.7490196 1 0.7490196 0.7490196 0.7490196 1 0.7490196 0.7490196 0.7490196 1 1 1 1 1 1 1 1 1 1 1 1 1 1 1 1 1 1 1 1 1 1 1 1 1 0.5019608 0.5019608 0.5019608 1 0.5019608 0.5019608 0.5019608 1 0.5019608 0.5019608 0.5019608 1 0.5019608 0.5019608 0.5019608 1 0.5019608 0.5019608 0.5019608 1 0.5019608 0.5019608 0.5019608 1 1 1 1 1 1 1 1 1 1 1 1 1 1 1 1 1 1 1 1 1 1 1 1 1 0.5019608 0.5019608 0.5019608 1 0.5019608 0.5019608 0.5019608 1 0.5019608 0.5019608 0.5019608 1 0.5019608 0.5019608 0.5019608 1 0.5019608 0.5019608 0.5019608 1 0.5019608 0.5019608 0.5019608 1 0.6 0.6 0.6 1 0.5019608 0.5019608 0.5019608 1 0.5019608 0.5019608 0.5019608 1 0.6 0.6 0.6 1 0.5019608 0.5019608 0.5019608 1 0.6 0.6 0.6 1 1 1 1 1 0.8 0.8 0.8 1 0.8 0.8 0.8 1 1 1 1 1 0.8 0.8 0.8 1 1 1 1 1 0.9294118 0.9294118 0.9294118 1 0.9411765 0.9411765 0.9411765 1 0.9294118 0.9294118 0.9294118 1 0.9372549 0.9372549 0.9372549 1 0.9411765 0.9411765 0.9411765 1 0.9294118 0.9294118 0.9294118 1 0.5019608 0.5019608 0.5019608 1 0.5019608 0.5019608 0.5019608 1 0.5019608 0.5019608 0.5019608 1 0.5019608 0.5019608 0.5019608 1 0.5019608 0.5019608 0.5019608 1 0.5019608 0.5019608 0.5019608 1 1 1 1 1 0.5019608 0.5019608 0.5019608 1 1 1 1 1 0.5019608 0.5019608 0.5019608 1 0.5019608 0.5019608 0.5019608 1 1 1 1 1 0.5019608 0.5019608 0.5019608 1 0.5019608 0.5019608 0.5019608 1 0.5019608 0.5019608 0.5019608 1 0.5019608 0.5019608 0.5019608 1 0.5019608 0.5019608 0.5019608 1 0.5019608 0.5019608 0.5019608 1 1 1 1 1 0.5019608 0.5019608 0.5019608 1 1 1 1 1 0.5019608 0.5019608 0.5019608 1 0.5019608 0.5019608 0.5019608 1 1 1 1 1 0.5019608 0.5019608 0.5019608 1 0.5019608 0.5019608 0.5019608 1 0.5019608 0.5019608 0.5019608 1 0.5019608 0.5019608 0.5019608 1 0.5019608 0.5019608 0.5019608 1 0.5019608 0.5019608 0.5019608 1 0.5019608 0.5019608 0.5019608 1 0.5019608 0.5019608 0.5019608 1 0.5019608 0.5019608 0.5019608 1 0.5019608 0.5019608 0.5019608 1 0.5019608 0.5019608 0.5019608 1 0.5019608 0.5019608 0.5019608 1 0.5019608 0.5019608 0.5019608 1 1 1 1 1 1 1 1 1 0.5019608 0.5019608 0.5019608 1 1 1 1 1 0.5019608 0.5019608 0.5019608 1 0.5019608 0.5019608 0.5019608 1 0.5019608 0.5019608 0.5019608 1 0.5019608 0.5019608 0.5019608 1 0.5019608 0.5019608 0.5019608 1 0.5019608 0.5019608 0.5019608 1 0.5019608 0.5019608 0.5019608 1 0.9294118 0.9294118 0.9294118 1 0.9333333 0.9333333 0.9333333 1 0.9333333 0.9333333 0.9333333 1 0.9333333 0.9333333 0.9333333 1 0.9333333 0.9333333 0.9333333 1 0.9294118 0.9294118 0.9294118 1 0.6 0.6 0.6 1 0.5019608 0.5019608 0.5019608 1 0.5019608 0.5019608 0.5019608 1 0.6 0.6 0.6 1 0.5019608 0.5019608 0.5019608 1 0.6 0.6 0.6 1 0.5019608 0.5019608 0.5019608 1 0.6 0.6 0.6 1 0.6 0.6 0.6 1 0.5019608 0.5019608 0.5019608 1 0.6 0.6 0.6 1 0.5019608 0.5019608 0.5019608 1 0.5019608 0.5019608 0.5019608 1 0.5019608 0.5019608 0.5019608 1 0.5019608 0.5019608 0.5019608 1 0.5019608 0.5019608 0.5019608 1 0.5019608 0.5019608 0.5019608 1 0.5019608 0.5019608 0.5019608 1 0.5019608 0.5019608 0.5019608 1 0.5019608 0.5019608 0.5019608 1 0.5019608 0.5019608 0.5019608 1 0.5019608 0.5019608 0.5019608 1 0.5019608 0.5019608 0.5019608 1 0.5019608 0.5019608 0.5019608 1 1 1 1 1 1 1 1 1 1 1 1 1 1 1 1 1 1 1 1 1 1 1 1 1 0.972549 0.972549 0.972549 1 0.6980392 0.6980392 0.6980392 1 0.972549 0.972549 0.972549 1 0.972549 0.972549 0.972549 1 0.6980392 0.6980392 0.6980392 1 0.972549 0.972549 0.972549 1 0.8745098 0.8745098 0.8745098 1 0.8745098 0.8745098 0.8745098 1 0.8745098 0.8745098 0.8745098 1 0.8745098 0.8745098 0.8745098 1 0.8745098 0.8745098 0.8745098 1 0.8745098 0.8745098 0.8745098 1 0.5019608 0.5019608 0.5019608 1 0.5019608 0.5019608 0.5019608 1 0.5019608 0.5019608 0.5019608 1 0.5019608 0.5019608 0.5019608 1 0.5019608 0.5019608 0.5019608 1 0.5019608 0.5019608 0.5019608 1 0.9098039 0.9098039 0.9098039 1 0.9098039 0.9098039 0.9098039 1 0.9137255 0.9137255 0.9137255 1 0.9058824 0.9058824 0.9058824 1 0.9098039 0.9098039 0.9098039 1 0.9098039 0.9098039 0.9098039 1 0.5019608 0.5019608 0.5019608 1 0.5019608 0.5019608 0.5019608 1 0.5019608 0.5019608 0.5019608 1 0.5019608 0.5019608 0.5019608 1 0.5019608 0.5019608 0.5019608 1 0.5019608 0.5019608 0.5019608 1 1 1 1 1 1 1 1 1 1 1 1 1 1 1 1 1 1 1 1 1 1 1 1 1 0.5019608 0.5019608 0.5019608 1 0.5019608 0.5019608 0.5019608 1 0.5019608 0.5019608 0.5019608 1 0.5019608 0.5019608 0.5019608 1 0.5019608 0.5019608 0.5019608 1 0.5019608 0.5019608 0.5019608 1 1 1 1 1 1 1 1 1 1 1 1 1 1 1 1 1 1 1 1 1 1 1 1 1 0.9215686 0.9215686 0.9215686 1 0.9254902 0.9254902 0.9254902 1 0.9254902 0.9254902 0.9254902 1 0.9215686 0.9215686 0.9215686 1 0.9254902 0.9254902 0.9254902 1 0.9215686 0.9215686 0.9215686 1 1 1 1 1 1 1 1 1 1 1 1 1 1 1 1 1 1 1 1 1 1 1 1 1 1 1 1 1 1 1 1 1 1 1 1 1 1 1 1 1 1 1 1 1 1 1 1 1 0.5019608 0.5019608 0.5019608 1 0.5019608 0.5019608 0.5019608 1 0.5019608 0.5019608 0.5019608 1 0.5019608 0.5019608 0.5019608 1 0.5019608 0.5019608 0.5019608 1 0.5019608 0.5019608 0.5019608 1 0.6 0.6 0.6 1 0.5019608 0.5019608 0.5019608 1 0.5019608 0.5019608 0.5019608 1 0.6 0.6 0.6 1 0.5019608 0.5019608 0.5019608 1 0.6 0.6 0.6 1 1 1 1 1 0.8 0.8 0.8 1 0.8 0.8 0.8 1 1 1 1 1 0.8 0.8 0.8 1 1 1 1 1 0.9294118 0.9294118 0.9294118 1 0.9411765 0.9411765 0.9411765 1 0.9294118 0.9294118 0.9294118 1 0.9372549 0.9372549 0.9372549 1 0.9411765 0.9411765 0.9411765 1 0.9294118 0.9294118 0.9294118 1 0.5019608 0.5019608 0.5019608 1 0.5019608 0.5019608 0.5019608 1 0.5019608 0.5019608 0.5019608 1 0.5019608 0.5019608 0.5019608 1 0.5019608 0.5019608 0.5019608 1 0.5019608 0.5019608 0.5019608 1 1 1 1 1 0.5019608 0.5019608 0.5019608 1 1 1 1 1 0.5019608 0.5019608 0.5019608 1 0.5019608 0.5019608 0.5019608 1 1 1 1 1 0.5019608 0.5019608 0.5019608 1 0.5019608 0.5019608 0.5019608 1 0.5019608 0.5019608 0.5019608 1 0.5019608 0.5019608 0.5019608 1 0.5019608 0.5019608 0.5019608 1 0.5019608 0.5019608 0.5019608 1 1 1 1 1 0.5019608 0.5019608 0.5019608 1 1 1 1 1 0.5019608 0.5019608 0.5019608 1 0.5019608 0.5019608 0.5019608 1 1 1 1 1 0.5019608 0.5019608 0.5019608 1 0.5019608 0.5019608 0.5019608 1 0.5019608 0.5019608 0.5019608 1 0.5019608 0.5019608 0.5019608 1 0.5019608 0.5019608 0.5019608 1 0.5019608 0.5019608 0.5019608 1 0.5019608 0.5019608 0.5019608 1 0.5019608 0.5019608 0.5019608 1 0.5019608 0.5019608 0.5019608 1 0.5019608 0.5019608 0.5019608 1 0.5019608 0.5019608 0.5019608 1 0.5019608 0.5019608 0.5019608 1 0.5019608 0.5019608 0.5019608 1 0.5019608 0.5019608 0.5019608 1 0.5019608 0.5019608 0.5019608 1 0.5019608 0.5019608 0.5019608 1 0.5019608 0.5019608 0.5019608 1 0.5019608 0.5019608 0.5019608 1 1 1 1 1 1 1 1 1 1 1 1 1 1 1 1 1 1 1 1 1 1 1 1 1 0.5882353 0.5882353 0.5882353 1 0.5882353 0.5882353 0.5882353 1 0.5882353 0.5882353 0.5882353 1 0.5882353 0.5882353 0.5882353 1 0.5882353 0.5882353 0.5882353 1 0.5882353 0.5882353 0.5882353 1 1 1 1 1 1 1 1 1 1 1 1 1 1 1 1 1 1 1 1 1 1 1 1 1 0.5882353 0.5882353 0.5882353 1 0.5882353 0.5882353 0.5882353 1 0.5882353 0.5882353 0.5882353 1 0.5882353 0.5882353 0.5882353 1 0.5882353 0.5882353 0.5882353 1 0.5882353 0.5882353 0.5882353 1 0.9215686 0.9215686 0.9215686 1 0.9254902 0.9254902 0.9254902 1 0.9254902 0.9254902 0.9254902 1 0.9215686 0.9215686 0.9215686 1 0.9254902 0.9254902 0.9254902 1 0.9215686 0.9215686 0.9215686 1 1 1 1 1 1 1 1 1 1 1 1 1 1 1 1 1 1 1 1 1 1 1 1 1 0.5019608 0.5019608 0.5019608 1 0.5019608 0.5019608 0.5019608 1 0.5019608 0.5019608 0.5019608 1 0.5019608 0.5019608 0.5019608 1 0.5019608 0.5019608 0.5019608 1 0.5019608 0.5019608 0.5019608 1 1 1 1 1 1 1 1 1 1 1 1 1 1 1 1 1 1 1 1 1 1 1 1 1 0.5019608 0.5019608 0.5019608 1 0.5019608 0.5019608 0.5019608 1 0.5019608 0.5019608 0.5019608 1 0.5019608 0.5019608 0.5019608 1 0.5019608 0.5019608 0.5019608 1 0.5019608 0.5019608 0.5019608 1 0.9098039 0.9098039 0.9098039 1 0.9098039 0.9098039 0.9098039 1 0.9137255 0.9137255 0.9137255 1 0.9058824 0.9058824 0.9058824 1 0.9098039 0.9098039 0.9098039 1 0.9098039 0.9098039 0.9098039 1 0.5019608 0.5019608 0.5019608 1 0.5019608 0.5019608 0.5019608 1 0.5019608 0.5019608 0.5019608 1 0.5019608 0.5019608 0.5019608 1 0.5019608 0.5019608 0.5019608 1 0.5019608 0.5019608 0.5019608 1 0.8745098 0.8745098 0.8745098 1 0.8745098 0.8745098 0.8745098 1 0.8745098 0.8745098 0.8745098 1 0.8745098 0.8745098 0.8745098 1 0.8745098 0.8745098 0.8745098 1 0.8745098 0.8745098 0.8745098 1 0.5450981 0.5450981 0.5450981 1 0.5450981 0.5450981 0.5450981 1 0.5450981 0.5450981 0.5450981 1 0.5450981 0.5450981 0.5450981 1 0.5450981 0.5450981 0.5450981 1 0.5450981 0.5450981 0.5450981 1 0.5019608 0.5019608 0.5019608 1 0.5019608 0.5019608 0.5019608 1 0.5019608 0.5019608 0.5019608 1 0.5019608 0.5019608 0.5019608 1 0.5019608 0.5019608 0.5019608 1 0.5019608 0.5019608 0.5019608 1 0.8 0.8 0.8 1 1 1 1 1 0.8 0.8 0.8 1 1 1 1 1 1 1 1 1 0.8 0.8 0.8 1 0.5019608 0.5019608 0.5019608 1 0.6 0.6 0.6 1 0.6 0.6 0.6 1 0.5019608 0.5019608 0.5019608 1 0.6 0.6 0.6 1 0.5019608 0.5019608 0.5019608 1 0.6 0.6 0.6 1 0.5019608 0.5019608 0.5019608 1 0.5019608 0.5019608 0.5019608 1 0.6 0.6 0.6 1 0.5019608 0.5019608 0.5019608 1 0.6 0.6 0.6 1 0.8 0.8 0.8 1 1 1 1 1 0.8 0.8 0.8 1 0.8 0.8 0.8 1 1 1 1 1 0.8 0.8 0.8 1 0.8 0.8 0.8 1 1 1 1 1 0.8 0.8 0.8 1 0.8 0.8 0.8 1 1 1 1 1 0.8 0.8 0.8 1 1 1 1 1 0.8 0.8 0.8 1 0.8 0.8 0.8 1 0.8 0.8 0.8 1 0.8 0.8 0.8 1 1 1 1 1 0.8 0.8 0.8 1 1 1 1 1 0.8 0.8 0.8 1 0.8 0.8 0.8 1 1 1 1 1 0.8 0.8 0.8 1 0.8 0.8 0.8 1 1 1 1 1 0.8 0.8 0.8 1 0.8 0.8 0.8 1 1 1 1 1 0.8 0.8 0.8 1 0.5764706 0.5764706 0.5764706 1 0.5764706 0.5764706 0.5764706 1 0.5764706 0.5764706 0.5764706 1 0.5764706 0.5764706 0.5764706 1 0.5764706 0.5764706 0.5764706 1 0.5764706 0.5764706 0.5764706 1 0.9490196 0.9490196 0.9490196 1 0.9490196 0.9490196 0.9490196 1 0.9490196 0.9490196 0.9490196 1 0.9490196 0.9490196 0.9490196 1 0.9490196 0.9490196 0.9490196 1 0.9490196 0.9490196 0.9490196 1 0.5019608 0.5019608 0.5019608 1 0.5019608 0.5019608 0.5019608 1 0.5019608 0.5019608 0.5019608 1 0.5019608 0.5019608 0.5019608 1 0.5019608 0.5019608 0.5019608 1 0.5019608 0.5019608 0.5019608 1 0.9215686 0.9215686 0.9215686 1 0.9254902 0.9254902 0.9254902 1 0.9254902 0.9254902 0.9254902 1 0.9215686 0.9215686 0.9215686 1 0.9254902 0.9254902 0.9254902 1 0.9215686 0.9215686 0.9215686 1 1 1 1 1 1 1 1 1 1 1 1 1 1 1 1 1 1 1 1 1 1 1 1 1 0.5019608 0.5019608 0.5019608 1 0.5019608 0.5019608 0.5019608 1 0.5019608 0.5019608 0.5019608 1 0.5019608 0.5019608 0.5019608 1 0.5019608 0.5019608 0.5019608 1 0.5019608 0.5019608 0.5019608 1 1 1 1 1 1 1 1 1 1 1 1 1 1 1 1 1 1 1 1 1 1 1 1 1 0.5019608 0.5019608 0.5019608 1 0.5019608 0.5019608 0.5019608 1 0.5019608 0.5019608 0.5019608 1 0.5019608 0.5019608 0.5019608 1 0.5019608 0.5019608 0.5019608 1 0.5019608 0.5019608 0.5019608 1 0.9098039 0.9098039 0.9098039 1 0.9098039 0.9098039 0.9098039 1 0.9137255 0.9137255 0.9137255 1 0.9058824 0.9058824 0.9058824 1 0.9098039 0.9098039 0.9098039 1 0.9098039 0.9098039 0.9098039 1 0.5019608 0.5019608 0.5019608 1 0.5019608 0.5019608 0.5019608 1 0.5019608 0.5019608 0.5019608 1 0.5019608 0.5019608 0.5019608 1 0.5019608 0.5019608 0.5019608 1 0.5019608 0.5019608 0.5019608 1 0.8745098 0.8745098 0.8745098 1 0.8745098 0.8745098 0.8745098 1 0.8745098 0.8745098 0.8745098 1 0.8745098 0.8745098 0.8745098 1 0.8745098 0.8745098 0.8745098 1 0.8745098 0.8745098 0.8745098 1 0.5019608 0.5019608 0.5019608 1 1 1 1 1 1 1 1 1 0.5019608 0.5019608 0.5019608 1 1 1 1 1 0.5019608 0.5019608 0.5019608 1 0.5019608 0.5019608 0.5019608 1 0.5019608 0.5019608 0.5019608 1 0.5019608 0.5019608 0.5019608 1 0.5019608 0.5019608 0.5019608 1 0.5019608 0.5019608 0.5019608 1 0.5019608 0.5019608 0.5019608 1 0.9294118 0.9294118 0.9294118 1 0.9333333 0.9333333 0.9333333 1 0.9333333 0.9333333 0.9333333 1 0.9333333 0.9333333 0.9333333 1 0.9333333 0.9333333 0.9333333 1 0.9294118 0.9294118 0.9294118 1 0.5019608 0.5019608 0.5019608 1 0.5019608 0.5019608 0.5019608 1 0.5019608 0.5019608 0.5019608 1 0.5019608 0.5019608 0.5019608 1 0.5019608 0.5019608 0.5019608 1 0.5019608 0.5019608 0.5019608 1 0.5019608 0.5019608 0.5019608 1 0.5019608 0.5019608 0.5019608 1 0.5019608 0.5019608 0.5019608 1 0.5019608 0.5019608 0.5019608 1 0.5019608 0.5019608 0.5019608 1 0.5019608 0.5019608 0.5019608 1 0.5019608 0.5019608 0.5019608 1 0.6 0.6 0.6 1 0.6 0.6 0.6 1 0.5019608 0.5019608 0.5019608 1 0.6 0.6 0.6 1 0.5019608 0.5019608 0.5019608 1 0.8 0.8 0.8 1 1 1 1 1 0.8 0.8 0.8 1 1 1 1 1 1 1 1 1 0.8 0.8 0.8 1 1 1 1 1 0.8 0.8 0.8 1 0.8 0.8 0.8 1 1 1 1 1 0.8 0.8 0.8 1 1 1 1 1 0.5882353 0.5882353 0.5882353 1 0.5882353 0.5882353 0.5882353 1 0.5882353 0.5882353 0.5882353 1 0.5882353 0.5882353 0.5882353 1 0.5882353 0.5882353 0.5882353 1 0.5882353 0.5882353 0.5882353 1 1 1 1 1 1 1 1 1 1 1 1 1 1 1 1 1 1 1 1 1 1 1 1 1 0.5019608 0.5019608 0.5019608 1 0.5019608 0.5019608 0.5019608 1 0.5019608 0.5019608 0.5019608 1 0.5019608 0.5019608 0.5019608 1 0.5019608 0.5019608 0.5019608 1 0.5019608 0.5019608 0.5019608 1 0.5019608 0.5019608 0.5019608 1 0.5019608 0.5019608 0.5019608 1 0.5019608 0.5019608 0.5019608 1 0.5019608 0.5019608 0.5019608 1 0.5019608 0.5019608 0.5019608 1 0.5019608 0.5019608 0.5019608 1 0.9294118 0.9294118 0.9294118 1 0.9333333 0.9333333 0.9333333 1 0.9333333 0.9333333 0.9333333 1 0.9333333 0.9333333 0.9333333 1 0.9333333 0.9333333 0.9333333 1 0.9294118 0.9294118 0.9294118 1 0.5019608 0.5019608 0.5019608 1 0.5019608 0.5019608 0.5019608 1 0.5019608 0.5019608 0.5019608 1 0.5019608 0.5019608 0.5019608 1 0.5019608 0.5019608 0.5019608 1 0.5019608 0.5019608 0.5019608 1 0.9686275 0.9686275 0.9686275 1 0.9686275 0.9686275 0.9686275 1 0.972549 0.972549 0.972549 1 0.9686275 0.9686275 0.9686275 1 0.9686275 0.9686275 0.9686275 1 0.9686275 0.9686275 0.9686275 1 1 1 1 1 1 1 1 1 1 1 1 1 1 1 1 1 1 1 1 1 1 1 1 1 1 1 1 1 1 1 1 1 1 1 1 1 1 1 1 1 1 1 1 1 1 1 1 1 1 1 1 1 1 1 1 1 1 1 1 1 1 1 1 1 1 1 1 1 1 1 1 1 0.5019608 0.5019608 0.5019608 1 0.5019608 0.5019608 0.5019608 1 0.5019608 0.5019608 0.5019608 1 0.5019608 0.5019608 0.5019608 1 0.5019608 0.5019608 0.5019608 1 0.5019608 0.5019608 0.5019608 1 0.5019608 0.5019608 0.5019608 1 0.5019608 0.5019608 0.5019608 1 0.5019608 0.5019608 0.5019608 1 0.5019608 0.5019608 0.5019608 1 0.5019608 0.5019608 0.5019608 1 0.5019608 0.5019608 0.5019608 1 0.9490196 0.9490196 0.9490196 1 0.9372549 0.9372549 0.9372549 1 0.9372549 0.9372549 0.9372549 1 0.9450981 0.9450981 0.9450981 1 0.9372549 0.9372549 0.9372549 1 0.9490196 0.9490196 0.9490196 1 1 1 1 1 1 1 1 1 1 1 1 1 1 1 1 1 1 1 1 1 1 1 1 1 0.5019608 0.5019608 0.5019608 1 0.5019608 0.5019608 0.5019608 1 0.5019608 0.5019608 0.5019608 1 0.5019608 0.5019608 0.5019608 1 0.5019608 0.5019608 0.5019608 1 0.5019608 0.5019608 0.5019608 1 1 1 1 1 0.5019608 0.5019608 0.5019608 1 1 1 1 1 0.5019608 0.5019608 0.5019608 1 0.5019608 0.5019608 0.5019608 1 1 1 1 1 0.5019608 0.5019608 0.5019608 1 0.5019608 0.5019608 0.5019608 1 0.5019608 0.5019608 0.5019608 1 0.5019608 0.5019608 0.5019608 1 0.5019608 0.5019608 0.5019608 1 0.5019608 0.5019608 0.5019608 1 0.5019608 0.5019608 0.5019608 1 0.5019608 0.5019608 0.5019608 1 0.5019608 0.5019608 0.5019608 1 0.5019608 0.5019608 0.5019608 1 0.5019608 0.5019608 0.5019608 1 0.5019608 0.5019608 0.5019608 1 0.5019608 0.5019608 0.5019608 1 1 1 1 1 1 1 1 1 0.5019608 0.5019608 0.5019608 1 1 1 1 1 0.5019608 0.5019608 0.5019608 1 0.5019608 0.5019608 0.5019608 1 0.5019608 0.5019608 0.5019608 1 0.5019608 0.5019608 0.5019608 1 0.5019608 0.5019608 0.5019608 1 0.5019608 0.5019608 0.5019608 1 0.5019608 0.5019608 0.5019608 1 1 1 1 1 1 1 1 1 1 1 1 1 1 1 1 1 1 1 1 1 1 1 1 1 0.9490196 0.9490196 0.9490196 1 0.9372549 0.9372549 0.9372549 1 0.9372549 0.9372549 0.9372549 1 0.9450981 0.9450981 0.9450981 1 0.9372549 0.9372549 0.9372549 1 0.9490196 0.9490196 0.9490196 1 0.9215686 0.9215686 0.9215686 1 0.9254902 0.9254902 0.9254902 1 0.9254902 0.9254902 0.9254902 1 0.9215686 0.9215686 0.9215686 1 0.9254902 0.9254902 0.9254902 1 0.9215686 0.9215686 0.9215686 1 1 1 1 1 1 1 1 1 1 1 1 1 1 1 1 1 1 1 1 1 1 1 1 1 0.5019608 0.5019608 0.5019608 1 0.5019608 0.5019608 0.5019608 1 0.5019608 0.5019608 0.5019608 1 0.5019608 0.5019608 0.5019608 1 0.5019608 0.5019608 0.5019608 1 0.5019608 0.5019608 0.5019608 1 1 1 1 1 1 1 1 1 1 1 1 1 1 1 1 1 1 1 1 1 1 1 1 1 0.5019608 0.5019608 0.5019608 1 0.5019608 0.5019608 0.5019608 1 0.5019608 0.5019608 0.5019608 1 0.5019608 0.5019608 0.5019608 1 0.5019608 0.5019608 0.5019608 1 0.5019608 0.5019608 0.5019608 1 0.9098039 0.9098039 0.9098039 1 0.9098039 0.9098039 0.9098039 1 0.9137255 0.9137255 0.9137255 1 0.9058824 0.9058824 0.9058824 1 0.9098039 0.9098039 0.9098039 1 0.9098039 0.9098039 0.9098039 1 0.5019608 0.5019608 0.5019608 1 0.5019608 0.5019608 0.5019608 1 0.5019608 0.5019608 0.5019608 1 0.5019608 0.5019608 0.5019608 1 0.5019608 0.5019608 0.5019608 1 0.5019608 0.5019608 0.5019608 1 0.8745098 0.8745098 0.8745098 1 0.8745098 0.8745098 0.8745098 1 0.8745098 0.8745098 0.8745098 1 0.8745098 0.8745098 0.8745098 1 0.8745098 0.8745098 0.8745098 1 0.8745098 0.8745098 0.8745098 1 0.972549 0.972549 0.972549 1 0.6980392 0.6980392 0.6980392 1 0.972549 0.972549 0.972549 1 0.972549 0.972549 0.972549 1 0.6980392 0.6980392 0.6980392 1 0.972549 0.972549 0.972549 1 1 1 1 1 0.5019608 0.5019608 0.5019608 1 1 1 1 1 0.5019608 0.5019608 0.5019608 1 0.5019608 0.5019608 0.5019608 1 1 1 1 1 0.5019608 0.5019608 0.5019608 1 0.5019608 0.5019608 0.5019608 1 0.5019608 0.5019608 0.5019608 1 0.5019608 0.5019608 0.5019608 1 0.5019608 0.5019608 0.5019608 1 0.5019608 0.5019608 0.5019608 1 0.5019608 0.5019608 0.5019608 1 0.5019608 0.5019608 0.5019608 1 0.5019608 0.5019608 0.5019608 1 0.5019608 0.5019608 0.5019608 1 0.5019608 0.5019608 0.5019608 1 0.5019608 0.5019608 0.5019608 1 0.5019608 0.5019608 0.5019608 1 1 1 1 1 1 1 1 1 0.5019608 0.5019608 0.5019608 1 1 1 1 1 0.5019608 0.5019608 0.5019608 1 0.5019608 0.5019608 0.5019608 1 0.5019608 0.5019608 0.5019608 1 0.5019608 0.5019608 0.5019608 1 0.5019608 0.5019608 0.5019608 1 0.5019608 0.5019608 0.5019608 1 0.5019608 0.5019608 0.5019608 1 0.5019608 0.5019608 0.5019608 1 0.5019608 0.5019608 0.5019608 1 0.5019608 0.5019608 0.5019608 1 0.5019608 0.5019608 0.5019608 1 0.5019608 0.5019608 0.5019608 1 0.5019608 0.5019608 0.5019608 1 0.5019608 0.5019608 0.5019608 1 0.5019608 0.5019608 0.5019608 1 0.5019608 0.5019608 0.5019608 1 0.5019608 0.5019608 0.5019608 1 0.5019608 0.5019608 0.5019608 1 0.5019608 0.5019608 0.5019608 1 1 1 1 1 1 1 1 1 1 1 1 1 1 1 1 1 1 1 1 1 1 1 1 1 0.7411765 0.7411765 0.7411765 1 0.7333334 0.7333334 0.7333334 1 0.7411765 0.7411765 0.7411765 1 0.7294118 0.7294118 0.7294118 1 0.7333334 0.7333334 0.7333334 1 0.7411765 0.7411765 0.7411765 1 1 1 1 1 1 1 1 1 1 1 1 1 1 1 1 1 1 1 1 1 1 1 1 1 0.5019608 0.5019608 0.5019608 1 0.5019608 0.5019608 0.5019608 1 0.5019608 0.5019608 0.5019608 1 0.5019608 0.5019608 0.5019608 1 0.5019608 0.5019608 0.5019608 1 0.5019608 0.5019608 0.5019608 1 0.5019608 0.5019608 0.5019608 1 0.5019608 0.5019608 0.5019608 1 0.5019608 0.5019608 0.5019608 1 0.5019608 0.5019608 0.5019608 1 0.5019608 0.5019608 0.5019608 1 0.5019608 0.5019608 0.5019608 1 1 1 1 1 1 1 1 1 1 1 1 1 1 1 1 1 1 1 1 1 1 1 1 1 0.5019608 0.5019608 0.5019608 1 0.5019608 0.5019608 0.5019608 1 0.5019608 0.5019608 0.5019608 1 0.5019608 0.5019608 0.5019608 1 0.5019608 0.5019608 0.5019608 1 0.5019608 0.5019608 0.5019608 1 0.5019608 0.5019608 0.5019608 1 0.5019608 0.5019608 0.5019608 1 0.5019608 0.5019608 0.5019608 1 0.5019608 0.5019608 0.5019608 1 0.5019608 0.5019608 0.5019608 1 0.5019608 0.5019608 0.5019608 1 0.5019608 0.5019608 0.5019608 1 0.5019608 0.5019608 0.5019608 1 0.5019608 0.5019608 0.5019608 1 0.5019608 0.5019608 0.5019608 1 0.5019608 0.5019608 0.5019608 1 0.5019608 0.5019608 0.5019608 1 1 1 1 1 1 1 1 1 1 1 1 1 1 1 1 1 1 1 1 1 1 1 1 1 0.5882353 0.5882353 0.5882353 1 0.5882353 0.5882353 0.5882353 1 0.5882353 0.5882353 0.5882353 1 0.5882353 0.5882353 0.5882353 1 0.5882353 0.5882353 0.5882353 1 0.5882353 0.5882353 0.5882353 1 0.9215686 0.9215686 0.9215686 1 0.9254902 0.9254902 0.9254902 1 0.9254902 0.9254902 0.9254902 1 0.9215686 0.9215686 0.9215686 1 0.9254902 0.9254902 0.9254902 1 0.9215686 0.9215686 0.9215686 1 1 1 1 1 1 1 1 1 1 1 1 1 1 1 1 1 1 1 1 1 1 1 1 1 0.5019608 0.5019608 0.5019608 1 0.5019608 0.5019608 0.5019608 1 0.5019608 0.5019608 0.5019608 1 0.5019608 0.5019608 0.5019608 1 0.5019608 0.5019608 0.5019608 1 0.5019608 0.5019608 0.5019608 1 1 1 1 1 1 1 1 1 1 1 1 1 1 1 1 1 1 1 1 1 1 1 1 1 0.5019608 0.5019608 0.5019608 1 0.5019608 0.5019608 0.5019608 1 0.5019608 0.5019608 0.5019608 1 0.5019608 0.5019608 0.5019608 1 0.5019608 0.5019608 0.5019608 1 0.5019608 0.5019608 0.5019608 1 0.9098039 0.9098039 0.9098039 1 0.9098039 0.9098039 0.9098039 1 0.9137255 0.9137255 0.9137255 1 0.9058824 0.9058824 0.9058824 1 0.9098039 0.9098039 0.9098039 1 0.9098039 0.9098039 0.9098039 1 0.5019608 0.5019608 0.5019608 1 0.5019608 0.5019608 0.5019608 1 0.5019608 0.5019608 0.5019608 1 0.5019608 0.5019608 0.5019608 1 0.5019608 0.5019608 0.5019608 1 0.5019608 0.5019608 0.5019608 1 0.8745098 0.8745098 0.8745098 1 0.8745098 0.8745098 0.8745098 1 0.8745098 0.8745098 0.8745098 1 0.8745098 0.8745098 0.8745098 1 0.8745098 0.8745098 0.8745098 1 0.8745098 0.8745098 0.8745098 1 0.5019608 0.5019608 0.5019608 1 0.5019608 0.5019608 0.5019608 1 0.5019608 0.5019608 0.5019608 1 0.5019608 0.5019608 0.5019608 1 0.5019608 0.5019608 0.5019608 1 0.5019608 0.5019608 0.5019608 1 1 1 1 1 1 1 1 1 1 1 1 1 1 1 1 1 1 1 1 1 1 1 1 1 1 1 1 1 1 1 1 1 1 1 1 1 1 1 1 1 1 1 1 1 1 1 1 1 1 1 1 1 1 1 1 1 1 1 1 1 1 1 1 1 1 1 1 1 1 1 1 1 0.9686275 0.9686275 0.9686275 1 0.9686275 0.9686275 0.9686275 1 0.972549 0.972549 0.972549 1 0.9686275 0.9686275 0.9686275 1 0.9686275 0.9686275 0.9686275 1 0.9686275 0.9686275 0.9686275 1 1 1 1 1 1 1 1 1 1 1 1 1 1 1 1 1 1 1 1 1 1 1 1 1 0.5019608 0.5019608 0.5019608 1 0.5019608 0.5019608 0.5019608 1 0.5019608 0.5019608 0.5019608 1 0.5019608 0.5019608 0.5019608 1 0.5019608 0.5019608 0.5019608 1 0.5019608 0.5019608 0.5019608 1 0.5019608 0.5019608 0.5019608 1 0.5019608 0.5019608 0.5019608 1 0.5019608 0.5019608 0.5019608 1 0.5019608 0.5019608 0.5019608 1 0.5019608 0.5019608 0.5019608 1 0.5019608 0.5019608 0.5019608 1 0.7490196 0.7490196 0.7490196 1 0.7490196 0.7490196 0.7490196 1 0.7490196 0.7490196 0.7490196 1 0.7490196 0.7490196 0.7490196 1 0.7490196 0.7490196 0.7490196 1 0.7490196 0.7490196 0.7490196 1 0.5764706 0.5764706 0.5764706 1 0.5764706 0.5764706 0.5764706 1 0.5764706 0.5764706 0.5764706 1 0.5764706 0.5764706 0.5764706 1 0.5764706 0.5764706 0.5764706 1 0.5764706 0.5764706 0.5764706 1 0.9490196 0.9490196 0.9490196 1 0.9490196 0.9490196 0.9490196 1 0.9490196 0.9490196 0.9490196 1 0.9490196 0.9490196 0.9490196 1 0.9490196 0.9490196 0.9490196 1 0.9490196 0.9490196 0.9490196 1 0.5019608 0.5019608 0.5019608 1 0.5019608 0.5019608 0.5019608 1 0.5019608 0.5019608 0.5019608 1 0.5019608 0.5019608 0.5019608 1 0.5019608 0.5019608 0.5019608 1 0.5019608 0.5019608 0.5019608 1 0.6 0.6 0.6 1 0.5019608 0.5019608 0.5019608 1 0.5019608 0.5019608 0.5019608 1 0.6 0.6 0.6 1 0.5019608 0.5019608 0.5019608 1 0.6 0.6 0.6 1 1 1 1 1 0.8 0.8 0.8 1 0.8 0.8 0.8 1 1 1 1 1 0.8 0.8 0.8 1 1 1 1 1 0.9294118 0.9294118 0.9294118 1 0.9411765 0.9411765 0.9411765 1 0.9294118 0.9294118 0.9294118 1 0.9372549 0.9372549 0.9372549 1 0.9411765 0.9411765 0.9411765 1 0.9294118 0.9294118 0.9294118 1 0.5019608 0.5019608 0.5019608 1 0.5019608 0.5019608 0.5019608 1 0.5019608 0.5019608 0.5019608 1 0.5019608 0.5019608 0.5019608 1 0.5019608 0.5019608 0.5019608 1 0.5019608 0.5019608 0.5019608 1 1 1 1 1 0.5019608 0.5019608 0.5019608 1 1 1 1 1 0.5019608 0.5019608 0.5019608 1 0.5019608 0.5019608 0.5019608 1 1 1 1 1 0.5019608 0.5019608 0.5019608 1 0.5019608 0.5019608 0.5019608 1 0.5019608 0.5019608 0.5019608 1 0.5019608 0.5019608 0.5019608 1 0.5019608 0.5019608 0.5019608 1 0.5019608 0.5019608 0.5019608 1 1 1 1 1 0.5019608 0.5019608 0.5019608 1 1 1 1 1 0.5019608 0.5019608 0.5019608 1 0.5019608 0.5019608 0.5019608 1 1 1 1 1 0.5019608 0.5019608 0.5019608 1 0.5019608 0.5019608 0.5019608 1 0.5019608 0.5019608 0.5019608 1 0.5019608 0.5019608 0.5019608 1 0.5019608 0.5019608 0.5019608 1 0.5019608 0.5019608 0.5019608 1 0.9294118 0.9294118 0.9294118 1 0.9333333 0.9333333 0.9333333 1 0.9333333 0.9333333 0.9333333 1 0.9333333 0.9333333 0.9333333 1 0.9333333 0.9333333 0.9333333 1 0.9294118 0.9294118 0.9294118 1 0.5019608 0.5019608 0.5019608 1 0.5019608 0.5019608 0.5019608 1 0.5019608 0.5019608 0.5019608 1 0.5019608 0.5019608 0.5019608 1 0.5019608 0.5019608 0.5019608 1 0.5019608 0.5019608 0.5019608 1 0.5019608 0.5019608 0.5019608 1 1 1 1 1 1 1 1 1 0.5019608 0.5019608 0.5019608 1 1 1 1 1 0.5019608 0.5019608 0.5019608 1 0.5019608 0.5019608 0.5019608 1 0.5019608 0.5019608 0.5019608 1 0.5019608 0.5019608 0.5019608 1 0.5019608 0.5019608 0.5019608 1 0.5019608 0.5019608 0.5019608 1 0.5019608 0.5019608 0.5019608 1 0.5019608 0.5019608 0.5019608 1 0.5019608 0.5019608 0.5019608 1 0.5019608 0.5019608 0.5019608 1 0.5019608 0.5019608 0.5019608 1 0.5019608 0.5019608 0.5019608 1 0.5019608 0.5019608 0.5019608 1 1 1 1 1 0.5019608 0.5019608 0.5019608 1 1 1 1 1 0.5019608 0.5019608 0.5019608 1 0.5019608 0.5019608 0.5019608 1 1 1 1 1 0.5019608 0.5019608 0.5019608 1 0.5019608 0.5019608 0.5019608 1 0.5019608 0.5019608 0.5019608 1 0.5019608 0.5019608 0.5019608 1 0.5019608 0.5019608 0.5019608 1 0.5019608 0.5019608 0.5019608 1 1 1 1 1 0.5019608 0.5019608 0.5019608 1 1 1 1 1 0.5019608 0.5019608 0.5019608 1 0.5019608 0.5019608 0.5019608 1 1 1 1 1 0.5019608 0.5019608 0.5019608 1 0.5019608 0.5019608 0.5019608 1 0.5019608 0.5019608 0.5019608 1 0.5019608 0.5019608 0.5019608 1 0.5019608 0.5019608 0.5019608 1 0.5019608 0.5019608 0.5019608 1 0.9294118 0.9294118 0.9294118 1 0.9411765 0.9411765 0.9411765 1 0.9294118 0.9294118 0.9294118 1 0.9372549 0.9372549 0.9372549 1 0.9411765 0.9411765 0.9411765 1 0.9294118 0.9294118 0.9294118 1 0.9098039 0.9098039 0.9098039 1 0.9098039 0.9098039 0.9098039 1 0.9137255 0.9137255 0.9137255 1 0.9058824 0.9058824 0.9058824 1 0.9098039 0.9098039 0.9098039 1 0.9098039 0.9098039 0.9098039 1 0.5019608 0.5019608 0.5019608 1 0.5019608 0.5019608 0.5019608 1 0.5019608 0.5019608 0.5019608 1 0.5019608 0.5019608 0.5019608 1 0.5019608 0.5019608 0.5019608 1 0.5019608 0.5019608 0.5019608 1 0.8745098 0.8745098 0.8745098 1 0.8745098 0.8745098 0.8745098 1 0.8745098 0.8745098 0.8745098 1 0.8745098 0.8745098 0.8745098 1 0.8745098 0.8745098 0.8745098 1 0.8745098 0.8745098 0.8745098 1 1 1 1 1 0.5019608 0.5019608 0.5019608 1 1 1 1 1 0.5019608 0.5019608 0.5019608 1 0.5019608 0.5019608 0.5019608 1 1 1 1 1 0.5019608 0.5019608 0.5019608 1 0.5019608 0.5019608 0.5019608 1 0.5019608 0.5019608 0.5019608 1 0.5019608 0.5019608 0.5019608 1 0.5019608 0.5019608 0.5019608 1 0.5019608 0.5019608 0.5019608 1 0.5019608 0.5019608 0.5019608 1 0.5019608 0.5019608 0.5019608 1 0.5019608 0.5019608 0.5019608 1 0.5019608 0.5019608 0.5019608 1 0.5019608 0.5019608 0.5019608 1 0.5019608 0.5019608 0.5019608 1 0.5019608 0.5019608 0.5019608 1 1 1 1 1 1 1 1 1 0.5019608 0.5019608 0.5019608 1 1 1 1 1 0.5019608 0.5019608 0.5019608 1 0.5450981 0.5450981 0.5450981 1 0.5450981 0.5450981 0.5450981 1 0.5450981 0.5450981 0.5450981 1 0.5450981 0.5450981 0.5450981 1 0.5450981 0.5450981 0.5450981 1 0.5450981 0.5450981 0.5450981 1 0.5019608 0.5019608 0.5019608 1 0.5019608 0.5019608 0.5019608 1 0.5019608 0.5019608 0.5019608 1 0.5019608 0.5019608 0.5019608 1 0.5019608 0.5019608 0.5019608 1 0.5019608 0.5019608 0.5019608 1 0.8 0.8 0.8 1 1 1 1 1 0.8 0.8 0.8 1 1 1 1 1 1 1 1 1 0.8 0.8 0.8 1 0.5019608 0.5019608 0.5019608 1 0.6 0.6 0.6 1 0.6 0.6 0.6 1 0.5019608 0.5019608 0.5019608 1 0.6 0.6 0.6 1 0.5019608 0.5019608 0.5019608 1 0.6 0.6 0.6 1 0.5019608 0.5019608 0.5019608 1 0.5019608 0.5019608 0.5019608 1 0.6 0.6 0.6 1 0.5019608 0.5019608 0.5019608 1 0.6 0.6 0.6 1 1 1 1 1 0.8 0.8 0.8 1 0.8 0.8 0.8 1 1 1 1 1 0.8 0.8 0.8 1 1 1 1 1 0.8 0.8 0.8 1 1 1 1 1 0.8 0.8 0.8 1 1 1 1 1 1 1 1 1 0.8 0.8 0.8 1 0.5019608 0.5019608 0.5019608 1 0.6 0.6 0.6 1 0.6 0.6 0.6 1 0.5019608 0.5019608 0.5019608 1 0.6 0.6 0.6 1 0.5019608 0.5019608 0.5019608 1 1 1 1 1 1 1 1 1 1 1 1 1 1 1 1 1 1 1 1 1 1 1 1 1 0.9686275 0.9686275 0.9686275 1 0.9686275 0.9686275 0.9686275 1 0.972549 0.972549 0.972549 1 0.9686275 0.9686275 0.9686275 1 0.9686275 0.9686275 0.9686275 1 0.9686275 0.9686275 0.9686275 1 0.5450981 0.5450981 0.5450981 1 0.5450981 0.5450981 0.5450981 1 0.5450981 0.5450981 0.5450981 1 0.5450981 0.5450981 0.5450981 1 0.5450981 0.5450981 0.5450981 1 0.5450981 0.5450981 0.5450981 1 0.5019608 0.5019608 0.5019608 1 0.5019608 0.5019608 0.5019608 1 0.5019608 0.5019608 0.5019608 1 0.5019608 0.5019608 0.5019608 1 0.5019608 0.5019608 0.5019608 1 0.5019608 0.5019608 0.5019608 1 0.8 0.8 0.8 1 1 1 1 1 0.8 0.8 0.8 1 1 1 1 1 1 1 1 1 0.8 0.8 0.8 1 0.5882353 0.5882353 0.5882353 1 0.5882353 0.5882353 0.5882353 1 0.5882353 0.5882353 0.5882353 1 0.5882353 0.5882353 0.5882353 1 0.5882353 0.5882353 0.5882353 1 0.5882353 0.5882353 0.5882353 1 0.9215686 0.9215686 0.9215686 1 0.9254902 0.9254902 0.9254902 1 0.9254902 0.9254902 0.9254902 1 0.9215686 0.9215686 0.9215686 1 0.9254902 0.9254902 0.9254902 1 0.9215686 0.9215686 0.9215686 1 0.5019608 0.5019608 0.5019608 1 0.5019608 0.5019608 0.5019608 1 0.5019608 0.5019608 0.5019608 1 0.5019608 0.5019608 0.5019608 1 0.5019608 0.5019608 0.5019608 1 0.5019608 0.5019608 0.5019608 1 1 1 1 1 1 1 1 1 1 1 1 1 1 1 1 1 1 1 1 1 1 1 1 1 0.5019608 0.5019608 0.5019608 1 0.5019608 0.5019608 0.5019608 1 0.5019608 0.5019608 0.5019608 1 0.5019608 0.5019608 0.5019608 1 0.5019608 0.5019608 0.5019608 1 0.5019608 0.5019608 0.5019608 1 0.5882353 0.5882353 0.5882353 1 0.5882353 0.5882353 0.5882353 1 0.5882353 0.5882353 0.5882353 1 0.5882353 0.5882353 0.5882353 1 0.5882353 0.5882353 0.5882353 1 0.5882353 0.5882353 0.5882353 1 0.9294118 0.9294118 0.9294118 1 0.9333333 0.9333333 0.9333333 1 0.9333333 0.9333333 0.9333333 1 0.9333333 0.9333333 0.9333333 1 0.9333333 0.9333333 0.9333333 1 0.9294118 0.9294118 0.9294118 1 0.5019608 0.5019608 0.5019608 1 0.5019608 0.5019608 0.5019608 1 0.5019608 0.5019608 0.5019608 1 0.5019608 0.5019608 0.5019608 1 0.5019608 0.5019608 0.5019608 1 0.5019608 0.5019608 0.5019608 1 0.5019608 0.5019608 0.5019608 1 0.5019608 0.5019608 0.5019608 1 0.5019608 0.5019608 0.5019608 1 0.5019608 0.5019608 0.5019608 1 0.5019608 0.5019608 0.5019608 1 0.5019608 0.5019608 0.5019608 1 0.5450981 0.5450981 0.5450981 1 0.5450981 0.5450981 0.5450981 1 0.5450981 0.5450981 0.5450981 1 0.5450981 0.5450981 0.5450981 1 0.5450981 0.5450981 0.5450981 1 0.5450981 0.5450981 0.5450981 1 1 1 1 1 1 1 1 1 1 1 1 1 1 1 1 1 1 1 1 1 1 1 1 1 0.9686275 0.9686275 0.9686275 1 0.9686275 0.9686275 0.9686275 1 0.972549 0.972549 0.972549 1 0.9686275 0.9686275 0.9686275 1 0.9686275 0.9686275 0.9686275 1 0.9686275 0.9686275 0.9686275 1 0.5019608 0.5019608 0.5019608 1 1 1 1 1 1 1 1 1 0.5019608 0.5019608 0.5019608 1 1 1 1 1 0.5019608 0.5019608 0.5019608 1 1 1 1 1 1 1 1 1 1 1 1 1 1 1 1 1 1 1 1 1 1 1 1 1 1 1 1 1 1 1 1 1 1 1 1 1 1 1 1 1 1 1 1 1 1 1 1 1 0.5019608 0.5019608 0.5019608 1 0.5019608 0.5019608 0.5019608 1 0.5019608 0.5019608 0.5019608 1 0.5019608 0.5019608 0.5019608 1 0.5019608 0.5019608 0.5019608 1 0.5019608 0.5019608 0.5019608 1 0.5019608 0.5019608 0.5019608 1 0.5019608 0.5019608 0.5019608 1 0.5019608 0.5019608 0.5019608 1 0.5019608 0.5019608 0.5019608 1 0.5019608 0.5019608 0.5019608 1 0.5019608 0.5019608 0.5019608 1 1 1 1 1 1 1 1 1 1 1 1 1 1 1 1 1 1 1 1 1 1 1 1 1 0.5019608 0.5019608 0.5019608 1 0.5019608 0.5019608 0.5019608 1 0.5019608 0.5019608 0.5019608 1 0.5019608 0.5019608 0.5019608 1 0.5019608 0.5019608 0.5019608 1 0.5019608 0.5019608 0.5019608 1 0.9490196 0.9490196 0.9490196 1 0.9372549 0.9372549 0.9372549 1 0.9372549 0.9372549 0.9372549 1 0.9450981 0.9450981 0.9450981 1 0.9372549 0.9372549 0.9372549 1 0.9490196 0.9490196 0.9490196 1 0.5019608 0.5019608 0.5019608 1 0.5019608 0.5019608 0.5019608 1 0.5019608 0.5019608 0.5019608 1 0.5019608 0.5019608 0.5019608 1 0.5019608 0.5019608 0.5019608 1 0.5019608 0.5019608 0.5019608 1 1 1 1 1 1 1 1 1 1 1 1 1 1 1 1 1 1 1 1 1 1 1 1 1 1 1 1 1 1 1 1 1 1 1 1 1 1 1 1 1 1 1 1 1 1 1 1 1 0.5019608 0.5019608 0.5019608 1 0.5019608 0.5019608 0.5019608 1 0.5019608 0.5019608 0.5019608 1 0.5019608 0.5019608 0.5019608 1 0.5019608 0.5019608 0.5019608 1 0.5019608 0.5019608 0.5019608 1 0.5019608 0.5019608 0.5019608 1 0.5019608 0.5019608 0.5019608 1 0.5019608 0.5019608 0.5019608 1 0.5019608 0.5019608 0.5019608 1 0.5019608 0.5019608 0.5019608 1 0.5019608 0.5019608 0.5019608 1 0.5019608 0.5019608 0.5019608 1 0.5019608 0.5019608 0.5019608 1 0.5019608 0.5019608 0.5019608 1 0.5019608 0.5019608 0.5019608 1 0.5019608 0.5019608 0.5019608 1 0.5019608 0.5019608 0.5019608 1 0.9490196 0.9490196 0.9490196 1 0.9372549 0.9372549 0.9372549 1 0.9372549 0.9372549 0.9372549 1 0.9450981 0.9450981 0.9450981 1 0.9372549 0.9372549 0.9372549 1 0.9490196 0.9490196 0.9490196 1 1 1 1 1 1 1 1 1 1 1 1 1 1 1 1 1 1 1 1 1 1 1 1 1 0.5019608 0.5019608 0.5019608 1 0.5019608 0.5019608 0.5019608 1 0.5019608 0.5019608 0.5019608 1 0.5019608 0.5019608 0.5019608 1 0.5019608 0.5019608 0.5019608 1 0.5019608 0.5019608 0.5019608 1 1 1 1 1 1 1 1 1 1 1 1 1 1 1 1 1 1 1 1 1 1 1 1 1 0.5019608 0.5019608 0.5019608 1 0.5019608 0.5019608 0.5019608 1 0.5019608 0.5019608 0.5019608 1 0.5019608 0.5019608 0.5019608 1 0.5019608 0.5019608 0.5019608 1 0.5019608 0.5019608 0.5019608 1 0.5019608 0.5019608 0.5019608 1 0.5019608 0.5019608 0.5019608 1 0.5019608 0.5019608 0.5019608 1 0.5019608 0.5019608 0.5019608 1 0.5019608 0.5019608 0.5019608 1 0.5019608 0.5019608 0.5019608 1 0.5019608 0.5019608 0.5019608 1 0.5019608 0.5019608 0.5019608 1 0.5019608 0.5019608 0.5019608 1 0.9137255 0.9137255 0.9137255 1 0.9137255 0.9137255 0.9137255 1 0.9137255 0.9137255 0.9137255 1 0.9137255 0.9137255 0.9137255 1 0.9137255 0.9137255 0.9137255 1 0.9137255 0.9137255 0.9137255 1 0.5019608 0.5019608 0.5019608 1 0.5019608 0.5019608 0.5019608 1 0.5019608 0.5019608 0.5019608 1 0.9137255 0.9137255 0.9137255 1 0.9137255 0.9137255 0.9137255 1 0.9137255 0.9137255 0.9137255 1 0.9137255 0.9137255 0.9137255 1 0.9137255 0.9137255 0.9137255 1 0.9137255 0.9137255 0.9137255 1 0.5019608 0.5019608 0.5019608 1 0.5019608 0.5019608 0.5019608 1 0.5019608 0.5019608 0.5019608 1 0.5019608 0.5019608 0.5019608 1 0.5019608 0.5019608 0.5019608 1 0.5019608 0.5019608 0.5019608 1 0.5019608 0.5019608 0.5019608 1 0.5019608 0.5019608 0.5019608 1 0.5019608 0.5019608 0.5019608 1 0.9137255 0.9137255 0.9137255 1 0.9137255 0.9137255 0.9137255 1 0.9137255 0.9137255 0.9137255 1 0.5019608 0.5019608 0.5019608 1 0.5019608 0.5019608 0.5019608 1 0.5019608 0.5019608 0.5019608 1 0.5019608 0.5019608 0.5019608 1 0.5019608 0.5019608 0.5019608 1 0.5019608 0.5019608 0.5019608 1 0.5019608 0.5019608 0.5019608 1 0.5019608 0.5019608 0.5019608 1 0.5019608 0.5019608 0.5019608 1 0.5019608 0.5019608 0.5019608 1 0.5019608 0.5019608 0.5019608 1 0.5019608 0.5019608 0.5019608 1 0.5019608 0.5019608 0.5019608 1 0.5019608 0.5019608 0.5019608 1 0.5019608 0.5019608 0.5019608 1 0.5019608 0.5019608 0.5019608 1 0.5019608 0.5019608 0.5019608 1 0.5019608 0.5019608 0.5019608 1 0.5019608 0.5019608 0.5019608 1 0.5019608 0.5019608 0.5019608 1 0.5019608 0.5019608 0.5019608 1 0.9137255 0.9137255 0.9137255 1 0.9137255 0.9137255 0.9137255 1 0.9137255 0.9137255 0.9137255 1 0.9137255 0.9137255 0.9137255 1 0.9137255 0.9137255 0.9137255 1 0.9137255 0.9137255 0.9137255 1 0.5019608 0.5019608 0.5019608 1 0.5019608 0.5019608 0.5019608 1 0.5019608 0.5019608 0.5019608 1 0.9137255 0.9137255 0.9137255 1 0.9137255 0.9137255 0.9137255 1 0.9137255 0.9137255 0.9137255 1 0.5019608 0.5019608 0.5019608 1 0.5019608 0.5019608 0.5019608 1 0.5019608 0.5019608 0.5019608 1 0.5019608 0.5019608 0.5019608 1 0.5019608 0.5019608 0.5019608 1 0.5019608 0.5019608 0.5019608 1 0.9137255 0.9137255 0.9137255 1 0.9137255 0.9137255 0.9137255 1 0.9137255 0.9137255 0.9137255 1 0.9137255 0.9137255 0.9137255 1 0.9137255 0.9137255 0.9137255 1 0.9137255 0.9137255 0.9137255 1 0.5019608 0.5019608 0.5019608 1 0.5019608 0.5019608 0.5019608 1 0.5019608 0.5019608 0.5019608 1 0.5019608 0.5019608 0.5019608 1 0.5019608 0.5019608 0.5019608 1 0.5019608 0.5019608 0.5019608 1 0.5019608 0.5019608 0.5019608 1 0.5019608 0.5019608 0.5019608 1 0.5019608 0.5019608 0.5019608 1 0.5019608 0.5019608 0.5019608 1 0.5019608 0.5019608 0.5019608 1 0.5019608 0.5019608 0.5019608 1</float_array>
          <technique_common>
            <accessor source="#mesh0_003-mesh-colors-colors0-array" count="3480" stride="4">
              <param name="R" type="float"/>
              <param name="G" type="float"/>
              <param name="B" type="float"/>
              <param name="A" type="float"/>
            </accessor>
          </technique_common>
        </source>
        <vertices id="mesh0_003-mesh-vertices">
          <input semantic="POSITION" source="#mesh0_003-mesh-positions"/>
        </vertices>
        <triangles material="lambert112_v_001-material" count="1160">
          <input semantic="VERTEX" source="#mesh0_003-mesh-vertices" offset="0"/>
          <input semantic="NORMAL" source="#mesh0_003-mesh-normals" offset="1"/>
          <input semantic="TEXCOORD" source="#mesh0_003-mesh-map-0" offset="2" set="0"/>
          <input semantic="COLOR" source="#mesh0_003-mesh-colors-colors0" offset="3" set="0"/>
          <p>2 0 0 0 1 1 1 1 0 2 2 2 3 3 3 3 1 1 4 4 2 0 5 5 4 4 6 6 3 3 7 7 2 0 8 8 5 5 9 9 3 3 10 10 4 4 11 11 7 6 12 12 0 2 13 13 6 7 14 14 2 0 15 15 0 2 16 16 7 6 17 17 8 8 18 18 2 0 19 19 7 6 20 20 4 4 21 21 2 0 22 22 8 8 23 23 11 9 24 24 10 10 25 25 9 11 26 26 12 12 27 27 10 10 28 28 11 9 29 29 13 13 30 30 12 12 31 31 11 9 32 32 14 14 33 33 12 12 34 34 13 13 35 35 17 15 36 36 16 16 37 37 15 17 38 38 18 18 39 39 16 16 40 40 17 15 41 41 19 19 42 42 18 18 43 43 17 15 44 44 20 20 45 45 18 18 46 46 19 19 47 47 23 21 48 48 22 22 49 49 21 23 50 50 24 24 51 51 22 22 52 52 23 21 53 53 25 25 54 54 24 24 55 55 23 21 56 56 26 26 57 57 24 24 58 58 25 25 59 59 29 27 60 60 28 28 61 61 27 23 62 62 30 29 63 63 28 28 64 64 29 27 65 65 31 30 66 66 30 29 67 67 29 27 68 68 32 31 69 69 30 29 70 70 31 30 71 71 34 32 72 72 27 23 73 73 33 33 74 74 29 27 75 75 27 23 76 76 34 32 77 77 35 34 78 78 29 27 79 79 34 32 80 80 31 30 81 81 29 27 82 82 35 34 83 83 38 35 84 84 37 36 85 85 36 37 86 86 39 38 87 87 37 36 88 88 38 35 89 89 40 39 90 90 39 38 91 91 38 35 92 92 41 40 93 93 39 38 94 94 40 39 95 95 44 41 96 96 43 42 97 97 42 43 98 98 45 44 99 99 43 42 100 100 44 41 101 101 46 45 102 102 45 44 103 103 44 41 104 104 47 46 105 105 45 44 106 106 46 45 107 107 50 47 108 108 49 48 109 109 48 49 110 110 51 50 111 111 49 48 112 112 50 47 113 113 9 11 114 114 51 50 115 115 50 47 116 116 10 10 117 117 51 50 118 118 9 11 119 119 54 51 120 120 53 52 121 121 52 53 122 122 55 54 123 123 53 52 124 124 54 51 125 125 56 55 126 126 55 54 127 127 54 51 128 128 57 56 129 129 55 54 130 130 56 55 131 131 54 51 132 132 58 57 133 133 56 55 134 134 59 58 135 135 58 57 136 136 54 51 137 137 52 53 138 138 59 58 139 139 54 51 140 140 60 59 141 141 59 58 142 142 52 53 143 143 62 60 144 144 21 23 145 145 61 33 146 146 23 21 147 147 21 23 148 148 62 60 149 149 63 61 150 150 23 21 151 151 62 60 152 152 25 25 153 153 23 21 154 154 63 61 155 155 64 62 156 156 14 14 157 157 13 13 158 158 65 63 159 159 14 14 160 160 64 62 161 161 42 43 162 162 65 63 163 163 64 62 164 164 43 42 165 165 65 63 166 166 42 43 167 167 68 64 168 168 67 65 169 169 66 66 170 170 69 67 171 171 67 65 172 172 68 64 173 173 70 68 174 174 69 67 175 175 68 64 176 176 71 69 177 177 69 67 178 178 70 68 179 179 73 70 180 180 15 17 181 181 72 71 182 182 17 15 183 183 15 17 184 184 73 70 185 185 74 72 186 186 17 15 187 187 73 70 188 188 19 19 189 189 17 15 190 190 74 72 191 191 68 64 192 192 75 73 193 193 70 68 194 194 76 74 195 195 75 73 196 196 68 64 197 197 66 66 198 198 76 74 199 199 68 64 200 200 77 75 201 201 76 74 202 202 66 66 203 203 80 76 204 204 79 77 205 205 78 78 206 206 81 79 207 207 79 77 208 208 80 76 209 209 82 80 210 210 81 79 211 211 80 76 212 212 83 81 213 213 81 79 214 214 82 80 215 215 86 82 216 216 85 83 217 217 84 84 218 218 87 85 219 219 85 83 220 220 86 82 221 221 88 86 222 222 87 85 223 223 86 82 224 224 89 87 225 225 87 85 226 226 88 86 227 227 81 79 228 228 90 88 229 229 79 77 230 230 91 89 231 231 90 88 232 232 81 79 233 233 83 81 234 234 91 89 235 235 81 79 236 236 92 90 237 237 91 89 238 238 83 81 239 239 94 91 240 240 84 84 241 241 93 92 242 242 86 82 243 243 84 84 244 244 94 91 245 245 95 93 246 246 86 82 247 247 94 91 248 248 88 86 249 249 86 82 250 250 95 93 251 251 97 94 252 252 36 37 253 253 96 95 254 254 38 35 255 255 36 37 256 256 97 94 257 257 98 96 258 258 38 35 259 259 97 94 260 260 40 39 261 261 38 35 262 262 98 96 263 263 101 97 264 264 100 98 265 265 99 99 266 266 102 100 267 267 100 98 268 268 101 97 269 269 103 101 270 270 102 100 271 271 101 97 272 272 104 102 273 273 102 100 274 274 103 101 275 275 105 103 276 276 48 49 277 277 49 48 278 278 106 104 279 279 48 49 280 280 105 103 281 281 47 46 282 282 106 104 283 283 105 103 284 284 46 45 285 285 106 104 286 286 47 46 287 287 102 100 288 288 107 105 289 289 100 98 290 290 108 106 291 291 107 105 292 292 102 100 293 293 104 102 294 294 108 106 295 295 102 100 296 296 109 107 297 297 108 106 298 298 104 102 299 299 112 108 300 300 111 109 301 301 110 110 302 302 113 111 303 303 111 109 304 304 112 108 305 305 114 112 306 306 113 111 307 307 112 108 308 308 117 113 309 309 116 114 310 310 115 115 311 311 118 116 312 312 116 114 313 313 117 113 314 314 119 117 315 315 118 116 316 316 117 113 317 317 122 118 318 318 121 119 319 319 120 120 320 320 123 121 321 321 121 119 322 322 122 118 323 323 124 122 324 324 123 121 325 325 122 118 326 326 127 123 327 327 126 124 328 328 125 125 329 329 128 126 330 330 126 124 331 331 127 123 332 332 129 127 333 333 128 126 334 334 127 123 335 335 132 128 336 336 131 129 337 337 130 130 338 338 133 131 339 339 131 129 340 340 132 128 341 341 5 5 342 342 133 131 343 343 132 128 344 344 136 132 345 345 135 133 346 346 134 134 347 347 137 135 348 348 135 133 349 349 136 132 350 350 138 136 351 351 137 135 352 352 136 132 353 353 141 137 354 354 140 138 355 355 139 139 356 356 142 140 357 357 140 138 358 358 141 137 359 359 143 141 360 360 142 140 361 361 141 137 362 362 146 142 363 363 145 143 364 364 144 144 365 365 147 145 366 366 145 143 367 367 146 142 368 368 148 146 369 369 147 145 370 370 146 142 371 371 151 147 372 372 150 148 373 373 149 149 374 374 152 150 375 375 150 148 376 376 151 147 377 377 153 151 378 378 152 150 379 379 151 147 380 380 156 152 381 381 155 153 382 382 154 154 383 383 157 155 384 384 155 153 385 385 156 152 386 386 158 156 387 387 157 155 388 388 156 152 389 389 161 157 390 390 160 158 391 391 159 159 392 392 162 160 393 393 160 158 394 394 161 157 395 395 163 161 396 396 162 160 397 397 161 157 398 398 166 162 399 399 165 163 400 400 164 164 401 401 167 165 402 402 165 163 403 403 166 162 404 404 170 166 405 405 169 167 406 406 168 168 407 407 171 169 408 408 169 167 409 409 170 166 410 410 76 74 411 411 172 170 412 412 75 73 413 413 173 171 414 414 172 170 415 415 76 74 416 416 76 74 417 417 174 172 418 418 173 171 419 419 77 75 420 420 174 172 421 421 76 74 422 422 177 173 423 423 176 174 424 424 175 173 425 425 178 175 426 426 176 174 427 427 177 173 428 428 181 176 429 429 180 177 430 430 179 178 431 431 182 179 432 432 180 177 433 433 181 176 434 434 185 180 435 435 184 181 436 436 183 182 437 437 186 183 438 438 184 181 439 439 185 180 440 440 189 184 441 441 188 185 442 442 187 186 443 443 190 187 444 444 188 185 445 445 189 184 446 446 181 176 447 447 191 188 448 448 182 179 449 449 192 189 450 450 191 188 451 451 181 176 452 452 179 178 453 453 192 189 454 454 181 176 455 455 193 190 456 456 192 189 457 457 179 178 458 458 196 191 459 459 195 192 460 460 194 193 461 461 197 194 462 462 195 192 463 463 196 191 464 464 200 195 465 465 199 196 466 466 198 197 467 467 201 198 468 468 199 196 469 469 200 195 470 470 204 199 471 471 203 200 472 472 202 201 473 473 205 202 474 474 203 200 475 475 204 199 476 476 71 69 477 477 165 163 478 478 69 67 479 479 164 164 480 480 165 163 481 481 71 69 482 482 208 203 483 483 207 204 484 484 206 205 485 485 209 206 486 486 207 204 487 487 208 203 488 488 70 68 489 489 211 207 490 490 210 208 491 491 75 73 492 492 211 207 493 493 70 68 494 494 213 209 495 495 206 205 496 496 212 210 497 497 208 203 498 498 206 205 499 499 213 209 500 500 216 211 501 501 215 212 502 502 214 213 503 503 217 214 504 504 215 212 505 505 216 211 506 506 220 215 507 507 219 216 508 508 218 217 509 509 221 218 510 510 219 216 511 511 220 215 512 512 224 219 513 513 223 220 514 514 222 221 515 515 225 222 516 516 223 220 517 517 224 219 518 518 228 223 519 519 227 224 520 520 226 225 521 521 229 226 522 522 227 224 523 523 228 223 524 524 232 227 525 525 231 228 526 526 230 229 527 527 233 230 528 528 231 228 529 529 232 227 530 530 236 231 531 531 235 232 532 532 234 233 533 533 237 234 534 534 235 232 535 535 236 231 536 536 240 235 537 537 239 236 538 538 238 237 539 539 241 238 540 540 239 236 541 541 240 235 542 542 242 239 543 543 240 235 544 544 237 234 545 545 241 238 546 546 240 235 547 547 242 239 548 548 235 232 549 549 243 240 550 550 234 233 551 551 238 237 552 552 243 240 553 553 235 232 554 554 246 241 555 555 245 242 556 556 244 243 557 557 247 244 558 558 245 242 559 559 246 241 560 560 250 245 561 561 249 246 562 562 248 247 563 563 251 248 564 564 249 246 565 565 250 245 566 566 246 241 567 567 252 249 568 568 247 244 569 569 253 250 570 570 252 249 571 571 246 241 572 572 256 251 573 573 255 252 574 574 254 253 575 575 257 254 576 576 255 252 577 577 256 251 578 578 244 243 579 579 253 250 580 580 246 241 581 581 258 255 582 582 253 250 583 583 244 243 584 584 261 256 585 585 260 257 586 586 259 258 587 587 262 259 588 588 260 257 589 589 261 256 590 590 265 260 591 591 264 261 592 592 263 262 593 593 266 263 594 594 264 261 595 595 265 260 596 596 269 264 597 597 268 265 598 598 267 266 599 599 270 267 600 600 268 265 601 601 269 264 602 602 273 268 603 603 272 269 604 604 271 270 605 605 274 271 606 606 272 269 607 607 273 268 608 608 277 272 609 609 276 273 610 610 275 274 611 611 278 275 612 612 276 273 613 613 277 272 614 614 155 153 615 615 158 156 616 616 279 276 617 617 157 155 618 618 158 156 619 619 155 153 620 620 282 277 621 621 281 278 622 622 280 279 623 623 283 280 624 624 281 278 625 625 282 277 626 626 286 281 627 627 285 282 628 628 284 283 629 629 287 284 630 630 285 282 631 631 286 281 632 632 290 285 633 633 289 286 634 634 288 287 635 635 291 288 636 636 289 286 637 637 290 285 638 638 257 254 639 639 233 230 640 640 255 252 641 641 231 228 642 642 233 230 643 643 257 254 644 644 88 86 645 645 293 289 646 646 292 290 647 647 95 93 648 648 293 289 649 649 88 86 650 650 296 291 651 651 295 292 652 652 294 293 653 653 297 294 654 654 295 292 655 655 296 291 656 656 299 295 657 657 288 287 658 658 298 296 659 659 290 285 660 660 288 287 661 661 299 295 662 662 302 297 663 663 301 298 664 664 300 299 665 665 303 300 666 666 301 298 667 667 302 297 668 668 306 301 669 669 305 302 670 670 304 303 671 671 307 304 672 672 305 302 673 673 306 301 674 674 308 305 675 675 170 166 676 676 168 168 677 677 187 186 678 678 170 166 679 679 308 305 680 680 188 185 681 681 309 306 682 682 171 169 683 683 190 187 684 684 309 306 685 685 188 185 686 686 312 307 687 687 311 308 688 688 310 309 689 689 313 310 690 690 311 308 691 691 312 307 692 692 316 311 693 693 315 312 694 694 314 313 695 695 317 314 696 696 315 312 697 697 316 311 698 698 320 315 699 699 319 316 700 700 318 317 701 701 321 318 702 702 319 316 703 703 320 315 704 704 324 319 705 705 323 320 706 706 322 321 707 707 325 322 708 708 323 320 709 709 324 319 710 710 328 323 711 711 327 324 712 712 326 325 713 713 329 326 714 714 327 324 715 715 328 323 716 716 329 326 717 717 331 327 718 718 330 328 719 719 328 323 720 720 331 327 721 721 329 326 722 722 334 329 723 723 333 330 724 724 332 331 725 725 335 332 726 726 333 330 727 727 334 329 728 728 338 333 729 729 337 334 730 730 336 335 731 731 339 336 732 732 337 334 733 733 338 333 734 734 342 337 735 735 341 338 736 736 340 339 737 737 343 340 738 738 341 338 739 739 342 337 740 740 346 341 741 741 345 342 742 742 344 343 743 743 347 344 744 744 345 342 745 745 346 341 746 746 347 344 747 747 349 345 748 748 348 346 749 749 346 341 750 750 349 345 751 751 347 344 752 752 341 338 753 753 350 347 754 754 340 339 755 755 351 348 756 756 350 347 757 757 341 338 758 758 354 349 759 759 353 350 760 760 352 351 761 761 355 352 762 762 353 350 763 763 354 349 764 764 101 97 765 765 357 353 766 766 356 354 767 767 99 99 768 768 357 353 769 769 101 97 770 770 360 355 771 771 359 356 772 772 358 356 773 773 361 357 774 774 359 356 775 775 360 355 776 776 364 358 777 777 363 359 778 778 362 360 779 779 365 361 780 780 363 359 781 781 364 358 782 782 101 97 783 783 366 362 784 784 103 101 785 785 356 354 786 786 366 362 787 787 101 97 788 788 109 107 789 789 353 350 790 790 108 106 791 791 352 351 792 792 353 350 793 793 109 107 794 794 369 363 795 795 368 364 796 796 367 365 797 797 370 366 798 798 368 364 799 799 369 363 800 800 373 367 801 801 372 368 802 802 371 369 803 803 374 370 804 804 372 368 805 805 373 367 806 806 377 371 807 807 376 372 808 808 375 373 809 809 378 374 810 810 376 372 811 811 377 371 812 812 381 375 813 813 380 376 814 814 379 377 815 815 382 375 816 816 380 376 817 817 381 375 818 818 104 102 819 819 384 378 820 820 383 379 821 821 103 101 822 822 384 378 823 823 104 102 824 824 387 380 825 825 386 381 826 826 385 382 827 827 388 383 828 828 386 381 829 829 387 380 830 830 391 384 831 831 390 385 832 832 389 386 833 833 392 387 834 834 390 385 835 835 391 384 836 836 394 388 837 837 389 386 838 838 393 389 839 839 391 384 840 840 389 386 841 841 394 388 842 842 396 390 843 843 392 387 844 844 395 391 845 845 390 385 846 846 392 387 847 847 396 390 848 848 397 392 849 849 273 268 850 850 271 270 851 851 398 393 852 852 273 268 853 853 397 392 854 854 400 394 855 855 399 395 856 856 274 271 857 857 401 396 858 858 399 395 859 859 400 394 860 860 402 397 861 861 400 394 862 862 398 393 863 863 401 396 864 864 400 394 865 865 402 397 866 866 405 398 867 867 404 399 868 868 403 400 869 869 406 401 870 870 404 399 871 871 405 398 872 872 409 402 873 873 408 403 874 874 407 402 875 875 410 404 876 876 408 403 877 877 409 402 878 878 209 206 879 879 411 405 880 880 207 204 881 881 412 406 882 882 411 405 883 883 209 206 884 884 415 407 885 885 414 408 886 886 413 409 887 887 416 410 888 888 414 408 889 889 415 407 890 890 419 411 891 891 418 412 892 892 417 413 893 893 420 414 894 894 418 412 895 895 419 411 896 896 423 415 897 897 422 416 898 898 421 417 899 899 424 418 900 900 422 416 901 901 423 415 902 902 425 419 903 903 201 198 904 904 200 195 905 905 426 420 906 906 201 198 907 907 425 419 908 908 203 200 909 909 428 421 910 910 427 422 911 911 205 202 912 912 428 421 913 913 203 200 914 914 431 423 915 915 430 424 916 916 429 425 917 917 432 426 918 918 430 424 919 919 431 423 920 920 435 427 921 921 434 428 922 922 433 429 923 923 436 430 924 924 434 428 925 925 435 427 926 926 437 431 927 927 436 430 928 928 435 427 929 929 438 432 930 930 436 430 931 931 437 431 932 932 430 424 933 933 440 433 934 934 439 434 935 935 432 426 936 936 440 433 937 937 430 424 938 938 443 435 939 939 442 436 940 940 441 437 941 941 444 438 942 942 442 436 943 943 443 435 944 944 447 439 945 945 446 440 946 946 445 441 947 947 448 442 948 948 446 440 949 949 447 439 950 950 450 443 951 951 445 441 952 952 449 444 953 953 447 439 954 954 445 441 955 955 450 443 956 956 452 445 957 957 448 442 958 958 451 446 959 959 446 440 960 960 448 442 961 961 452 445 962 962 455 447 963 963 454 448 964 964 453 449 965 965 456 450 966 966 454 448 967 967 455 447 968 968 459 451 969 969 458 452 970 970 457 453 971 971 460 454 972 972 458 452 973 973 459 451 974 974 461 455 975 975 459 451 976 976 456 450 977 977 460 454 978 978 459 451 979 979 461 455 980 980 454 448 981 981 462 456 982 982 453 449 983 983 457 453 984 984 462 456 985 985 454 448 986 986 370 366 987 987 371 369 988 988 368 364 989 989 373 367 990 990 371 369 991 991 370 366 992 992 465 457 993 993 464 458 994 994 463 459 995 995 466 460 996 996 464 458 997 997 465 457 998 998 469 461 999 999 468 462 1000 1000 467 463 1001 1001 470 464 1002 1002 468 462 1003 1003 469 461 1004 1004 473 465 1005 1005 472 466 1006 1006 471 467 1007 1007 474 468 1008 1008 472 466 1009 1009 473 465 1010 1010 477 469 1011 1011 476 470 1012 1012 475 471 1013 1013 478 472 1014 1014 476 470 1015 1015 477 469 1016 1016 150 148 1017 1017 153 151 1018 1018 479 473 1019 1019 152 150 1020 1020 153 151 1021 1021 150 148 1022 1022 482 474 1023 1023 481 475 1024 1024 480 476 1025 1025 483 477 1026 1026 481 475 1027 1027 482 474 1028 1028 486 478 1029 1029 485 479 1030 1030 484 480 1031 1031 487 481 1032 1032 485 479 1033 1033 486 478 1034 1034 490 482 1035 1035 489 483 1036 1036 488 484 1037 1037 491 485 1038 1038 489 483 1039 1039 490 482 1040 1040 493 486 1041 1041 484 480 1042 1042 492 487 1043 1043 486 478 1044 1044 484 480 1045 1045 493 486 1046 1046 496 488 1047 1047 495 489 1048 1048 494 490 1049 1049 497 491 1050 1050 495 489 1051 1051 496 488 1052 1052 500 492 1053 1053 499 493 1054 1054 498 494 1055 1055 501 495 1056 1056 499 493 1057 1057 500 492 1058 1058 504 496 1059 1059 503 497 1060 1060 502 498 1061 1061 505 499 1062 1062 503 497 1063 1063 504 496 1064 1064 313 310 1065 1065 506 500 1066 1066 311 308 1067 1067 507 501 1068 1068 506 500 1069 1069 313 310 1070 1070 510 502 1071 1071 509 503 1072 1072 508 504 1073 1073 511 505 1074 1074 509 503 1075 1075 510 502 1076 1076 514 506 1077 1077 513 507 1078 1078 512 508 1079 1079 515 509 1080 1080 513 507 1081 1081 514 506 1082 1082 34 32 1083 1083 517 510 1084 1084 516 511 1085 1085 33 33 1086 1086 517 510 1087 1087 34 32 1088 1088 520 512 1089 1089 519 513 1090 1090 518 514 1091 1091 521 515 1092 1092 519 513 1093 1093 520 512 1094 1094 34 32 1095 1095 522 516 1096 1096 35 34 1097 1097 516 511 1098 1098 522 516 1099 1099 34 32 1100 1100 32 31 1101 1101 513 507 1102 1102 30 29 1103 1103 512 508 1104 1104 513 507 1105 1105 32 31 1106 1106 525 517 1107 1107 524 518 1108 1108 523 519 1109 1109 526 520 1110 1110 524 518 1111 1111 525 517 1112 1112 528 521 1113 1113 523 519 1114 1114 527 522 1115 1115 525 517 1116 1116 523 519 1117 1117 528 521 1118 1118 526 520 1119 1119 529 523 1120 1120 524 518 1121 1121 530 523 1122 1122 529 523 1123 1123 526 520 1124 1124 533 524 1125 1125 532 525 1126 1126 531 526 1127 1127 534 527 1128 1128 532 525 1129 1129 533 524 1130 1130 537 528 1131 1131 536 529 1132 1132 535 530 1133 1133 538 531 1134 1134 536 529 1135 1135 537 528 1136 1136 31 30 1137 1137 540 532 1138 1138 539 533 1139 1139 35 34 1140 1140 540 532 1141 1141 31 30 1142 1142 543 534 1143 1143 542 535 1144 1144 541 536 1145 1145 544 537 1146 1146 542 535 1147 1147 543 534 1148 1148 547 538 1149 1149 546 539 1150 1150 545 540 1151 1151 548 541 1152 1152 546 539 1153 1153 547 538 1154 1154 550 542 1155 1155 545 540 1156 1156 549 543 1157 1157 547 538 1158 1158 545 540 1159 1159 550 542 1160 1160 552 544 1161 1161 548 541 1162 1162 551 545 1163 1163 546 539 1164 1164 548 541 1165 1165 552 544 1166 1166 555 546 1167 1167 554 547 1168 1168 553 548 1169 1169 556 549 1170 1170 554 547 1171 1171 555 546 1172 1172 556 549 1173 1173 557 550 1174 1174 554 547 1175 1175 558 551 1176 1176 557 550 1177 1177 556 549 1178 1178 561 552 1179 1179 560 553 1180 1180 559 554 1181 1181 562 555 1182 1182 560 553 1183 1183 561 552 1184 1184 121 119 1185 1185 124 122 1186 1186 563 556 1187 1187 123 121 1188 1188 124 122 1189 1189 121 119 1190 1190 566 557 1191 1191 565 558 1192 1192 564 559 1193 1193 567 560 1194 1194 565 558 1195 1195 566 557 1196 1196 570 561 1197 1197 569 562 1198 1198 568 563 1199 1199 571 564 1200 1200 569 562 1201 1201 570 561 1202 1202 574 565 1203 1203 573 566 1204 1204 572 567 1205 1205 575 568 1206 1206 573 566 1207 1207 574 565 1208 1208 578 569 1209 1209 577 570 1210 1210 576 571 1211 1211 579 572 1212 1212 577 570 1213 1213 578 569 1214 1214 582 573 1215 1215 581 574 1216 1216 580 575 1217 1217 583 576 1218 1218 581 574 1219 1219 582 573 1220 1220 580 575 1221 1221 585 577 1222 1222 584 578 1223 1223 581 574 1224 1224 585 577 1225 1225 580 575 1226 1226 588 579 1227 1227 587 580 1228 1228 586 581 1229 1229 589 582 1230 1230 587 580 1231 1231 588 579 1232 1232 580 575 1233 1233 590 583 1234 1234 582 573 1235 1235 584 578 1236 1236 590 583 1237 1237 580 575 1238 1238 593 584 1239 1239 592 585 1240 1240 591 584 1241 1241 594 586 1242 1242 592 585 1243 1243 593 584 1244 1244 597 587 1245 1245 596 588 1246 1246 595 589 1247 1247 598 588 1248 1248 596 588 1249 1249 597 587 1250 1250 596 588 1251 1251 599 590 1252 1252 594 586 1253 1253 598 588 1254 1254 599 590 1255 1255 596 588 1256 1256 600 591 1257 1257 593 584 1258 1258 591 584 1259 1259 595 589 1260 1260 593 584 1261 1261 600 591 1262 1262 603 592 1263 1263 602 593 1264 1264 601 594 1265 1265 604 595 1266 1266 602 593 1267 1267 603 592 1268 1268 607 596 1269 1269 606 597 1270 1270 605 598 1271 1271 608 599 1272 1272 606 597 1273 1273 607 596 1274 1274 611 600 1275 1275 610 601 1276 1276 609 602 1277 1277 612 603 1278 1278 610 601 1279 1279 611 600 1280 1280 130 130 1281 1281 3 3 1282 1282 132 128 1283 1283 613 604 1284 1284 3 3 1285 1285 130 130 1286 1286 615 605 1287 1287 55 54 1288 1288 614 606 1289 1289 616 607 1290 1290 55 54 1291 1291 615 605 1292 1292 618 608 1293 1293 24 24 1294 1294 617 609 1295 1295 619 610 1296 1296 24 24 1297 1297 618 608 1298 1298 622 611 1299 1299 621 612 1300 1300 620 613 1301 1301 623 614 1302 1302 621 612 1303 1303 622 611 1304 1304 626 615 1305 1305 625 616 1306 1306 624 617 1307 1307 627 618 1308 1308 625 616 1309 1309 626 615 1310 1310 630 619 1311 1311 629 620 1312 1312 628 621 1313 1313 631 622 1314 1314 629 620 1315 1315 630 619 1316 1316 633 623 1317 1317 87 85 1318 1318 632 624 1319 1319 634 625 1320 1320 87 85 1321 1321 633 623 1322 1322 636 626 1323 1323 91 89 1324 1324 635 627 1325 1325 637 628 1326 1326 91 89 1327 1327 636 626 1328 1328 639 629 1329 1329 39 38 1330 1330 638 630 1331 1331 640 631 1332 1332 39 38 1333 1333 639 629 1334 1334 167 165 1335 1335 69 67 1336 1336 165 163 1337 1337 641 632 1338 1338 69 67 1339 1339 167 165 1340 1340 644 633 1341 1341 643 634 1342 1342 642 635 1343 1343 645 636 1344 1344 643 634 1345 1345 644 633 1346 1346 648 637 1347 1347 647 638 1348 1348 646 639 1349 1349 649 640 1350 1350 647 638 1351 1351 648 637 1352 1352 355 352 1353 1353 108 106 1354 1354 353 350 1355 1355 650 641 1356 1356 108 106 1357 1357 355 352 1358 1358 653 642 1359 1359 652 643 1360 1360 651 644 1361 1361 654 645 1362 1362 652 643 1363 1363 653 642 1364 1364 657 646 1365 1365 656 647 1366 1366 655 648 1367 1367 658 649 1368 1368 656 647 1369 1369 657 646 1370 1370 658 649 1371 1371 660 650 1372 1372 659 651 1373 1373 657 646 1374 1374 660 650 1375 1375 658 649 1376 1376 661 652 1377 1377 510 502 1378 1378 508 504 1379 1379 662 653 1380 1380 510 502 1381 1381 661 652 1382 1382 665 654 1383 1383 664 655 1384 1384 663 656 1385 1385 666 657 1386 1386 664 655 1387 1387 665 654 1388 1388 669 658 1389 1389 668 659 1390 1390 667 660 1391 1391 670 661 1392 1392 668 659 1393 1393 669 658 1394 1394 673 662 1395 1395 672 663 1396 1396 671 664 1397 1397 674 665 1398 1398 672 663 1399 1399 673 662 1400 1400 674 665 1401 1401 676 666 1402 1402 675 667 1403 1403 673 662 1404 1404 676 666 1405 1405 674 665 1406 1406 679 668 1407 1407 678 669 1408 1408 677 670 1409 1409 680 671 1410 1410 678 669 1411 1411 679 668 1412 1412 683 672 1413 1413 682 673 1414 1414 681 674 1415 1415 684 675 1416 1416 682 673 1417 1417 683 672 1418 1418 687 676 1419 1419 686 677 1420 1420 685 678 1421 1421 688 679 1422 1422 686 677 1423 1423 687 676 1424 1424 691 680 1425 1425 690 681 1426 1426 689 682 1427 1427 692 683 1428 1428 690 681 1429 1429 691 680 1430 1430 692 683 1431 1431 693 684 1432 1432 690 681 1433 1433 694 685 1434 1434 693 684 1435 1435 692 683 1436 1436 697 686 1437 1437 696 687 1438 1438 695 688 1439 1439 698 689 1440 1440 696 687 1441 1441 697 686 1442 1442 515 509 1443 1443 30 29 1444 1444 513 507 1445 1445 699 690 1446 1446 30 29 1447 1447 515 509 1448 1448 702 691 1449 1449 701 692 1450 1450 700 693 1451 1451 703 694 1452 1452 701 692 1453 1453 702 691 1454 1454 706 695 1455 1455 705 696 1456 1456 704 697 1457 1457 707 618 1458 1458 705 696 1459 1459 706 695 1460 1460 709 698 1461 1461 18 18 1462 1462 708 699 1463 1463 710 700 1464 1464 18 18 1465 1465 709 698 1466 1466 713 701 1467 1467 712 702 1468 1468 711 703 1469 1469 714 704 1470 1470 712 702 1471 1471 713 701 1472 1472 717 705 1473 1473 716 706 1474 1474 715 707 1475 1475 718 708 1476 1476 716 706 1477 1477 717 705 1478 1478 721 709 1479 1479 720 710 1480 1480 719 711 1481 1481 722 712 1482 1482 720 710 1483 1483 721 709 1484 1484 725 713 1485 1485 724 714 1486 1486 723 715 1487 1487 726 716 1488 1488 724 714 1489 1489 725 713 1490 1490 729 717 1491 1491 728 718 1492 1492 727 719 1493 1493 730 720 1494 1494 728 718 1495 1495 729 717 1496 1496 116 114 1497 1497 119 117 1498 1498 731 721 1499 1499 118 116 1500 1500 119 117 1501 1501 116 114 1502 1502 734 722 1503 1503 733 723 1504 1504 732 724 1505 1505 735 725 1506 1506 733 723 1507 1507 734 722 1508 1508 738 726 1509 1509 737 727 1510 1510 736 728 1511 1511 739 727 1512 1512 737 727 1513 1513 738 726 1514 1514 742 729 1515 1515 741 730 1516 1516 740 731 1517 1517 743 732 1518 1518 741 730 1519 1519 742 729 1520 1520 287 284 1521 1521 744 733 1522 1522 285 282 1523 1523 745 734 1524 1524 744 733 1525 1525 287 284 1526 1526 748 735 1527 1527 747 736 1528 1528 746 737 1529 1529 749 738 1530 1530 747 736 1531 1531 748 735 1532 1532 752 739 1533 1533 751 740 1534 1534 750 741 1535 1535 753 742 1536 1536 751 740 1537 1537 752 739 1538 1538 756 743 1539 1539 755 744 1540 1540 754 745 1541 1541 757 746 1542 1542 755 744 1543 1543 756 743 1544 1544 760 747 1545 1545 759 748 1546 1546 758 749 1547 1547 761 750 1548 1548 759 748 1549 1549 760 747 1550 1550 763 751 1551 1551 758 749 1552 1552 762 752 1553 1553 760 747 1554 1554 758 749 1555 1555 763 751 1556 1556 766 753 1557 1557 765 754 1558 1558 764 755 1559 1559 767 756 1560 1560 765 754 1561 1561 766 753 1562 1562 770 757 1563 1563 769 758 1564 1564 768 759 1565 1565 771 760 1566 1566 769 758 1567 1567 770 757 1568 1568 771 760 1569 1569 218 217 1570 1570 769 758 1571 1571 220 215 1572 1572 218 217 1573 1573 771 760 1574 1574 89 87 1575 1575 632 624 1576 1576 87 85 1577 1577 772 761 1578 1578 632 624 1579 1579 89 87 1580 1580 94 91 1581 1581 773 762 1582 1582 95 93 1583 1583 357 353 1584 1584 773 762 1585 1585 94 91 1586 1586 775 763 1587 1587 362 360 1588 1588 774 764 1589 1589 776 765 1590 1590 362 360 1591 1591 775 763 1592 1592 779 766 1593 1593 778 767 1594 1594 777 768 1595 1595 780 769 1596 1596 778 767 1597 1597 779 766 1598 1598 94 91 1599 1599 516 511 1600 1600 357 353 1601 1601 93 92 1602 1602 516 511 1603 1603 94 91 1604 1604 782 770 1605 1605 774 764 1606 1606 781 771 1607 1607 783 770 1608 1608 774 764 1609 1609 782 770 1610 1610 786 772 1611 1611 785 773 1612 1612 784 774 1613 1613 787 775 1614 1614 785 773 1615 1615 786 772 1616 1616 787 775 1617 1617 789 776 1618 1618 788 777 1619 1619 786 772 1620 1620 789 776 1621 1621 787 775 1622 1622 792 778 1623 1623 791 779 1624 1624 790 780 1625 1625 793 781 1626 1626 791 779 1627 1627 792 778 1628 1628 796 782 1629 1629 795 783 1630 1630 794 784 1631 1631 797 785 1632 1632 795 783 1633 1633 796 782 1634 1634 800 786 1635 1635 799 787 1636 1636 798 788 1637 1637 801 789 1638 1638 799 787 1639 1639 800 786 1640 1640 804 790 1641 1641 803 791 1642 1642 802 792 1643 1643 805 793 1644 1644 803 791 1645 1645 804 790 1646 1646 805 793 1647 1647 807 794 1648 1648 806 795 1649 1649 804 790 1650 1650 807 794 1651 1651 805 793 1652 1652 810 796 1653 1653 809 797 1654 1654 808 798 1655 1655 811 799 1656 1656 809 797 1657 1657 810 796 1658 1658 814 800 1659 1659 813 801 1660 1660 812 802 1661 1661 815 803 1662 1662 813 801 1663 1663 814 800 1664 1664 818 804 1665 1665 817 805 1666 1666 816 806 1667 1667 819 807 1668 1668 817 805 1669 1669 818 804 1670 1670 822 591 1671 1671 821 584 1672 1672 820 584 1673 1673 823 808 1674 1674 821 584 1675 1675 822 591 1676 1676 826 809 1677 1677 825 590 1678 1678 824 810 1679 1679 827 588 1680 1680 825 590 1681 1681 826 809 1682 1682 828 811 1683 1683 826 809 1684 1684 823 808 1685 1685 827 588 1686 1686 826 809 1687 1687 828 811 1688 1688 821 584 1689 1689 829 812 1690 1690 820 584 1691 1691 824 810 1692 1692 829 812 1693 1693 821 584 1694 1694 831 813 1695 1695 617 609 1696 1696 830 814 1697 1697 618 608 1698 1698 617 609 1699 1699 831 813 1700 1700 62 60 1701 1701 832 815 1702 1702 174 172 1703 1703 61 33 1704 1704 832 815 1705 1705 62 60 1706 1706 835 816 1707 1707 834 817 1708 1708 833 514 1709 1709 836 512 1710 1710 834 817 1711 1711 835 816 1712 1712 838 818 1713 1713 226 225 1714 1714 837 819 1715 1715 839 820 1716 1716 226 225 1717 1717 838 818 1718 1718 62 60 1719 1719 840 821 1720 1720 63 61 1721 1721 174 172 1722 1722 840 821 1723 1723 62 60 1724 1724 26 26 1725 1725 617 609 1726 1726 24 24 1727 1727 830 814 1728 1728 617 609 1729 1729 26 26 1730 1730 842 822 1731 1731 736 728 1732 1732 841 823 1733 1733 738 726 1734 1734 736 728 1735 1735 842 822 1736 1736 844 824 1737 1737 841 823 1738 1738 843 825 1739 1739 842 822 1740 1740 841 823 1741 1741 844 824 1742 1742 847 826 1743 1743 846 827 1744 1744 845 828 1745 1745 848 829 1746 1746 846 827 1747 1747 847 826 1748 1748 25 25 1749 1749 850 532 1750 1750 849 533 1751 1751 63 61 1752 1752 850 532 1753 1753 25 25 1754 1754 853 830 1755 1755 852 831 1756 1756 851 832 1757 1757 854 833 1758 1758 852 831 1759 1759 853 830 1760 1760 711 703 1761 1761 856 834 1762 1762 855 835 1763 1763 712 702 1764 1764 856 834 1765 1765 711 703 1766 1766 859 836 1767 1767 858 837 1768 1768 857 838 1769 1769 860 839 1770 1770 858 837 1771 1771 859 836 1772 1772 711 703 1773 1773 861 840 1774 1774 713 701 1775 1775 855 835 1776 1776 861 840 1777 1777 711 703 1778 1778 864 841 1779 1779 863 842 1780 1780 862 843 1781 1781 865 844 1782 1782 863 842 1783 1783 864 841 1784 1784 868 845 1785 1785 867 846 1786 1786 866 847 1787 1787 869 848 1788 1788 867 846 1789 1789 868 845 1790 1790 870 849 1791 1791 632 624 1792 1792 772 761 1793 1793 633 623 1794 1794 632 624 1795 1795 870 849 1796 1796 791 779 1797 1797 871 850 1798 1798 790 780 1799 1799 872 851 1800 1800 871 850 1801 1801 791 779 1802 1802 875 852 1803 1803 874 853 1804 1804 873 854 1805 1805 876 855 1806 1806 874 853 1807 1807 875 852 1808 1808 876 855 1809 1809 877 856 1810 1810 874 853 1811 1811 878 857 1812 1812 877 856 1813 1813 876 855 1814 1814 881 858 1815 1815 880 859 1816 1816 879 860 1817 1817 882 861 1818 1818 880 859 1819 1819 881 858 1820 1820 885 862 1821 1821 884 863 1822 1822 883 864 1823 1823 886 865 1824 1824 884 863 1825 1825 885 862 1826 1826 889 866 1827 1827 888 867 1828 1828 887 868 1829 1829 890 869 1830 1830 888 867 1831 1831 889 866 1832 1832 887 868 1833 1833 892 870 1834 1834 891 871 1835 1835 888 867 1836 1836 892 870 1837 1837 887 868 1838 1838 894 872 1839 1839 885 862 1840 1840 893 873 1841 1841 886 865 1842 1842 885 862 1843 1843 894 872 1844 1844 852 831 1845 1845 896 874 1846 1846 895 875 1847 1847 854 833 1848 1848 896 874 1849 1849 852 831 1850 1850 899 876 1851 1851 898 877 1852 1852 897 878 1853 1853 900 879 1854 1854 898 877 1855 1855 899 876 1856 1856 897 878 1857 1857 902 880 1858 1858 901 881 1859 1859 898 877 1860 1860 902 880 1861 1861 897 878 1862 1862 905 882 1863 1863 904 883 1864 1864 903 884 1865 1865 906 885 1866 1866 904 883 1867 1867 905 882 1868 1868 909 886 1869 1869 908 887 1870 1870 907 888 1871 1871 910 889 1872 1872 908 887 1873 1873 909 886 1874 1874 913 890 1875 1875 912 891 1876 1876 911 892 1877 1877 914 893 1878 1878 912 891 1879 1879 913 890 1880 1880 917 894 1881 1881 916 895 1882 1882 915 896 1883 1883 918 897 1884 1884 916 895 1885 1885 917 894 1886 1886 921 898 1887 1887 920 899 1888 1888 919 900 1889 1889 922 901 1890 1890 920 899 1891 1891 921 898 1892 1892 925 902 1893 1893 924 903 1894 1894 923 904 1895 1895 926 905 1896 1896 924 903 1897 1897 925 902 1898 1898 929 906 1899 1899 928 907 1900 1900 927 908 1901 1901 930 909 1902 1902 928 907 1903 1903 929 906 1904 1904 933 910 1905 1905 932 911 1906 1906 931 912 1907 1907 934 913 1908 1908 932 911 1909 1909 933 910 1910 1910 934 913 1911 1911 936 914 1912 1912 935 915 1913 1913 933 910 1914 1914 936 914 1915 1915 934 913 1916 1916 928 907 1917 1917 937 916 1918 1918 927 908 1919 1919 938 917 1920 1920 937 916 1921 1921 928 907 1922 1922 940 918 1923 1923 708 699 1924 1924 939 919 1925 1925 709 698 1926 1926 708 699 1927 1927 940 918 1928 1928 73 70 1929 1929 356 354 1930 1930 941 920 1931 1931 72 71 1932 1932 356 354 1933 1933 73 70 1934 1934 944 921 1935 1935 943 922 1936 1936 942 922 1937 1937 945 921 1938 1938 943 922 1939 1939 944 921 1940 1940 947 923 1941 1941 946 924 1942 1942 363 359 1943 1943 948 925 1944 1944 946 924 1945 1945 947 923 1946 1946 73 70 1947 1947 949 926 1948 1948 74 72 1949 1949 941 920 1950 1950 949 926 1951 1951 73 70 1952 1952 20 20 1953 1953 708 699 1954 1954 18 18 1955 1955 939 919 1956 1956 708 699 1957 1957 20 20 1958 1958 952 927 1959 1959 951 928 1960 1960 950 929 1961 1961 953 930 1962 1962 951 928 1963 1963 952 927 1964 1964 955 931 1965 1965 878 857 1966 1966 954 932 1967 1967 877 856 1968 1968 878 857 1969 1969 955 931 1970 1970 956 933 1971 1971 864 841 1972 1972 862 843 1973 1973 866 847 1974 1974 864 841 1975 1975 956 933 1976 1976 867 846 1977 1977 957 934 1978 1978 865 844 1979 1979 869 848 1980 1980 957 934 1981 1981 867 846 1982 1982 960 935 1983 1983 959 936 1984 1984 958 937 1985 1985 961 938 1986 1986 959 936 1987 1987 960 935 1988 1988 964 939 1989 1989 963 940 1990 1990 962 941 1991 1991 965 942 1992 1992 963 940 1993 1993 964 939 1994 1994 19 19 1995 1995 967 943 1996 1996 966 944 1997 1997 74 72 1998 1998 967 943 1999 1999 19 19 2000 2000 970 945 2001 2001 969 946 2002 2002 968 947 2003 2003 971 948 2004 2004 969 946 2005 2005 970 945 2006 2006 974 949 2007 2007 973 950 2008 2008 972 951 2009 2009 975 952 2010 2010 973 950 2011 2011 974 949 2012 2012 977 953 2013 2013 972 951 2014 2014 976 954 2015 2015 974 949 2016 2016 972 951 2017 2017 977 953 2018 2018 979 955 2019 2019 975 952 2020 2020 978 956 2021 2021 973 950 2022 2022 975 952 2023 2023 979 955 2024 2024 982 957 2025 2025 981 958 2026 2026 980 959 2027 2027 983 960 2028 2028 981 958 2029 2029 982 957 2030 2030 986 961 2031 2031 985 962 2032 2032 984 847 2033 2033 987 963 2034 2034 985 962 2035 2035 986 961 2036 2036 988 964 2037 2037 986 961 2038 2038 983 960 2039 2039 987 963 2040 2040 986 961 2041 2041 988 964 2042 2042 981 958 2043 2043 989 965 2044 2044 980 959 2045 2045 984 847 2046 2046 989 965 2047 2047 981 958 2048 2048 992 966 2049 2049 991 967 2050 2050 990 968 2051 2051 993 969 2052 2052 991 967 2053 2053 992 966 2054 2054 996 970 2055 2055 995 971 2056 2056 994 972 2057 2057 997 973 2058 2058 995 971 2059 2059 996 970 2060 2060 111 109 2061 2061 114 112 2062 2062 998 974 2063 2063 113 111 2064 2064 114 112 2065 2065 111 109 2066 2066 1001 975 2067 2067 1000 976 2068 2068 999 977 2069 2069 1002 978 2070 2070 1000 976 2071 2071 1001 975 2072 2072 1005 979 2073 2073 1004 980 2074 2074 1003 981 2075 2075 1006 982 2076 2076 1004 980 2077 2077 1005 979 2078 2078 1007 983 2079 2079 914 893 2080 2080 913 890 2081 2081 1008 984 2082 2082 914 893 2083 2083 1007 983 2084 2084 908 887 2085 2085 1010 985 2086 2086 1009 986 2087 2087 910 889 2088 2088 1010 985 2089 2089 908 887 2090 2090 1013 987 2091 2091 1012 988 2092 2092 1011 989 2093 2093 1014 990 2094 2094 1012 988 2095 2095 1013 987 2096 2096 1017 991 2097 2097 1016 992 2098 2098 1015 993 2099 2099 1018 994 2100 2100 1016 992 2101 2101 1017 991 2102 2102 1020 995 2103 2103 1015 993 2104 2104 1019 996 2105 2105 1017 991 2106 2106 1015 993 2107 2107 1020 995 2108 2108 1022 997 2109 2109 1018 994 2110 2110 1021 998 2111 2111 1016 992 2112 2112 1018 994 2113 2113 1022 997 2114 2114 1025 999 2115 2115 1024 1000 2116 2116 1023 1001 2117 2117 1026 1002 2118 2118 1024 1000 2119 2119 1025 999 2120 2120 1029 1003 2121 2121 1028 1004 2122 2122 1027 1005 2123 2123 1030 1006 2124 2124 1028 1004 2125 2125 1029 1003 2126 2126 1031 1007 2127 2127 1029 1003 2128 2128 1026 1002 2129 2129 1030 1006 2130 2130 1029 1003 2131 2131 1031 1007 2132 2132 1024 1000 2133 2133 1032 1008 2134 2134 1023 1001 2135 2135 1027 1005 2136 2136 1032 1008 2137 2137 1024 1000 2138 2138 1035 1009 2139 2139 1034 1010 2140 2140 1033 1011 2141 2141 1036 1012 2142 2142 1034 1010 2143 2143 1035 1009 2144 2144 1039 1013 2145 2145 1038 1014 2146 2146 1037 1015 2147 2147 1040 1016 2148 2148 1038 1014 2149 2149 1039 1013 2150 2150 1043 1017 2151 2151 1042 1018 2152 2152 1041 1019 2153 2153 1044 1020 2154 2154 1042 1018 2155 2155 1043 1017 2156 2156 1041 1019 2157 2157 1046 1021 2158 2158 1045 1022 2159 2159 1042 1018 2160 2160 1046 1021 2161 2161 1041 1019 2162 2162 1049 1023 2163 2163 1048 1024 2164 2164 1047 1025 2165 2165 1050 1026 2166 2166 1048 1024 2167 2167 1049 1023 2168 2168 1050 1026 2169 2169 1051 1027 2170 2170 1048 1024 2171 2171 1052 1028 2172 2172 1051 1027 2173 2173 1050 1026 2174 2174 1055 1029 2175 2175 1054 1030 2176 2176 1053 1031 2177 2177 1056 1032 2178 2178 1054 1030 2179 2179 1055 1029 2180 2180 1059 1033 2181 2181 1058 1034 2182 2182 1057 1035 2183 2183 1060 1036 2184 2184 1058 1034 2185 2185 1059 1033 2186 2186 1063 1037 2187 2187 1062 1038 2188 2188 1061 1039 2189 2189 1064 1040 2190 2190 1062 1038 2191 2191 1063 1037 2192 2192 1067 1041 2193 2193 1066 1042 2194 2194 1065 1043 2195 2195 1068 1044 2196 2196 1066 1042 2197 2197 1067 1041 2198 2198 1071 1045 2199 2199 1070 1046 2200 2200 1069 1047 2201 2201 1072 1048 2202 2202 1070 1046 2203 2203 1071 1045 2204 2204 1068 1044 2205 2205 1073 1049 2206 2206 1066 1042 2207 2207 1074 1050 2208 2208 1073 1049 2209 2209 1068 1044 2210 2210 1077 1051 2211 2211 1076 1052 2212 2212 1075 1053 2213 2213 1078 1054 2214 2214 1076 1052 2215 2215 1077 1051 2216 2216 160 158 2217 2217 163 161 2218 2218 1079 1055 2219 2219 162 160 2220 2220 163 161 2221 2221 160 158 2222 2222 1082 1056 2223 2223 1081 1057 2224 2224 1080 1058 2225 2225 1083 1059 2226 2226 1081 1057 2227 2227 1082 1056 2228 2228 1086 1060 2229 2229 1085 1061 2230 2230 1084 1062 2231 2231 1087 1063 2232 2232 1085 1061 2233 2233 1086 1060 2234 2234 950 929 2235 2235 1088 1064 2236 2236 952 927 2237 2237 1089 1065 2238 2238 1088 1064 2239 2239 950 929 2240 2240 953 930 2241 2241 1090 1066 2242 2242 951 928 2243 2243 1091 1067 2244 2244 1090 1066 2245 2245 953 930 2246 2246 1035 1009 2247 2247 1092 1068 2248 2248 1036 1012 2249 2249 1093 1069 2250 2250 1092 1068 2251 2251 1035 1009 2252 2252 1096 1070 2253 2253 1095 1071 2254 2254 1094 1072 2255 2255 1097 1073 2256 2256 1095 1071 2257 2257 1096 1070 2258 2258 1100 1074 2259 2259 1099 1075 2260 2260 1098 1076 2261 2261 1101 1077 2262 2262 1099 1075 2263 2263 1100 1074 2264 2264 1104 1078 2265 2265 1103 1079 2266 2266 1102 1080 2267 2267 1105 1081 2268 2268 1103 1079 2269 2269 1104 1078 2270 2270 1108 1082 2271 2271 1107 1083 2272 2272 1106 1084 2273 2273 1109 1085 2274 2274 1107 1083 2275 2275 1108 1082 2276 2276 1111 1086 2277 2277 1106 1084 2278 2278 1110 1087 2279 2279 1108 1082 2280 2280 1106 1084 2281 2281 1111 1086 2282 2282 1113 1088 2283 2283 1109 1085 2284 2284 1112 1089 2285 2285 1107 1083 2286 2286 1109 1085 2287 2287 1113 1088 2288 2288 1116 1090 2289 2289 1115 1091 2290 2290 1114 1092 2291 2291 1117 1093 2292 2292 1115 1091 2293 2293 1116 1090 2294 2294 1120 1094 2295 2295 1119 1095 2296 2296 1118 1096 2297 2297 1121 1097 2298 2298 1119 1095 2299 2299 1120 1094 2300 2300 1122 1098 2301 2301 1120 1094 2302 2302 1117 1093 2303 2303 1121 1097 2304 2304 1120 1094 2305 2305 1122 1098 2306 2306 1033 1011 2307 2307 1093 1069 2308 2308 1035 1009 2309 2309 1123 1099 2310 2310 1093 1069 2311 2311 1033 1011 2312 2312 1126 1100 2313 2313 1125 1101 2314 2314 1124 1102 2315 2315 1127 1103 2316 2316 1125 1101 2317 2317 1126 1100 2318 2318 1130 1104 2319 2319 1129 1105 2320 2320 1128 1106 2321 2321 1131 1107 2322 2322 1129 1105 2323 2323 1130 1104 2324 2324 1134 1108 2325 2325 1133 1109 2326 2326 1132 1108 2327 2327 1135 1109 2328 2328 1133 1109 2329 2329 1134 1108 2330 2330 1138 1110 2331 2331 1137 1111 2332 2332 1136 1112 2333 2333 1139 1113 2334 2334 1137 1111 2335 2335 1138 1110 2336 2336 1142 1114 2337 2337 1141 1115 2338 2338 1140 1116 2339 2339 1143 1117 2340 2340 1141 1115 2341 2341 1142 1114 2342 2342 1146 1118 2343 2343 1145 1119 2344 2344 1144 1120 2345 2345 1147 1121 2346 2346 1145 1119 2347 2347 1146 1118 2348 2348 140 138 2349 2349 143 141 2350 2350 1148 1122 2351 2351 142 140 2352 2352 143 141 2353 2353 140 138 2354 2354 1151 1123 2355 2355 1150 1124 2356 2356 1149 1125 2357 2357 1152 1126 2358 2358 1150 1124 2359 2359 1151 1123 2360 2360 1155 1127 2361 2361 1154 1128 2362 2362 1153 1129 2363 2363 1156 1130 2364 2364 1154 1128 2365 2365 1155 1127 2366 2366 1159 1131 2367 2367 1158 1132 2368 2368 1157 1133 2369 2369 1160 1134 2370 2370 1158 1132 2371 2371 1159 1131 2372 2372 1162 1135 2373 2373 1153 1129 2374 2374 1161 1136 2375 2375 1155 1127 2376 2376 1153 1129 2377 2377 1162 1135 2378 2378 1165 1137 2379 2379 1164 1138 2380 2380 1163 1139 2381 2381 1166 1140 2382 2382 1164 1138 2383 2383 1165 1137 2384 2384 1169 1141 2385 2385 1168 1142 2386 2386 1167 1143 2387 2387 1170 1144 2388 2388 1168 1142 2389 2389 1169 1141 2390 2390 40 39 2391 2391 1172 1145 2392 2392 1171 1146 2393 2393 98 96 2394 2394 1172 1145 2395 2395 40 39 2396 2396 1175 1147 2397 2397 1174 1148 2398 2398 1173 1149 2399 2399 1176 1150 2400 2400 1174 1148 2401 2401 1175 1147 2402 2402 1179 1151 2403 2403 1178 1152 2404 2404 1177 1153 2405 2405 1180 1154 2406 2406 1178 1152 2407 2407 1179 1151 2408 2408 1181 1155 2409 2409 1180 1154 2410 2410 1179 1151 2411 2411 1182 1156 2412 2412 1180 1154 2413 2413 1181 1155 2414 2414 1185 1157 2415 2415 1184 1158 2416 2416 1183 1159 2417 2417 1186 1160 2418 2418 1184 1158 2419 2419 1185 1157 2420 2420 1188 1161 2421 2421 1184 1158 2422 2422 1187 1162 2423 2423 1189 1163 2424 2424 1184 1158 2425 2425 1188 1161 2426 2426 1184 1158 2427 2427 1190 1164 2428 2428 1187 1162 2429 2429 1186 1160 2430 2430 1190 1164 2431 2431 1184 1158 2432 2432 1191 1165 2433 2433 1184 1158 2434 2434 1189 1163 2435 2435 1192 1166 2436 2436 1184 1158 2437 2437 1191 1165 2438 2438 1193 1167 2439 2439 1184 1158 2440 2440 1192 1166 2441 2441 1183 1159 2442 2442 1184 1158 2443 2443 1193 1167 2444 2444 1196 1168 2445 2445 1195 1169 2446 2446 1194 1170 2447 2447 1197 1171 2448 2448 1195 1169 2449 2449 1196 1168 2450 2450 1200 1172 2451 2451 1199 1173 2452 2452 1198 1174 2453 2453 1201 1175 2454 2454 1199 1173 2455 2455 1200 1172 2456 2456 918 897 2457 2457 1203 1176 2458 2458 1202 1177 2459 2459 917 894 2460 2460 1203 1176 2461 2461 918 897 2462 2462 1206 1178 2463 2463 1205 1179 2464 2464 1204 1180 2465 2465 1207 1181 2466 2466 1205 1179 2467 2467 1206 1178 2468 2468 1210 1182 2469 2469 1209 1183 2470 2470 1208 1184 2471 2471 1211 1185 2472 2472 1209 1183 2473 2473 1210 1182 2474 2474 126 124 2475 2475 129 127 2476 2476 1212 1186 2477 2477 128 126 2478 2478 129 127 2479 2479 126 124 2480 2480 1215 1187 2481 2481 1214 1188 2482 2482 1213 1189 2483 2483 1216 1190 2484 2484 1214 1188 2485 2485 1215 1187 2486 2486 1219 1191 2487 2487 1218 1192 2488 2488 1217 1193 2489 2489 1220 1194 2490 2490 1218 1192 2491 2491 1219 1191 2492 2492 1223 1195 2493 2493 1222 1196 2494 2494 1221 1197 2495 2495 1224 1198 2496 2496 1222 1196 2497 2497 1223 1195 2498 2498 1226 1199 2499 2499 1217 1193 2500 2500 1225 1200 2501 2501 1219 1191 2502 2502 1217 1193 2503 2503 1226 1199 2504 2504 1229 1201 2505 2505 1228 1202 2506 2506 1227 1203 2507 2507 1230 1204 2508 2508 1228 1202 2509 2509 1229 1201 2510 2510 1115 1091 2511 2511 1231 1205 2512 2512 1114 1092 2513 2513 1118 1096 2514 2514 1231 1205 2515 2515 1115 1091 2516 2516 1234 1206 2517 2517 1233 1207 2518 2518 1232 1208 2519 2519 1235 1209 2520 2520 1233 1207 2521 2521 1234 1206 2522 2522 1238 1210 2523 2523 1237 1211 2524 2524 1236 1212 2525 2525 1239 1213 2526 2526 1237 1211 2527 2527 1238 1210 2528 2528 1234 1206 2529 2529 1240 1214 2530 2530 1235 1209 2531 2531 1241 1215 2532 2532 1240 1214 2533 2533 1234 1206 2534 2534 1232 1208 2535 2535 1241 1215 2536 2536 1234 1206 2537 2537 1242 1216 2538 2538 1241 1215 2539 2539 1232 1208 2540 2540 1094 1072 2541 2541 1244 1217 2542 2542 1243 1218 2543 2543 1095 1071 2544 2544 1244 1217 2545 2545 1094 1072 2546 2546 1246 1219 2547 2547 1100 1074 2548 2548 1245 1220 2549 2549 1101 1077 2550 2550 1100 1074 2551 2551 1246 1219 2552 2552 1174 1148 2553 2553 1248 1221 2554 2554 1247 1222 2555 2555 1176 1150 2556 2556 1248 1221 2557 2557 1174 1148 2558 2558 1251 1223 2559 2559 1250 1224 2560 2560 1249 1225 2561 2561 1252 1226 2562 2562 1250 1224 2563 2563 1251 1223 2564 2564 1255 1227 2565 2565 1254 1228 2566 2566 1253 1229 2567 2567 1256 1230 2568 2568 1254 1228 2569 2569 1255 1227 2570 2570 1259 1231 2571 2571 1258 1232 2572 2572 1257 1233 2573 2573 1260 255 2574 2574 1258 1232 2575 2575 1259 1231 2576 2576 1257 1233 2577 2577 1262 1234 2578 2578 1261 1235 2579 2579 1258 1232 2580 2580 1262 1234 2581 2581 1257 1233 2582 2582 1265 1236 2583 2583 1264 1237 2584 2584 1263 1238 2585 2585 1266 1239 2586 2586 1264 1237 2587 2587 1265 1236 2588 2588 1257 1233 2589 2589 1267 1240 2590 2590 1259 1231 2591 2591 1261 1235 2592 2592 1267 1240 2593 2593 1257 1233 2594 2594 1270 1241 2595 2595 1269 1242 2596 2596 1268 1243 2597 2597 1271 1244 2598 2598 1269 1242 2599 2599 1270 1241 2600 2600 1274 929 2601 2601 1273 1245 2602 2602 1272 1246 2603 2603 1275 1065 2604 2604 1273 1245 2605 2605 1274 929 2606 2606 1278 1067 2607 2607 1277 1247 2608 2608 1276 1248 2609 2609 1279 1249 2610 2610 1277 1247 2611 2611 1278 1067 2612 2612 1279 1249 2613 2613 1272 1246 2614 2614 1277 1247 2615 2615 1274 929 2616 2616 1272 1246 2617 2617 1279 1249 2618 2618 41 40 2619 2619 638 630 2620 2620 39 38 2621 2621 1280 1250 2622 2622 638 630 2623 2623 41 40 2624 2624 97 94 2625 2625 1281 1251 2626 2626 98 96 2627 2627 1282 1252 2628 2628 1281 1251 2629 2629 97 94 2630 2630 1285 1253 2631 2631 1284 1254 2632 2632 1283 1255 2633 2633 1286 1256 2634 2634 1284 1254 2635 2635 1285 1253 2636 2636 1289 1257 2637 2637 1288 1258 2638 2638 1287 1259 2639 2639 1290 1257 2640 2640 1288 1258 2641 2641 1289 1257 2642 2642 1293 585 2643 2643 1292 1260 2644 2644 1291 810 2645 2645 1294 1261 2646 2646 1292 1260 2647 2647 1293 585 2648 2648 1297 1262 2649 2649 1296 1263 2650 2650 1295 1264 2651 2651 1298 1265 2652 2652 1296 1263 2653 2653 1297 1262 2654 2654 1301 1266 2655 2655 1300 395 2656 2656 1299 1267 2657 2657 1302 1268 2658 2658 1300 395 2659 2659 1301 1266 2660 2660 1303 1269 2661 2661 1301 1266 2662 2662 1298 1265 2663 2663 1302 1268 2664 2664 1301 1266 2665 2665 1303 1269 2666 2666 1296 1263 2667 2667 1304 1270 2668 2668 1295 1264 2669 2669 1299 1267 2670 2670 1304 1270 2671 2671 1296 1263 2672 2672 7 6 2673 2673 173 171 2674 2674 1305 1271 2675 2675 6 7 2676 2676 173 171 2677 2677 7 6 2678 2678 1308 1272 2679 2679 1307 355 2680 2680 1306 355 2681 2681 1309 1272 2682 2682 1307 355 2683 2683 1308 1272 2684 2684 1310 1273 2685 2685 1283 1255 2686 2686 227 224 2687 2687 1311 1274 2688 2688 1283 1255 2689 2689 1310 1273 2690 2690 1314 1275 2691 2691 1313 1276 2692 2692 1312 1277 2693 2693 1315 1278 2694 2694 1313 1276 2695 2695 1314 1275 2696 2696 1318 1279 2697 2697 1317 1280 2698 2698 1316 1281 2699 2699 1319 1282 2700 2700 1317 1280 2701 2701 1318 1279 2702 2702 145 143 2703 2703 148 146 2704 2704 1320 1283 2705 2705 147 145 2706 2706 148 146 2707 2707 145 143 2708 2708 1323 1284 2709 2709 1322 1285 2710 2710 1321 1286 2711 2711 1324 1287 2712 2712 1322 1285 2713 2713 1323 1284 2714 2714 1327 1288 2715 2715 1326 1289 2716 2716 1325 1290 2717 2717 1328 1291 2718 2718 1326 1289 2719 2719 1327 1288 2720 2720 1331 1292 2721 2721 1330 1293 2722 2722 1329 1294 2723 2723 1332 1295 2724 2724 1330 1293 2725 2725 1331 1292 2726 2726 1334 1296 2727 2727 1325 1290 2728 2728 1333 1297 2729 2729 1327 1288 2730 2730 1325 1290 2731 2731 1334 1296 2732 2732 1337 1298 2733 2733 1336 1299 2734 2734 1335 1300 2735 2735 1338 1301 2736 2736 1336 1299 2737 2737 1337 1298 2738 2738 1341 1302 2739 2739 1340 1303 2740 2740 1339 1304 2741 2741 1342 1305 2742 2742 1340 1303 2743 2743 1341 1302 2744 2744 1345 1306 2745 2745 1344 1307 2746 2746 1343 1308 2747 2747 1346 1309 2748 2748 1344 1307 2749 2749 1345 1306 2750 2750 1349 1310 2751 2751 1348 1311 2752 2752 1347 1312 2753 2753 1350 1313 2754 2754 1348 1311 2755 2755 1349 1310 2756 2756 1351 1314 2757 2757 1349 1310 2758 2758 1346 1309 2759 2759 1350 1313 2760 2760 1349 1310 2761 2761 1351 1314 2762 2762 1344 1307 2763 2763 1352 1315 2764 2764 1343 1308 2765 2765 1347 1312 2766 2766 1352 1315 2767 2767 1344 1307 2768 2768 1353 1316 2769 2769 638 630 2770 2770 1280 1250 2771 2771 639 629 2772 2772 638 630 2773 2773 1353 1316 2774 2774 97 94 2775 2775 1305 1271 2776 2776 1282 1252 2777 2777 96 95 2778 2778 1305 1271 2779 2779 97 94 2780 2780 1356 1317 2781 2781 1355 1318 2782 2782 1354 1319 2783 2783 1357 1320 2784 2784 1355 1318 2785 2785 1356 1317 2786 2786 1360 1321 2787 2787 1359 1322 2788 2788 1358 1323 2789 2789 1361 1324 2790 2790 1359 1322 2791 2791 1360 1321 2792 2792 1364 1325 2793 2793 1363 1326 2794 2794 1362 1327 2795 2795 1365 1328 2796 2796 1363 1326 2797 2797 1364 1325 2798 2798 1368 1329 2799 2799 1367 1330 2800 2800 1366 1331 2801 2801 1369 1332 2802 2802 1367 1330 2803 2803 1368 1329 2804 2804 1372 1333 2805 2805 1371 1334 2806 2806 1370 1335 2807 2807 1373 1336 2808 2808 1371 1334 2809 2809 1372 1333 2810 2810 1373 1336 2811 2811 1375 1337 2812 2812 1374 1338 2813 2813 1372 1333 2814 2814 1375 1337 2815 2815 1373 1336 2816 2816 1367 1330 2817 2817 1376 1339 2818 2818 1366 1331 2819 2819 1377 1340 2820 2820 1376 1339 2821 2821 1367 1330 2822 2822 1379 1341 2823 2823 614 606 2824 2824 1378 1342 2825 2825 615 605 2826 2826 614 606 2827 2827 1379 1341 2828 2828 277 272 2829 2829 1380 1343 2830 2830 278 275 2831 2831 1381 1344 2832 2832 1380 1343 2833 2833 277 272 2834 2834 275 274 2835 2835 1381 1344 2836 2836 277 272 2837 2837 1382 1345 2838 2838 1381 1344 2839 2839 275 274 2840 2840 1385 1346 2841 2841 1384 1347 2842 2842 1383 1348 2843 2843 1386 1349 2844 2844 1384 1347 2845 2845 1385 1346 2846 2846 1389 1350 2847 2847 1388 1351 2848 2848 1387 1352 2849 2849 1390 1353 2850 2850 1388 1351 2851 2851 1389 1350 2852 2852 1393 1354 2853 2853 1392 1355 2854 2854 1391 1356 2855 2855 1394 1357 2856 2856 1392 1355 2857 2857 1393 1354 2858 2858 1397 1358 2859 2859 1396 1359 2860 2860 1395 1360 2861 2861 1398 1361 2862 2862 1396 1359 2863 2863 1397 1358 2864 2864 135 133 2865 2865 138 136 2866 2866 1399 1362 2867 2867 137 135 2868 2868 138 136 2869 2869 135 133 2870 2870 1402 1363 2871 2871 1401 1364 2872 2872 1400 1365 2873 2873 1403 1366 2874 2874 1401 1364 2875 2875 1402 1363 2876 2876 1406 1367 2877 2877 1405 1368 2878 2878 1404 1369 2879 2879 1407 1370 2880 2880 1405 1368 2881 2881 1406 1367 2882 2882 1410 1371 2883 2883 1409 1372 2884 2884 1408 1373 2885 2885 1411 1374 2886 2886 1409 1372 2887 2887 1410 1371 2888 2888 1413 1375 2889 2889 1404 1369 2890 2890 1412 1376 2891 2891 1406 1367 2892 2892 1404 1369 2893 2893 1413 1375 2894 2894 1416 1377 2895 2895 1415 1378 2896 2896 1414 1379 2897 2897 1417 1380 2898 2898 1415 1378 2899 2899 1416 1377 2900 2900 7 6 2901 2901 1418 1381 2902 2902 8 8 2903 2903 1305 1271 2904 2904 1418 1381 2905 2905 7 6 2906 2906 1421 1382 2907 2907 1420 1383 2908 2908 1419 1384 2909 2909 1422 1385 2910 2910 1420 1383 2911 2911 1421 1382 2912 2912 1424 1386 2913 2913 1419 1384 2914 2914 1423 1386 2915 2915 1421 1382 2916 2916 1419 1384 2917 2917 1424 1386 2918 2918 1422 1385 2919 2919 1425 1387 2920 2920 1420 1383 2921 2921 1426 1388 2922 2922 1425 1387 2923 2923 1422 1385 2924 2924 1429 1389 2925 2925 1428 1390 2926 2926 1427 1391 2927 2927 1430 1392 2928 2928 1428 1390 2929 2929 1429 1389 2930 2930 1433 1393 2931 2931 1432 1394 2932 2932 1431 1395 2933 2933 1434 1396 2934 2934 1432 1394 2935 2935 1433 1393 2936 2936 1437 1397 2937 2937 1436 1398 2938 2938 1435 1399 2939 2939 1438 1400 2940 2940 1436 1398 2941 2941 1437 1397 2942 2942 1440 1401 2943 2943 1435 1399 2944 2944 1439 1402 2945 2945 1437 1397 2946 2946 1435 1399 2947 2947 1440 1401 2948 2948 1443 1403 2949 2949 1442 1404 2950 2950 1441 1405 2951 2951 1444 1406 2952 2952 1442 1404 2953 2953 1443 1403 2954 2954 1447 1407 2955 2955 1446 1408 2956 2956 1445 1409 2957 2957 1448 1410 2958 2958 1446 1408 2959 2959 1447 1407 2960 2960 1451 1411 2961 2961 1450 1411 2962 2962 1449 1412 2963 2963 1452 1413 2964 2964 1450 1411 2965 2965 1451 1411 2966 2966 1357 1320 2967 2967 1454 1414 2968 2968 1453 1415 2969 2969 1356 1317 2970 2970 1454 1414 2971 2971 1357 1320 2972 2972 1457 1416 2973 2973 1456 1417 2974 2974 1455 1418 2975 2975 1458 1419 2976 2976 1456 1417 2977 2977 1457 1416 2978 2978 1461 1420 2979 2979 1460 1421 2980 2980 1459 1422 2981 2981 1462 1423 2982 2982 1460 1421 2983 2983 1461 1420 2984 2984 1465 1424 2985 2985 1464 1425 2986 2986 1463 1426 2987 2987 1466 1427 2988 2988 1464 1425 2989 2989 1465 1424 2990 2990 1469 1428 2991 2991 1468 1429 2992 2992 1467 1430 2993 2993 1470 1431 2994 2994 1468 1429 2995 2995 1469 1428 2996 2996 1472 1432 2997 2997 1467 1430 2998 2998 1471 1433 2999 2999 1469 1428 3000 3000 1467 1430 3001 3001 1472 1432 3002 3002 1474 1434 3003 3003 1470 1431 3004 3004 1473 1435 3005 3005 1468 1429 3006 3006 1470 1431 3007 3007 1474 1434 3008 3008 1477 590 3009 3009 1476 1436 3010 3010 1475 1437 3011 3011 1291 810 3012 3012 1476 1436 3013 3013 1477 590 3014 3014 1292 1260 3015 3015 1479 591 3016 3016 1478 1438 3017 3017 1294 1261 3018 3018 1479 591 3019 3019 1292 1260 3020 3020 1482 1439 3021 3021 1481 1440 3022 3022 1480 581 3023 3023 1483 1441 3024 3024 1481 1440 3025 3025 1482 1439 3026 3026 1486 1442 3027 3027 1485 1443 3028 3028 1484 1444 3029 3029 1487 1445 3030 3030 1485 1443 3031 3031 1486 1442 3032 3032 1490 1446 3033 3033 1489 1447 3034 3034 1488 1448 3035 3035 1491 1449 3036 3036 1489 1447 3037 3037 1490 1446 3038 3038 1494 1450 3039 3039 1493 1451 3040 3040 1492 1452 3041 3041 1495 1453 3042 3042 1493 1451 3043 3043 1494 1450 3044 3044 1493 1451 3045 3045 1496 1454 3046 3046 1491 1449 3047 3047 1495 1453 3048 3048 1496 1454 3049 3049 1493 1451 3050 3050 1497 1455 3051 3051 1490 1446 3052 3052 1488 1448 3053 3053 1492 1452 3054 3054 1490 1446 3055 3055 1497 1455 3056 3056 1500 1456 3057 3057 1499 1457 3058 3058 1498 1458 3059 3059 1501 1459 3060 3060 1499 1457 3061 3061 1500 1456 3062 3062 1504 1460 3063 3063 1503 1461 3064 3064 1502 1462 3065 3065 1505 1463 3066 3066 1503 1461 3067 3067 1504 1460 3068 3068 1505 1463 3069 3069 1501 1459 3070 3070 1503 1461 3071 3071 1499 1457 3072 3072 1501 1459 3073 3073 1505 1463 3074 3074 1508 1464 3075 3075 1507 1465 3076 3076 1506 989 3077 3077 1509 1466 3078 3078 1507 1465 3079 3079 1508 1464 3080 3080 1512 1467 3081 3081 1511 1468 3082 3082 1510 1469 3083 3083 1513 1470 3084 3084 1511 1468 3085 3085 1512 1467 3086 3086 1006 982 3087 3087 1514 1471 3088 3088 1004 980 3089 3089 1515 1472 3090 3090 1514 1471 3091 3091 1006 982 3092 3092 1518 1473 3093 3093 1517 1474 3094 3094 1516 1475 3095 3095 1519 1476 3096 3096 1517 1474 3097 3097 1518 1473 3098 3098 1522 1477 3099 3099 1521 1478 3100 3100 1520 1479 3101 3101 1523 1480 3102 3102 1521 1478 3103 3103 1522 1477 3104 3104 1526 1481 3105 3105 1525 1482 3106 3106 1524 1483 3107 3107 1527 1484 3108 3108 1525 1482 3109 3109 1526 1481 3110 3110 1528 1485 3111 3111 1526 1481 3112 3112 1523 1480 3113 3113 1527 1484 3114 3114 1526 1481 3115 3115 1528 1485 3116 3116 1521 1478 3117 3117 1529 1486 3118 3118 1520 1479 3119 3119 1524 1483 3120 3120 1529 1486 3121 3121 1521 1478 3122 3122 1532 1487 3123 3123 1531 1488 3124 3124 1530 1489 3125 3125 1533 1490 3126 3126 1531 1488 3127 3127 1532 1487 3128 3128 4 4 3129 3129 1535 1491 3130 3130 1534 1492 3131 3131 8 8 3132 3132 1535 1491 3133 3133 4 4 3134 3134 1538 1493 3135 3135 1537 1494 3136 3136 1536 1495 3137 3137 1539 1496 3138 3138 1537 1494 3139 3139 1538 1493 3140 3140 1542 1497 3141 3141 1541 1498 3142 3142 1540 1499 3143 3143 1543 1500 3144 3144 1541 1498 3145 3145 1542 1497 3146 3146 1544 1501 3147 3147 1543 1500 3148 3148 1542 1497 3149 3149 1545 1502 3150 3150 1543 1500 3151 3151 1544 1501 3152 3152 1537 1494 3153 3153 1547 1503 3154 3154 1546 1504 3155 3155 1539 1496 3156 3156 1547 1503 3157 3157 1537 1494 3158 3158 1549 1505 3159 3159 1461 1420 3160 3160 1548 1506 3161 3161 1462 1423 3162 3162 1461 1420 3163 3163 1549 1505 3164 3164 1455 1418 3165 3165 1551 1507 3166 3166 1550 1508 3167 3167 1456 1417 3168 3168 1551 1507 3169 3169 1455 1418 3170 3170 1554 1509 3171 3171 1553 1510 3172 3172 1552 1511 3173 3173 1555 1512 3174 3174 1553 1510 3175 3175 1554 1509 3176 3176 1558 1513 3177 3177 1557 1514 3178 3178 1556 1515 3179 3179 1559 1516 3180 3180 1557 1514 3181 3181 1558 1513 3182 3182 1562 1517 3183 3183 1561 1518 3184 3184 1560 1519 3185 3185 1563 1520 3186 3186 1561 1518 3187 3187 1562 1517 3188 3188 83 81 3189 3189 1565 1521 3190 3190 1564 1522 3191 3191 82 80 3192 3192 1565 1521 3193 3193 83 81 3194 3194 1567 1523 3195 3195 905 882 3196 3196 1566 1524 3197 3197 906 885 3198 3198 905 882 3199 3199 1567 1523 3200 3200 1570 1525 3201 3201 1569 1526 3202 3202 1568 1527 3203 3203 1571 1528 3204 3204 1569 1526 3205 3205 1570 1525 3206 3206 1574 1529 3207 3207 1573 1530 3208 3208 1572 1531 3209 3209 1575 1532 3210 3210 1573 1530 3211 3211 1574 1529 3212 3212 1578 1533 3213 3213 1577 1534 3214 3214 1576 1535 3215 3215 1579 1536 3216 3216 1577 1534 3217 3217 1578 1533 3218 3218 1582 1537 3219 3219 1581 1538 3220 3220 1580 1539 3221 3221 1583 1540 3222 3222 1581 1538 3223 3223 1582 1537 3224 3224 1576 1535 3225 3225 1585 1541 3226 3226 1584 1542 3227 3227 1577 1534 3228 3228 1585 1541 3229 3229 1576 1535 3230 3230 1588 1543 3231 3231 1587 1544 3232 3232 1586 1545 3233 3233 1589 1546 3234 3234 1587 1544 3235 3235 1588 1543 3236 3236 1592 1547 3237 3237 1591 1548 3238 3238 1590 1549 3239 3239 1593 1550 3240 3240 1591 1548 3241 3241 1592 1547 3242 3242 56 55 3243 3243 1595 1551 3244 3244 1594 1552 3245 3245 58 57 3246 3246 1595 1551 3247 3247 56 55 3248 3248 1576 1535 3249 3249 1596 1553 3250 3250 1578 1533 3251 3251 1584 1542 3252 3252 1596 1553 3253 3253 1576 1535 3254 3254 1599 1554 3255 3255 1598 1555 3256 3256 1597 1556 3257 3257 1600 1557 3258 3258 1598 1555 3259 3259 1599 1554 3260 3260 1603 1558 3261 3261 1602 1559 3262 3262 1601 1560 3263 3263 1604 1561 3264 3264 1602 1559 3265 3265 1603 1558 3266 3266 1607 1562 3267 3267 1606 1563 3268 3268 1605 1564 3269 3269 1608 1565 3270 3270 1606 1563 3271 3271 1607 1562 3272 3272 1476 1436 3273 3273 1609 587 3274 3274 1475 1437 3275 3275 1478 1438 3276 3276 1609 587 3277 3277 1476 1436 3278 3278 1612 1566 3279 3279 1611 1567 3280 3280 1610 1568 3281 3281 1613 1569 3282 3282 1611 1567 3283 3283 1612 1566 3284 3284 1616 1570 3285 3285 1615 1571 3286 3286 1614 1572 3287 3287 1617 1573 3288 3288 1615 1571 3289 3289 1616 1570 3290 3290 1619 1574 3291 3291 635 627 3292 3292 1618 1575 3293 3293 636 626 3294 3294 635 627 3295 3295 1619 1574 3296 3296 80 76 3297 3297 1282 1252 3298 3298 832 815 3299 3299 78 78 3300 3300 1282 1252 3301 3301 80 76 3302 3302 1622 1568 3303 3303 1621 1576 3304 3304 1620 1577 3305 3305 1623 1578 3306 3306 1621 1576 3307 3307 1622 1568 3308 3308 1486 1442 3309 3309 1624 1579 3310 3310 1487 1445 3311 3311 1625 1580 3312 3312 1624 1579 3313 3313 1486 1442 3314 3314 1626 1581 3315 3315 781 771 3316 3316 946 924 3317 3317 1627 1582 3318 3318 781 771 3319 3319 1626 1581 3320 3320 1484 1444 3321 3321 1625 1580 3322 3322 1486 1442 3323 3323 1628 1583 3324 3324 1625 1580 3325 3325 1484 1444 3326 3326 1614 1572 3327 3327 1601 1560 3328 3328 1616 1570 3329 3329 1603 1558 3330 3330 1601 1560 3331 3331 1614 1572 3332 3332 1631 1584 3333 3333 1630 1585 3334 3334 1629 1586 3335 3335 1632 1587 3336 3336 1630 1585 3337 3337 1631 1584 3338 3338 59 58 3339 3339 941 920 3340 3340 517 510 3341 3341 60 59 3342 3342 941 920 3343 3343 59 58 3344 3344 57 56 3345 3345 614 606 3346 3346 55 54 3347 3347 1378 1342 3348 3348 614 606 3349 3349 57 56 3350 3350 59 58 3351 3351 1633 1588 3352 3352 58 57 3353 3353 517 510 3354 3354 1633 1588 3355 3355 59 58 3356 3356 1634 1589 3357 3357 837 819 3358 3358 1284 1254 3359 3359 1635 1590 3360 3360 837 819 3361 3361 1634 1589 3362 3362 1638 1591 3363 3363 1637 1592 3364 3364 1636 1593 3365 3365 1639 1594 3366 3366 1637 1592 3367 3367 1638 1591 3368 3368 80 76 3369 3369 1640 1595 3370 3370 82 80 3371 3371 832 815 3372 3372 1640 1595 3373 3373 80 76 3374 3374 1639 1594 3375 3375 1552 1511 3376 3376 1637 1592 3377 3377 1554 1509 3378 3378 1552 1511 3379 3379 1639 1594 3380 3380 92 90 3381 3381 635 627 3382 3382 91 89 3383 3383 1618 1575 3384 3384 635 627 3385 3385 92 90 3386 3386 127 123 3387 3387 1641 1596 3388 3388 129 127 3389 3389 87 85 3390 3390 634 625 3391 3391 85 83 3392 3392 3 3 3393 3393 613 604 3394 3394 1 1 3395 3395 629 620 3396 3396 631 622 3397 3397 1642 1597 3398 3398 606 597 3399 3399 608 599 3400 3400 1643 1598 3401 3401 112 108 3402 3402 1644 1599 3403 3403 114 112 3404 3404 625 616 3405 3405 627 618 3406 3406 1645 1600 3407 3407 621 612 3408 3408 623 614 3409 3409 1646 1601 3410 3410 55 54 3411 3411 616 607 3412 3412 53 52 3413 3413 136 132 3414 3414 1647 1602 3415 3415 138 136 3416 3416 24 24 3417 3417 619 610 3418 3418 22 22 3419 3419 610 601 3420 3420 612 603 3421 3421 1648 1603 3422 3422 156 152 3423 3423 1649 1604 3424 3424 158 156 3425 3425 146 142 3426 3426 1650 1605 3427 3427 148 146 3428 3428 117 113 3429 3429 1651 1606 3430 3430 119 117 3431 3431 151 147 3432 3432 1652 1607 3433 3433 153 151 3434 3434 161 157 3435 3435 1653 1608 3436 3436 163 161 3437 3437 30 29 3438 3438 699 690 3439 3439 28 28 3440 3440 141 137 3441 3441 1654 1609 3442 3442 143 141 3443 3443 701 692 3444 3444 703 694 3445 3445 1655 1610 3446 3446 705 696 3447 3447 707 618 3448 3448 1656 1600 3449 3449 18 18 3450 3450 710 700 3451 3451 16 16 3452 3452 652 643 3453 3453 654 645 3454 3454 1657 1611 3455 3455 5 5 3456 3456 132 128 3457 3457 3 3 3458 3458 108 106 3459 3459 650 641 3460 3460 107 105 3461 3461 647 638 3462 3462 649 640 3463 3463 1658 1612 3464 3464 643 634 3465 3465 645 636 3466 3466 1659 1613 3467 3467 122 118 3468 3468 1660 1614 3469 3469 124 122 3470 3470 69 67 3471 3471 641 632 3472 3472 67 65 3473 3473 39 38 3474 3474 640 631 3475 3475 37 36 3476 3476 91 89 3477 3477 637 628 3478 3478 90 88 3479 3479</p>
        </triangles>
      </mesh>
    </geometry>
  </library_geometries>
  <library_controllers>
    <controller id="Armature_001_m1-skin" name="Armature.001">
      <skin source="#mesh1_003-mesh">
        <bind_shape_matrix>1 0 0 0 0 1 0 0 0 0 1 0 0 0 0 1</bind_shape_matrix>
        <source id="Armature_001_m1-skin-joints">
          <Name_array id="Armature_001_m1-skin-joints-array" count="4">root Skanran kanran_obj kanran1</Name_array>
          <technique_common>
            <accessor source="#Armature_001_m1-skin-joints-array" count="4" stride="1">
              <param name="JOINT" type="name"/>
            </accessor>
          </technique_common>
        </source>
        <source id="Armature_001_m1-skin-bind_poses">
          <float_array id="Armature_001_m1-skin-bind_poses-array" count="64">100 0 0 0 0 7.54979e-6 100 0 0 -100 7.54979e-6 0 0 0 0 1 100 0 0 0 0 7.54979e-6 100 0 0 -100 7.54979e-6 0 0 0 0 1 100 0 0 0 0 7.54979e-6 100 0 0 -100 7.54979e-6 0 0 0 0 1 -100 -1.50996e-5 0 0 0 7.54979e-6 100 0 -1.50996e-5 100 -7.54979e-6 0 0 0 0 1</float_array>
          <technique_common>
            <accessor source="#Armature_001_m1-skin-bind_poses-array" count="4" stride="16">
              <param name="TRANSFORM" type="float4x4"/>
            </accessor>
          </technique_common>
        </source>
        <source id="Armature_001_m1-skin-weights">
          <float_array id="Armature_001_m1-skin-weights-array" count="1065">1 1 1 1 1 1 1 1 1 1 1 1 1 1 1 1 1 1 1 1 1 1 1 1 1 1 1 1 1 1 1 1 1 1 1 1 1 1 1 1 1 1 1 1 1 1 1 1 1 1 1 1 1 1 1 1 1 1 1 1 1 1 1 1 1 1 1 1 1 1 1 1 1 1 1 1 1 1 1 1 1 1 1 1 1 1 1 1 1 1 1 1 1 1 1 1 1 1 1 1 1 1 1 1 1 1 1 1 1 1 1 1 1 1 1 1 1 1 1 1 1 1 1 1 1 1 1 1 1 1 1 1 1 1 1 1 1 1 1 1 1 1 1 1 1 1 1 1 1 1 1 1 1 1 1 1 1 1 1 1 1 1 1 1 1 1 1 1 1 1 1 1 1 1 1 1 1 1 1 1 1 1 1 1 1 1 1 1 1 1 1 1 1 1 1 1 1 1 1 1 1 1 1 1 1 1 1 1 1 1 1 1 1 1 1 1 1 1 1 1 1 1 1 1 1 1 1 1 1 1 1 1 1 1 1 1 1 1 1 1 1 1 1 1 1 1 1 1 1 1 1 1 1 1 1 1 1 1 1 1 1 1 1 1 1 1 1 1 1 1 1 1 1 1 1 1 1 1 1 1 1 1 1 1 1 1 1 1 1 1 1 1 1 1 1 1 1 1 1 1 1 1 1 1 1 1 1 1 1 1 1 1 1 1 1 1 1 1 1 1 1 1 1 1 1 1 1 1 1 1 1 1 1 1 1 1 1 1 1 1 1 1 1 1 1 1 1 1 1 1 1 1 1 1 1 1 1 1 1 1 1 1 1 1 1 1 1 1 1 1 1 1 1 1 1 1 1 1 1 1 1 1 1 1 1 1 1 1 1 1 1 1 1 1 1 1 1 1 1 1 1 1 1 1 1 1 1 1 1 1 1 1 1 1 1 1 1 1 1 1 1 1 1 1 1 1 1 1 1 1 1 1 1 1 1 1 1 1 1 1 1 1 1 1 1 1 1 1 1 1 1 1 1 1 1 1 1 1 1 1 1 1 1 1 1 1 1 1 1 1 1 1 1 1 1 1 1 1 1 1 1 1 1 1 1 1 1 1 1 1 1 1 1 1 1 1 1 1 1 1 1 1 1 1 1 1 1 1 1 1 1 1 1 1 1 1 1 1 1 1 1 1 1 1 1 1 1 1 1 1 1 1 1 1 1 1 1 1 1 1 1 1 1 1 1 1 1 1 1 1 1 1 1 1 1 1 1 1 1 1 1 1 1 1 1 1 1 1 1 1 1 1 1 1 1 1 1 1 1 1 1 1 1 1 1 1 1 1 1 1 1 1 1 1 1 1 1 1 1 1 1 1 1 1 1 1 1 1 1 1 1 1 1 1 1 1 1 1 1 1 1 1 1 1 1 1 1 1 1 1 1 1 1 1 1 1 1 1 1 1 1 1 1 1 1 1 1 1 1 1 1 1 1 1 1 1 1 1 1 1 1 1 1 1 1 1 1 1 1 1 1 1 1 1 1 1 1 1 1 1 1 1 1 1 1 1 1 1 1 1 1 1 1 1 1 1 1 1 1 1 1 1 1 1 1 1 1 1 1 1 1 1 1 1 1 1 1 1 1 1 1 1 1 1 1 1 1 1 1 1 1 1 1 1 1 1 1 1 1 1 1 1 1 1 1 1 1 1 1 1 1 1 1 1 1 1 1 1 1 1 1 1 1 1 1 1 1 1 1 1 1 1 1 1 1 1 1 1 1 1 1 1 1 1 1 1 1 1 1 1 1 1 1 1 1 1 1 1 1 1 1 1 1 1 1 1 1 1 1 1 1 1 1 1 1 1 1 1 1 1 1 1 1 1 1 1 1 1 1 1 1 1 1 1 1 1 1 1 1 1 1 1 1 1 1 1 1 1 1 1 1 1 1 1 1 1 1 1 1 1 1 1 1 1 1 1 1 1 1 1 1 1 1 1 1 1 1 1 1 1 1 1 1 1 1 1 1 1 1 1 1 1 1 1 1 1 1 1 1 1 1 1 1 1 1 1 1 1 1 1 1 1 1 1 1 1 1 1 1 1 1 1 1 1 1 1 1 1 1 1 1 1 1 1 1 1 1 1 1 1 1 1 1 1 1 1 1 1 1 1 1 1 1 1 1 1 1 1 1 1 1 1 1 1 1 1 1 1 1 1 1 1 1 1 1 1 1 1 1 1 1 1 1 1 1 1 1 1 1 1 1 1 1 1 1 1 1 1 1 1 1 1 1 1 1 1 1 1 1 1 1 1 1 1 1 1 1 1 1 1 1 1 1 1 1 1 1 1 1 1 1 1 1 1 1 1 1 1 1 1 1 1 1 1 1 1 1 1 1 1 1 1 1 1 1 1 1 1 1 1 1 1 1 1 1</float_array>
          <technique_common>
            <accessor source="#Armature_001_m1-skin-weights-array" count="1065" stride="1">
              <param name="WEIGHT" type="float"/>
            </accessor>
          </technique_common>
        </source>
        <joints>
          <input semantic="JOINT" source="#Armature_001_m1-skin-joints"/>
          <input semantic="INV_BIND_MATRIX" source="#Armature_001_m1-skin-bind_poses"/>
        </joints>
        <vertex_weights count="1065">
          <input semantic="JOINT" source="#Armature_001_m1-skin-joints" offset="0"/>
          <input semantic="WEIGHT" source="#Armature_001_m1-skin-weights" offset="1"/>
          <vcount>1 1 1 1 1 1 1 1 1 1 1 1 1 1 1 1 1 1 1 1 1 1 1 1 1 1 1 1 1 1 1 1 1 1 1 1 1 1 1 1 1 1 1 1 1 1 1 1 1 1 1 1 1 1 1 1 1 1 1 1 1 1 1 1 1 1 1 1 1 1 1 1 1 1 1 1 1 1 1 1 1 1 1 1 1 1 1 1 1 1 1 1 1 1 1 1 1 1 1 1 1 1 1 1 1 1 1 1 1 1 1 1 1 1 1 1 1 1 1 1 1 1 1 1 1 1 1 1 1 1 1 1 1 1 1 1 1 1 1 1 1 1 1 1 1 1 1 1 1 1 1 1 1 1 1 1 1 1 1 1 1 1 1 1 1 1 1 1 1 1 1 1 1 1 1 1 1 1 1 1 1 1 1 1 1 1 1 1 1 1 1 1 1 1 1 1 1 1 1 1 1 1 1 1 1 1 1 1 1 1 1 1 1 1 1 1 1 1 1 1 1 1 1 1 1 1 1 1 1 1 1 1 1 1 1 1 1 1 1 1 1 1 1 1 1 1 1 1 1 1 1 1 1 1 1 1 1 1 1 1 1 1 1 1 1 1 1 1 1 1 1 1 1 1 1 1 1 1 1 1 1 1 1 1 1 1 1 1 1 1 1 1 1 1 1 1 1 1 1 1 1 1 1 1 1 1 1 1 1 1 1 1 1 1 1 1 1 1 1 1 1 1 1 1 1 1 1 1 1 1 1 1 1 1 1 1 1 1 1 1 1 1 1 1 1 1 1 1 1 1 1 1 1 1 1 1 1 1 1 1 1 1 1 1 1 1 1 1 1 1 1 1 1 1 1 1 1 1 1 1 1 1 1 1 1 1 1 1 1 1 1 1 1 1 1 1 1 1 1 1 1 1 1 1 1 1 1 1 1 1 1 1 1 1 1 1 1 1 1 1 1 1 1 1 1 1 1 1 1 1 1 1 1 1 1 1 1 1 1 1 1 1 1 1 1 1 1 1 1 1 1 1 1 1 1 1 1 1 1 1 1 1 1 1 1 1 1 1 1 1 1 1 1 1 1 1 1 1 1 1 1 1 1 1 1 1 1 1 1 1 1 1 1 1 1 1 1 1 1 1 1 1 1 1 1 1 1 1 1 1 1 1 1 1 1 1 1 1 1 1 1 1 1 1 1 1 1 1 1 1 1 1 1 1 1 1 1 1 1 1 1 1 1 1 1 1 1 1 1 1 1 1 1 1 1 1 1 1 1 1 1 1 1 1 1 1 1 1 1 1 1 1 1 1 1 1 1 1 1 1 1 1 1 1 1 1 1 1 1 1 1 1 1 1 1 1 1 1 1 1 1 1 1 1 1 1 1 1 1 1 1 1 1 1 1 1 1 1 1 1 1 1 1 1 1 1 1 1 1 1 1 1 1 1 1 1 1 1 1 1 1 1 1 1 1 1 1 1 1 1 1 1 1 1 1 1 1 1 1 1 1 1 1 1 1 1 1 1 1 1 1 1 1 1 1 1 1 1 1 1 1 1 1 1 1 1 1 1 1 1 1 1 1 1 1 1 1 1 1 1 1 1 1 1 1 1 1 1 1 1 1 1 1 1 1 1 1 1 1 1 1 1 1 1 1 1 1 1 1 1 1 1 1 1 1 1 1 1 1 1 1 1 1 1 1 1 1 1 1 1 1 1 1 1 1 1 1 1 1 1 1 1 1 1 1 1 1 1 1 1 1 1 1 1 1 1 1 1 1 1 1 1 1 1 1 1 1 1 1 1 1 1 1 1 1 1 1 1 1 1 1 1 1 1 1 1 1 1 1 1 1 1 1 1 1 1 1 1 1 1 1 1 1 1 1 1 1 1 1 1 1 1 1 1 1 1 1 1 1 1 1 1 1 1 1 1 1 1 1 1 1 1 1 1 1 1 1 1 1 1 1 1 1 1 1 1 1 1 1 1 1 1 1 1 1 1 1 1 1 1 1 1 1 1 1 1 1 1 1 1 1 1 1 1 1 1 1 1 1 1 1 1 1 1 1 1 1 1 1 1 1 1 1 1 1 1 1 1 1 1 1 1 1 1 1 1 1 1 1 1 1 1 1 1 1 1 1 1 1 1 1 1 1 1 1 1 1 1 1 1 1 1 1 1 1 1 1 1 1 1 1 1 1 1 1 1 1 1 1 1 1 1 1 1 1 1 1 1 1 1 1 1 1 1 1 1 1 1 1 1 1 1 1 1 1 1 1 1 1 1 1 1 1 1 1 1 1 1 1 1 1 1 1 1 1 1 1 1 1 1 1 1 1 1 1 1 1 1 1 1 1 1 1 1 1 1 1 1 1 1 1 1 1 1 1 1 1 1 1 1 1 1 1 1 1 1 1 1 1 1 1 1 1 1 1 </vcount>
          <v>3 0 3 1 3 2 3 3 3 4 3 5 3 6 3 7 3 8 3 9 3 10 3 11 3 12 3 13 3 14 3 15 3 16 3 17 3 18 3 19 3 20 3 21 3 22 3 23 3 24 3 25 3 26 3 27 3 28 3 29 3 30 3 31 3 32 3 33 3 34 3 35 3 36 3 37 3 38 3 39 3 40 3 41 3 42 3 43 3 44 3 45 3 46 3 47 3 48 3 49 3 50 3 51 3 52 3 53 3 54 3 55 3 56 3 57 3 58 3 59 3 60 3 61 3 62 3 63 3 64 3 65 3 66 3 67 3 68 3 69 3 70 3 71 3 72 3 73 3 74 3 75 3 76 3 77 3 78 3 79 3 80 3 81 3 82 3 83 3 84 3 85 3 86 3 87 3 88 3 89 3 90 3 91 3 92 3 93 3 94 3 95 3 96 3 97 3 98 3 99 3 100 3 101 3 102 3 103 3 104 3 105 3 106 3 107 3 108 3 109 3 110 3 111 3 112 3 113 3 114 3 115 3 116 3 117 3 118 3 119 3 120 3 121 3 122 3 123 3 124 3 125 3 126 3 127 3 128 3 129 3 130 3 131 3 132 3 133 3 134 3 135 3 136 3 137 3 138 3 139 3 140 3 141 3 142 3 143 3 144 3 145 3 146 3 147 3 148 3 149 3 150 3 151 3 152 3 153 3 154 3 155 3 156 3 157 3 158 3 159 3 160 3 161 3 162 3 163 3 164 3 165 3 166 3 167 3 168 3 169 3 170 3 171 3 172 3 173 3 174 3 175 3 176 3 177 3 178 3 179 3 180 3 181 3 182 3 183 3 184 3 185 3 186 3 187 3 188 3 189 3 190 3 191 3 192 3 193 3 194 3 195 3 196 3 197 3 198 3 199 3 200 3 201 3 202 3 203 3 204 3 205 3 206 3 207 3 208 3 209 3 210 3 211 3 212 3 213 3 214 3 215 3 216 3 217 3 218 3 219 3 220 3 221 3 222 3 223 3 224 3 225 3 226 3 227 3 228 3 229 3 230 3 231 3 232 3 233 3 234 3 235 3 236 3 237 3 238 3 239 3 240 3 241 3 242 3 243 3 244 3 245 3 246 3 247 3 248 3 249 3 250 3 251 3 252 3 253 3 254 3 255 3 256 3 257 3 258 3 259 3 260 3 261 3 262 3 263 3 264 3 265 3 266 3 267 3 268 3 269 3 270 3 271 3 272 3 273 3 274 3 275 3 276 3 277 3 278 3 279 3 280 3 281 3 282 3 283 3 284 3 285 3 286 3 287 3 288 3 289 3 290 3 291 3 292 3 293 3 294 3 295 3 296 3 297 3 298 3 299 3 300 3 301 3 302 3 303 3 304 3 305 3 306 3 307 3 308 3 309 3 310 3 311 3 312 3 313 3 314 3 315 3 316 3 317 3 318 3 319 3 320 3 321 3 322 3 323 3 324 3 325 3 326 3 327 3 328 3 329 3 330 3 331 3 332 3 333 3 334 3 335 3 336 3 337 3 338 3 339 3 340 3 341 3 342 3 343 3 344 3 345 3 346 3 347 3 348 3 349 3 350 3 351 3 352 3 353 3 354 3 355 3 356 3 357 3 358 3 359 3 360 3 361 3 362 3 363 3 364 3 365 3 366 3 367 3 368 3 369 3 370 3 371 3 372 3 373 3 374 3 375 3 376 3 377 3 378 3 379 3 380 3 381 3 382 3 383 3 384 3 385 3 386 3 387 3 388 3 389 3 390 3 391 3 392 3 393 3 394 3 395 3 396 3 397 3 398 3 399 3 400 3 401 3 402 3 403 3 404 3 405 3 406 3 407 3 408 3 409 3 410 3 411 3 412 3 413 3 414 3 415 3 416 3 417 3 418 3 419 3 420 3 421 3 422 3 423 3 424 3 425 3 426 3 427 3 428 3 429 3 430 3 431 3 432 3 433 3 434 3 435 3 436 3 437 3 438 3 439 3 440 3 441 3 442 3 443 3 444 3 445 3 446 3 447 3 448 3 449 3 450 3 451 3 452 3 453 3 454 3 455 3 456 3 457 3 458 3 459 3 460 3 461 3 462 3 463 3 464 3 465 3 466 3 467 3 468 3 469 3 470 3 471 3 472 3 473 3 474 3 475 3 476 3 477 3 478 3 479 3 480 3 481 3 482 3 483 3 484 3 485 3 486 3 487 3 488 3 489 3 490 3 491 3 492 3 493 3 494 3 495 3 496 3 497 3 498 3 499 3 500 3 501 3 502 3 503 3 504 3 505 3 506 3 507 3 508 3 509 3 510 3 511 3 512 3 513 3 514 3 515 3 516 3 517 3 518 3 519 3 520 3 521 3 522 3 523 3 524 3 525 3 526 3 527 3 528 3 529 3 530 3 531 3 532 3 533 3 534 3 535 3 536 3 537 3 538 3 539 3 540 3 541 3 542 3 543 3 544 3 545 3 546 3 547 3 548 3 549 3 550 3 551 3 552 3 553 3 554 3 555 3 556 3 557 3 558 3 559 3 560 3 561 3 562 3 563 3 564 3 565 3 566 3 567 3 568 3 569 3 570 3 571 3 572 3 573 3 574 3 575 3 576 3 577 3 578 3 579 3 580 3 581 3 582 3 583 3 584 3 585 3 586 3 587 3 588 3 589 3 590 3 591 3 592 3 593 3 594 3 595 3 596 3 597 3 598 3 599 3 600 3 601 3 602 3 603 3 604 3 605 3 606 3 607 3 608 3 609 3 610 3 611 3 612 3 613 3 614 3 615 3 616 3 617 3 618 3 619 3 620 3 621 3 622 3 623 3 624 3 625 3 626 3 627 3 628 3 629 3 630 3 631 3 632 3 633 3 634 3 635 3 636 3 637 3 638 3 639 3 640 3 641 3 642 3 643 3 644 3 645 3 646 3 647 3 648 3 649 3 650 3 651 3 652 3 653 3 654 3 655 3 656 3 657 3 658 3 659 3 660 3 661 3 662 3 663 3 664 3 665 3 666 3 667 3 668 3 669 3 670 3 671 3 672 3 673 3 674 3 675 3 676 3 677 3 678 3 679 3 680 3 681 3 682 3 683 3 684 3 685 3 686 3 687 3 688 3 689 3 690 3 691 3 692 3 693 3 694 3 695 3 696 3 697 3 698 3 699 3 700 3 701 3 702 3 703 3 704 3 705 3 706 3 707 3 708 3 709 3 710 3 711 3 712 3 713 3 714 3 715 3 716 3 717 3 718 3 719 3 720 3 721 3 722 3 723 3 724 3 725 3 726 3 727 3 728 3 729 3 730 3 731 3 732 3 733 3 734 3 735 3 736 3 737 3 738 3 739 3 740 3 741 3 742 3 743 3 744 3 745 3 746 3 747 3 748 3 749 3 750 3 751 3 752 3 753 3 754 3 755 3 756 3 757 3 758 3 759 3 760 3 761 3 762 3 763 3 764 3 765 3 766 3 767 3 768 3 769 3 770 3 771 3 772 3 773 3 774 3 775 3 776 3 777 3 778 3 779 3 780 3 781 3 782 3 783 3 784 3 785 3 786 3 787 3 788 3 789 3 790 3 791 3 792 3 793 3 794 3 795 3 796 3 797 3 798 3 799 3 800 3 801 3 802 3 803 3 804 3 805 3 806 3 807 3 808 3 809 3 810 3 811 3 812 3 813 3 814 3 815 3 816 3 817 3 818 3 819 3 820 3 821 3 822 3 823 3 824 3 825 3 826 3 827 3 828 3 829 3 830 3 831 3 832 3 833 3 834 3 835 3 836 3 837 3 838 3 839 3 840 3 841 3 842 3 843 3 844 3 845 3 846 3 847 3 848 3 849 3 850 3 851 3 852 3 853 3 854 3 855 3 856 3 857 3 858 3 859 3 860 3 861 3 862 3 863 3 864 3 865 3 866 3 867 3 868 3 869 3 870 3 871 3 872 3 873 3 874 3 875 3 876 3 877 3 878 3 879 3 880 3 881 3 882 3 883 3 884 3 885 3 886 3 887 3 888 3 889 3 890 3 891 3 892 3 893 3 894 3 895 3 896 3 897 3 898 3 899 3 900 3 901 3 902 3 903 3 904 3 905 3 906 3 907 3 908 3 909 3 910 3 911 3 912 3 913 3 914 3 915 3 916 3 917 3 918 3 919 3 920 3 921 3 922 3 923 3 924 3 925 3 926 3 927 3 928 3 929 3 930 3 931 3 932 3 933 3 934 3 935 3 936 3 937 3 938 3 939 3 940 3 941 3 942 3 943 3 944 3 945 3 946 3 947 3 948 3 949 3 950 3 951 3 952 3 953 3 954 3 955 3 956 3 957 3 958 3 959 3 960 3 961 3 962 3 963 3 964 3 965 3 966 3 967 3 968 3 969 3 970 3 971 3 972 3 973 3 974 3 975 3 976 3 977 3 978 3 979 3 980 3 981 3 982 3 983 3 984 3 985 3 986 3 987 3 988 3 989 3 990 3 991 3 992 3 993 3 994 3 995 3 996 3 997 3 998 3 999 3 1000 3 1001 3 1002 3 1003 3 1004 3 1005 3 1006 3 1007 3 1008 3 1009 3 1010 3 1011 3 1012 3 1013 3 1014 3 1015 3 1016 3 1017 3 1018 3 1019 3 1020 3 1021 3 1022 3 1023 3 1024 3 1025 3 1026 3 1027 3 1028 3 1029 3 1030 3 1031 3 1032 3 1033 3 1034 3 1035 3 1036 3 1037 3 1038 3 1039 3 1040 3 1041 3 1042 3 1043 3 1044 3 1045 3 1046 3 1047 3 1048 3 1049 3 1050 3 1051 3 1052 3 1053 3 1054 3 1055 3 1056 3 1057 3 1058 3 1059 3 1060 3 1061 3 1062 3 1063 3 1064</v>
        </vertex_weights>
      </skin>
    </controller>
    <controller id="Armature_001_m0-skin" name="Armature.001">
      <skin source="#mesh0_003-mesh">
        <bind_shape_matrix>1 0 0 0 0 1 0 0 0 0 1 0 0 0 0 1</bind_shape_matrix>
        <source id="Armature_001_m0-skin-joints">
          <Name_array id="Armature_001_m0-skin-joints-array" count="4">root Skanran kanran_obj kanran1</Name_array>
          <technique_common>
            <accessor source="#Armature_001_m0-skin-joints-array" count="4" stride="1">
              <param name="JOINT" type="name"/>
            </accessor>
          </technique_common>
        </source>
        <source id="Armature_001_m0-skin-bind_poses">
          <float_array id="Armature_001_m0-skin-bind_poses-array" count="64">100 0 0 0 0 7.54979e-6 100 0 0 -100 7.54979e-6 0 0 0 0 1 100 0 0 0 0 7.54979e-6 100 0 0 -100 7.54979e-6 0 0 0 0 1 100 0 0 0 0 7.54979e-6 100 0 0 -100 7.54979e-6 0 0 0 0 1 -100 -1.50996e-5 0 0 0 7.54979e-6 100 0 -1.50996e-5 100 -7.54979e-6 0 0 0 0 1</float_array>
          <technique_common>
            <accessor source="#Armature_001_m0-skin-bind_poses-array" count="4" stride="16">
              <param name="TRANSFORM" type="float4x4"/>
            </accessor>
          </technique_common>
        </source>
        <source id="Armature_001_m0-skin-weights">
          <float_array id="Armature_001_m0-skin-weights-array" count="1661">1 1 1 1 1 1 1 1 1 1 1 1 1 1 1 1 1 1 1 1 1 1 1 1 1 1 1 1 1 1 1 1 1 1 1 1 1 1 1 1 1 1 1 1 1 1 1 1 1 1 1 1 1 1 1 1 1 1 1 1 1 1 1 1 1 1 1 1 1 1 1 1 1 1 1 1 1 1 1 1 1 1 1 1 1 1 1 1 1 1 1 1 1 1 1 1 1 1 1 1 1 1 1 1 1 1 1 1 1 1 1 1 1 1 1 1 1 1 1 1 1 1 1 1 1 1 1 1 1 1 1 1 1 1 1 1 1 1 1 1 1 1 1 1 1 1 1 1 1 1 1 1 1 1 1 1 1 1 1 1 1 1 1 1 1 1 1 1 1 1 1 1 1 1 1 1 1 1 1 1 1 1 1 1 1 1 1 1 1 1 1 1 1 1 1 1 1 1 1 1 1 1 1 1 1 1 1 1 1 1 1 1 1 1 1 1 1 1 1 1 1 1 1 1 1 1 1 1 1 1 1 1 1 1 1 1 1 1 1 1 1 1 1 1 1 1 1 1 1 1 1 1 1 1 1 1 1 1 1 1 1 1 1 1 1 1 1 1 1 1 1 1 1 1 1 1 1 1 1 1 1 1 1 1 1 1 1 1 1 1 1 1 1 1 1 1 1 1 1 1 1 1 1 1 1 1 1 1 1 1 1 1 1 1 1 1 1 1 1 1 1 1 1 1 1 1 1 1 1 1 1 1 1 1 1 1 1 1 1 1 1 1 1 1 1 1 1 1 1 1 1 1 1 1 1 1 1 1 1 1 1 1 1 1 1 1 1 1 1 1 1 1 1 1 1 1 1 1 1 1 1 1 1 1 1 1 1 1 1 1 1 1 1 1 1 1 1 1 1 1 1 1 1 1 1 1 1 1 1 1 1 1 1 1 1 1 1 1 1 1 1 1 1 1 1 1 1 1 1 1 1 1 1 1 1 1 1 1 1 1 1 1 1 1 1 1 1 1 1 1 1 1 1 1 1 1 1 1 1 1 1 1 1 1 1 1 1 1 1 1 1 1 1 1 1 1 1 1 1 1 1 1 1 1 1 1 1 1 1 1 1 1 1 1 1 1 1 1 1 1 1 1 1 1 1 1 1 1 1 1 1 1 1 1 1 1 1 1 1 1 1 1 1 1 1 1 1 1 1 1 1 1 1 1 1 1 1 1 1 1 1 1 1 1 1 1 1 1 1 1 1 1 1 1 1 1 1 1 1 1 1 1 1 1 1 1 1 1 1 1 1 1 1 1 1 1 1 1 1 1 1 1 1 1 1 1 1 1 1 1 1 1 1 1 1 1 1 1 1 1 1 1 1 1 1 1 1 1 1 1 1 1 1 1 1 1 1 1 1 1 1 1 1 1 1 1 1 1 1 1 1 1 1 1 1 1 1 1 1 1 1 1 1 1 1 1 1 1 1 1 1 1 1 1 1 1 1 1 1 1 1 1 1 1 1 1 1 1 1 1 1 1 1 1 1 1 1 1 1 1 1 1 1 1 1 1 1 1 1 1 1 1 1 1 1 1 1 1 1 1 1 1 1 1 1 1 1 1 1 1 1 1 1 1 1 1 1 1 1 1 1 1 1 1 1 1 1 1 1 1 1 1 1 1 1 1 1 1 1 1 1 1 1 1 1 1 1 1 1 1 1 1 1 1 1 1 1 1 1 1 1 1 1 1 1 1 1 1 1 1 1 1 1 1 1 1 1 1 1 1 1 1 1 1 1 1 1 1 1 1 1 1 1 1 1 1 1 1 1 1 1 1 1 1 1 1 1 1 1 1 1 1 1 1 1 1 1 1 1 1 1 1 1 1 1 1 1 1 1 1 1 1 1 1 1 1 1 1 1 1 1 1 1 1 1 1 1 1 1 1 1 1 1 1 1 1 1 1 1 1 1 1 1 1 1 1 1 1 1 1 1 1 1 1 1 1 1 1 1 1 1 1 1 1 1 1 1 1 1 1 1 1 1 1 1 1 1 1 1 1 1 1 1 1 1 1 1 1 1 1 1 1 1 1 1 1 1 1 1 1 1 1 1 1 1 1 1 1 1 1 1 1 1 1 1 1 1 1 1 1 1 1 1 1 1 1 1 1 1 1 1 1 1 1 1 1 1 1 1 1 1 1 1 1 1 1 1 1 1 1 1 1 1 1 1 1 1 1 1 1 1 1 1 1 1 1 1 1 1 1 1 1 1 1 1 1 1 1 1 1 1 1 1 1 1 1 1 1 1 1 1 1 1 1 1 1 1 1 1 1 1 1 1 1 1 1 1 1 1 1 1 1 1 1 1 1 1 1 1 1 1 1 1 1 1 1 1 1 1 1 1 1 1 1 1 1 1 1 1 1 1 1 1 1 1 1 1 1 1 1 1 1 1 1 1 1 1 1 1 1 1 1 1 1 1 1 1 1 1 1 1 1 1 1 1 1 1 1 1 1 1 1 1 1 1 1 1 1 1 1 1 1 1 1 1 1 1 1 1 1 1 1 1 1 1 1 1 1 1 1 1 1 1 1 1 1 1 1 1 1 1 1 1 1 1 1 1 1 1 1 1 1 1 1 1 1 1 1 1 1 1 1 1 1 1 1 1 1 1 1 1 1 1 1 1 1 1 1 1 1 1 1 1 1 1 1 1 1 1 1 1 1 1 1 1 1 1 1 1 1 1 1 1 1 1 1 1 1 1 1 1 1 1 1 1 1 1 1 1 1 1 1 1 1 1 1 1 1 1 1 1 1 1 1 1 1 1 1 1 1 1 1 1 1 1 1 1 1 1 1 1 1 1 1 1 1 1 1 1 1 1 1 1 1 1 1 1 1 1 1 1 1 1 1 1 1 1 1 1 1 1 1 1 1 1 1 1 1 1 1 1 1 1 1 1 1 1 1 1 1 1 1 1 1 1 1 1 1 1 1 1 1 1 1 1 1 1 1 1 1 1 1 1 1 1 1 1 1 1 1 1 1 1 1 1 1 1 1 1 1 1 1 1 1 1 1 1 1 1 1 1 1 1 1 1 1 1 1 1 1 1 1 1 1 1 1 1 1 1 1 1 1 1 1 1 1 1 1 1 1 1 1 1 1 1 1 1 1 1 1 1 1 1 1 1 1 1 1 1 1 1 1 1 1 1 1 1 1 1 1 1 1 1 1 1 1 1 1 1 1 1 1 1 1 1 1 1 1 1 1 1 1 1 1 1 1 1 1 1 1 1 1 1 1 1 1 1 1 1 1 1 1 1 1 1 1 1 1 1 1 1 1 1 1 1 1 1 1 1 1 1 1 1 1 1 1 1 1 1 1 1 1 1 1 1 1 1 1 1 1 1 1 1 1 1 1 1 1 1 1 1 1 1 1 1 1 1 1 1 1 1 1 1 1 1 1 1 1 1 1 1 1 1 1 1 1 1 1 1 1 1 1 1 1 1 1 1 1 1 1 1 1 1 1 1 1 1 1 1 1 1 1 1 1 1 1 1 1 1 1 1 1 1 1 1 1 1 1 1 1 1 1 1 1 1 1 1 1 1 1 1 1 1 1 1 1 1 1 1 1 1 1 1 1 1 1 1 1 1 1 1 1 1 1 1 1 1 1 1 1 1 1 1 1 1 1 1 1 1 1 1 1 1 1 1 1 1 1 1 1 1 1 1 1 1 1 1 1 1 1 1 1 1 1 1 1 1 1 1 1 1 1 1 1 1 1 1 1 1 1 1</float_array>
          <technique_common>
            <accessor source="#Armature_001_m0-skin-weights-array" count="1661" stride="1">
              <param name="WEIGHT" type="float"/>
            </accessor>
          </technique_common>
        </source>
        <joints>
          <input semantic="JOINT" source="#Armature_001_m0-skin-joints"/>
          <input semantic="INV_BIND_MATRIX" source="#Armature_001_m0-skin-bind_poses"/>
        </joints>
        <vertex_weights count="1661">
          <input semantic="JOINT" source="#Armature_001_m0-skin-joints" offset="0"/>
          <input semantic="WEIGHT" source="#Armature_001_m0-skin-weights" offset="1"/>
          <vcount>1 1 1 1 1 1 1 1 1 1 1 1 1 1 1 1 1 1 1 1 1 1 1 1 1 1 1 1 1 1 1 1 1 1 1 1 1 1 1 1 1 1 1 1 1 1 1 1 1 1 1 1 1 1 1 1 1 1 1 1 1 1 1 1 1 1 1 1 1 1 1 1 1 1 1 1 1 1 1 1 1 1 1 1 1 1 1 1 1 1 1 1 1 1 1 1 1 1 1 1 1 1 1 1 1 1 1 1 1 1 1 1 1 1 1 1 1 1 1 1 1 1 1 1 1 1 1 1 1 1 1 1 1 1 1 1 1 1 1 1 1 1 1 1 1 1 1 1 1 1 1 1 1 1 1 1 1 1 1 1 1 1 1 1 1 1 1 1 1 1 1 1 1 1 1 1 1 1 1 1 1 1 1 1 1 1 1 1 1 1 1 1 1 1 1 1 1 1 1 1 1 1 1 1 1 1 1 1 1 1 1 1 1 1 1 1 1 1 1 1 1 1 1 1 1 1 1 1 1 1 1 1 1 1 1 1 1 1 1 1 1 1 1 1 1 1 1 1 1 1 1 1 1 1 1 1 1 1 1 1 1 1 1 1 1 1 1 1 1 1 1 1 1 1 1 1 1 1 1 1 1 1 1 1 1 1 1 1 1 1 1 1 1 1 1 1 1 1 1 1 1 1 1 1 1 1 1 1 1 1 1 1 1 1 1 1 1 1 1 1 1 1 1 1 1 1 1 1 1 1 1 1 1 1 1 1 1 1 1 1 1 1 1 1 1 1 1 1 1 1 1 1 1 1 1 1 1 1 1 1 1 1 1 1 1 1 1 1 1 1 1 1 1 1 1 1 1 1 1 1 1 1 1 1 1 1 1 1 1 1 1 1 1 1 1 1 1 1 1 1 1 1 1 1 1 1 1 1 1 1 1 1 1 1 1 1 1 1 1 1 1 1 1 1 1 1 1 1 1 1 1 1 1 1 1 1 1 1 1 1 1 1 1 1 1 1 1 1 1 1 1 1 1 1 1 1 1 1 1 1 1 1 1 1 1 1 1 1 1 1 1 1 1 1 1 1 1 1 1 1 1 1 1 1 1 1 1 1 1 1 1 1 1 1 1 1 1 1 1 1 1 1 1 1 1 1 1 1 1 1 1 1 1 1 1 1 1 1 1 1 1 1 1 1 1 1 1 1 1 1 1 1 1 1 1 1 1 1 1 1 1 1 1 1 1 1 1 1 1 1 1 1 1 1 1 1 1 1 1 1 1 1 1 1 1 1 1 1 1 1 1 1 1 1 1 1 1 1 1 1 1 1 1 1 1 1 1 1 1 1 1 1 1 1 1 1 1 1 1 1 1 1 1 1 1 1 1 1 1 1 1 1 1 1 1 1 1 1 1 1 1 1 1 1 1 1 1 1 1 1 1 1 1 1 1 1 1 1 1 1 1 1 1 1 1 1 1 1 1 1 1 1 1 1 1 1 1 1 1 1 1 1 1 1 1 1 1 1 1 1 1 1 1 1 1 1 1 1 1 1 1 1 1 1 1 1 1 1 1 1 1 1 1 1 1 1 1 1 1 1 1 1 1 1 1 1 1 1 1 1 1 1 1 1 1 1 1 1 1 1 1 1 1 1 1 1 1 1 1 1 1 1 1 1 1 1 1 1 1 1 1 1 1 1 1 1 1 1 1 1 1 1 1 1 1 1 1 1 1 1 1 1 1 1 1 1 1 1 1 1 1 1 1 1 1 1 1 1 1 1 1 1 1 1 1 1 1 1 1 1 1 1 1 1 1 1 1 1 1 1 1 1 1 1 1 1 1 1 1 1 1 1 1 1 1 1 1 1 1 1 1 1 1 1 1 1 1 1 1 1 1 1 1 1 1 1 1 1 1 1 1 1 1 1 1 1 1 1 1 1 1 1 1 1 1 1 1 1 1 1 1 1 1 1 1 1 1 1 1 1 1 1 1 1 1 1 1 1 1 1 1 1 1 1 1 1 1 1 1 1 1 1 1 1 1 1 1 1 1 1 1 1 1 1 1 1 1 1 1 1 1 1 1 1 1 1 1 1 1 1 1 1 1 1 1 1 1 1 1 1 1 1 1 1 1 1 1 1 1 1 1 1 1 1 1 1 1 1 1 1 1 1 1 1 1 1 1 1 1 1 1 1 1 1 1 1 1 1 1 1 1 1 1 1 1 1 1 1 1 1 1 1 1 1 1 1 1 1 1 1 1 1 1 1 1 1 1 1 1 1 1 1 1 1 1 1 1 1 1 1 1 1 1 1 1 1 1 1 1 1 1 1 1 1 1 1 1 1 1 1 1 1 1 1 1 1 1 1 1 1 1 1 1 1 1 1 1 1 1 1 1 1 1 1 1 1 1 1 1 1 1 1 1 1 1 1 1 1 1 1 1 1 1 1 1 1 1 1 1 1 1 1 1 1 1 1 1 1 1 1 1 1 1 1 1 1 1 1 1 1 1 1 1 1 1 1 1 1 1 1 1 1 1 1 1 1 1 1 1 1 1 1 1 1 1 1 1 1 1 1 1 1 1 1 1 1 1 1 1 1 1 1 1 1 1 1 1 1 1 1 1 1 1 1 1 1 1 1 1 1 1 1 1 1 1 1 1 1 1 1 1 1 1 1 1 1 1 1 1 1 1 1 1 1 1 1 1 1 1 1 1 1 1 1 1 1 1 1 1 1 1 1 1 1 1 1 1 1 1 1 1 1 1 1 1 1 1 1 1 1 1 1 1 1 1 1 1 1 1 1 1 1 1 1 1 1 1 1 1 1 1 1 1 1 1 1 1 1 1 1 1 1 1 1 1 1 1 1 1 1 1 1 1 1 1 1 1 1 1 1 1 1 1 1 1 1 1 1 1 1 1 1 1 1 1 1 1 1 1 1 1 1 1 1 1 1 1 1 1 1 1 1 1 1 1 1 1 1 1 1 1 1 1 1 1 1 1 1 1 1 1 1 1 1 1 1 1 1 1 1 1 1 1 1 1 1 1 1 1 1 1 1 1 1 1 1 1 1 1 1 1 1 1 1 1 1 1 1 1 1 1 1 1 1 1 1 1 1 1 1 1 1 1 1 1 1 1 1 1 1 1 1 1 1 1 1 1 1 1 1 1 1 1 1 1 1 1 1 1 1 1 1 1 1 1 1 1 1 1 1 1 1 1 1 1 1 1 1 1 1 1 1 1 1 1 1 1 1 1 1 1 1 1 1 1 1 1 1 1 1 1 1 1 1 1 1 1 1 1 1 1 1 1 1 1 1 1 1 1 1 1 1 1 1 1 1 1 1 1 1 1 1 1 1 1 1 1 1 1 1 1 1 1 1 1 1 1 1 1 1 1 1 1 1 1 1 1 1 1 1 1 1 1 1 1 1 1 1 1 1 1 1 1 1 1 1 1 1 1 1 1 1 1 1 1 1 1 1 1 1 1 1 1 1 1 1 1 1 1 1 1 1 1 1 1 1 1 1 1 1 1 1 1 1 1 1 1 1 1 1 1 1 1 1 1 1 1 1 1 1 1 1 1 1 1 1 1 1 1 1 1 1 1 1 1 1 1 1 1 1 1 1 1 1 1 1 1 1 1 1 1 1 1 1 1 1 1 1 1 1 1 1 1 1 1 1 1 1 1 1 1 1 1 1 1 1 1 1 1 1 1 1 1 1 1 1 1 1 1 1 1 1 1 1 1 1 1 1 1 1 1 1 1 1 1 1 1 1 1 1 1 </vcount>
          <v>3 0 3 1 3 2 3 3 3 4 3 5 3 6 3 7 3 8 3 9 3 10 3 11 3 12 3 13 3 14 3 15 3 16 3 17 3 18 3 19 3 20 3 21 3 22 3 23 3 24 3 25 3 26 3 27 3 28 3 29 3 30 3 31 3 32 3 33 3 34 3 35 3 36 3 37 3 38 3 39 3 40 3 41 3 42 3 43 3 44 3 45 3 46 3 47 3 48 3 49 3 50 3 51 3 52 3 53 3 54 3 55 3 56 3 57 3 58 3 59 3 60 3 61 3 62 3 63 3 64 3 65 3 66 3 67 3 68 3 69 3 70 3 71 3 72 3 73 3 74 3 75 3 76 3 77 3 78 3 79 3 80 3 81 3 82 3 83 3 84 3 85 3 86 3 87 3 88 3 89 3 90 3 91 3 92 3 93 3 94 3 95 3 96 3 97 3 98 3 99 3 100 3 101 3 102 3 103 3 104 3 105 3 106 3 107 3 108 3 109 3 110 3 111 3 112 3 113 3 114 3 115 3 116 3 117 3 118 3 119 3 120 3 121 3 122 3 123 3 124 3 125 3 126 3 127 3 128 3 129 3 130 3 131 3 132 3 133 3 134 3 135 3 136 3 137 3 138 3 139 3 140 3 141 3 142 3 143 3 144 3 145 3 146 3 147 3 148 3 149 3 150 3 151 3 152 3 153 3 154 3 155 3 156 3 157 3 158 3 159 3 160 3 161 3 162 3 163 3 164 3 165 3 166 3 167 3 168 3 169 3 170 3 171 3 172 3 173 3 174 3 175 3 176 3 177 3 178 3 179 3 180 3 181 3 182 3 183 3 184 3 185 3 186 3 187 3 188 3 189 3 190 3 191 3 192 3 193 3 194 3 195 3 196 3 197 3 198 3 199 3 200 3 201 3 202 3 203 3 204 3 205 3 206 3 207 3 208 3 209 3 210 3 211 3 212 3 213 3 214 3 215 3 216 3 217 3 218 3 219 3 220 3 221 3 222 3 223 3 224 3 225 3 226 3 227 3 228 3 229 3 230 3 231 3 232 3 233 3 234 3 235 3 236 3 237 3 238 3 239 3 240 3 241 3 242 3 243 3 244 3 245 3 246 3 247 3 248 3 249 3 250 3 251 3 252 3 253 3 254 3 255 3 256 3 257 3 258 3 259 3 260 3 261 3 262 3 263 3 264 3 265 3 266 3 267 3 268 3 269 3 270 3 271 3 272 3 273 3 274 3 275 3 276 3 277 3 278 3 279 3 280 3 281 3 282 3 283 3 284 3 285 3 286 3 287 3 288 3 289 3 290 3 291 3 292 3 293 3 294 3 295 3 296 3 297 3 298 3 299 3 300 3 301 3 302 3 303 3 304 3 305 3 306 3 307 3 308 3 309 3 310 3 311 3 312 3 313 3 314 3 315 3 316 3 317 3 318 3 319 3 320 3 321 3 322 3 323 3 324 3 325 3 326 3 327 3 328 3 329 3 330 3 331 3 332 3 333 3 334 3 335 3 336 3 337 3 338 3 339 3 340 3 341 3 342 3 343 3 344 3 345 3 346 3 347 3 348 3 349 3 350 3 351 3 352 3 353 3 354 3 355 3 356 3 357 3 358 3 359 3 360 3 361 3 362 3 363 3 364 3 365 3 366 3 367 3 368 3 369 3 370 3 371 3 372 3 373 3 374 3 375 3 376 3 377 3 378 3 379 3 380 3 381 3 382 3 383 3 384 3 385 3 386 3 387 3 388 3 389 3 390 3 391 3 392 3 393 3 394 3 395 3 396 3 397 3 398 3 399 3 400 3 401 3 402 3 403 3 404 3 405 3 406 3 407 3 408 3 409 3 410 3 411 3 412 3 413 3 414 3 415 3 416 3 417 3 418 3 419 3 420 3 421 3 422 3 423 3 424 3 425 3 426 3 427 3 428 3 429 3 430 3 431 3 432 3 433 3 434 3 435 3 436 3 437 3 438 3 439 3 440 3 441 3 442 3 443 3 444 3 445 3 446 3 447 3 448 3 449 3 450 3 451 3 452 3 453 3 454 3 455 3 456 3 457 3 458 3 459 3 460 3 461 3 462 3 463 3 464 3 465 3 466 3 467 3 468 3 469 3 470 3 471 3 472 3 473 3 474 3 475 3 476 3 477 3 478 3 479 3 480 3 481 3 482 3 483 3 484 3 485 3 486 3 487 3 488 3 489 3 490 3 491 3 492 3 493 3 494 3 495 3 496 3 497 3 498 3 499 3 500 3 501 3 502 3 503 3 504 3 505 3 506 3 507 3 508 3 509 3 510 3 511 3 512 3 513 3 514 3 515 3 516 3 517 3 518 3 519 3 520 3 521 3 522 3 523 3 524 3 525 3 526 3 527 3 528 3 529 3 530 3 531 3 532 3 533 3 534 3 535 3 536 3 537 3 538 3 539 3 540 3 541 3 542 3 543 3 544 3 545 3 546 3 547 3 548 3 549 3 550 3 551 3 552 3 553 3 554 3 555 3 556 3 557 3 558 3 559 3 560 3 561 3 562 3 563 3 564 3 565 3 566 3 567 3 568 3 569 3 570 3 571 3 572 3 573 3 574 3 575 3 576 3 577 3 578 3 579 3 580 3 581 3 582 3 583 3 584 3 585 3 586 3 587 3 588 3 589 3 590 3 591 3 592 3 593 3 594 3 595 3 596 3 597 3 598 3 599 3 600 3 601 3 602 3 603 3 604 3 605 3 606 3 607 3 608 3 609 3 610 3 611 3 612 3 613 3 614 3 615 3 616 3 617 3 618 3 619 3 620 3 621 3 622 3 623 3 624 3 625 3 626 3 627 3 628 3 629 3 630 3 631 3 632 3 633 3 634 3 635 3 636 3 637 3 638 3 639 3 640 3 641 3 642 3 643 3 644 3 645 3 646 3 647 3 648 3 649 3 650 3 651 3 652 3 653 3 654 3 655 3 656 3 657 3 658 3 659 3 660 3 661 3 662 3 663 3 664 3 665 3 666 3 667 3 668 3 669 3 670 3 671 3 672 3 673 3 674 3 675 3 676 3 677 3 678 3 679 3 680 3 681 3 682 3 683 3 684 3 685 3 686 3 687 3 688 3 689 3 690 3 691 3 692 3 693 3 694 3 695 3 696 3 697 3 698 3 699 3 700 3 701 3 702 3 703 3 704 3 705 3 706 3 707 3 708 3 709 3 710 3 711 3 712 3 713 3 714 3 715 3 716 3 717 3 718 3 719 3 720 3 721 3 722 3 723 3 724 3 725 3 726 3 727 3 728 3 729 3 730 3 731 3 732 3 733 3 734 3 735 3 736 3 737 3 738 3 739 3 740 3 741 3 742 3 743 3 744 3 745 3 746 3 747 3 748 3 749 3 750 3 751 3 752 3 753 3 754 3 755 3 756 3 757 3 758 3 759 3 760 3 761 3 762 3 763 3 764 3 765 3 766 3 767 3 768 3 769 3 770 3 771 3 772 3 773 3 774 3 775 3 776 3 777 3 778 3 779 3 780 3 781 3 782 3 783 3 784 3 785 3 786 3 787 3 788 3 789 3 790 3 791 3 792 3 793 3 794 3 795 3 796 3 797 3 798 3 799 3 800 3 801 3 802 3 803 3 804 3 805 3 806 3 807 3 808 3 809 3 810 3 811 3 812 3 813 3 814 3 815 3 816 3 817 3 818 3 819 3 820 3 821 3 822 3 823 3 824 3 825 3 826 3 827 3 828 3 829 3 830 3 831 3 832 3 833 3 834 3 835 3 836 3 837 3 838 3 839 3 840 3 841 3 842 3 843 3 844 3 845 3 846 3 847 3 848 3 849 3 850 3 851 3 852 3 853 3 854 3 855 3 856 3 857 3 858 3 859 3 860 3 861 3 862 3 863 3 864 3 865 3 866 3 867 3 868 3 869 3 870 3 871 3 872 3 873 3 874 3 875 3 876 3 877 3 878 3 879 3 880 3 881 3 882 3 883 3 884 3 885 3 886 3 887 3 888 3 889 3 890 3 891 3 892 3 893 3 894 3 895 3 896 3 897 3 898 3 899 3 900 3 901 3 902 3 903 3 904 3 905 3 906 3 907 3 908 3 909 3 910 3 911 3 912 3 913 3 914 3 915 3 916 3 917 3 918 3 919 3 920 3 921 3 922 3 923 3 924 3 925 3 926 3 927 3 928 3 929 3 930 3 931 3 932 3 933 3 934 3 935 3 936 3 937 3 938 3 939 3 940 3 941 3 942 3 943 3 944 3 945 3 946 3 947 3 948 3 949 3 950 3 951 3 952 3 953 3 954 3 955 3 956 3 957 3 958 3 959 3 960 3 961 3 962 3 963 3 964 3 965 3 966 3 967 3 968 3 969 3 970 3 971 3 972 3 973 3 974 3 975 3 976 3 977 3 978 3 979 3 980 3 981 3 982 3 983 3 984 3 985 3 986 3 987 3 988 3 989 3 990 3 991 3 992 3 993 3 994 3 995 3 996 3 997 3 998 3 999 3 1000 3 1001 3 1002 3 1003 3 1004 3 1005 3 1006 3 1007 3 1008 3 1009 3 1010 3 1011 3 1012 3 1013 3 1014 3 1015 3 1016 3 1017 3 1018 3 1019 3 1020 3 1021 3 1022 3 1023 3 1024 3 1025 3 1026 3 1027 3 1028 3 1029 3 1030 3 1031 3 1032 3 1033 3 1034 3 1035 3 1036 3 1037 3 1038 3 1039 3 1040 3 1041 3 1042 3 1043 3 1044 3 1045 3 1046 3 1047 3 1048 3 1049 3 1050 3 1051 3 1052 3 1053 3 1054 3 1055 3 1056 3 1057 3 1058 3 1059 3 1060 3 1061 3 1062 3 1063 3 1064 3 1065 3 1066 3 1067 3 1068 3 1069 3 1070 3 1071 3 1072 3 1073 3 1074 3 1075 3 1076 3 1077 3 1078 3 1079 3 1080 3 1081 3 1082 3 1083 3 1084 3 1085 3 1086 3 1087 3 1088 3 1089 3 1090 3 1091 3 1092 3 1093 3 1094 3 1095 3 1096 3 1097 3 1098 3 1099 3 1100 3 1101 3 1102 3 1103 3 1104 3 1105 3 1106 3 1107 3 1108 3 1109 3 1110 3 1111 3 1112 3 1113 3 1114 3 1115 3 1116 3 1117 3 1118 3 1119 3 1120 3 1121 3 1122 3 1123 3 1124 3 1125 3 1126 3 1127 3 1128 3 1129 3 1130 3 1131 3 1132 3 1133 3 1134 3 1135 3 1136 3 1137 3 1138 3 1139 3 1140 3 1141 3 1142 3 1143 3 1144 3 1145 3 1146 3 1147 3 1148 3 1149 3 1150 3 1151 3 1152 3 1153 3 1154 3 1155 3 1156 3 1157 3 1158 3 1159 3 1160 3 1161 3 1162 3 1163 3 1164 3 1165 3 1166 3 1167 3 1168 3 1169 3 1170 3 1171 3 1172 3 1173 3 1174 3 1175 3 1176 3 1177 3 1178 3 1179 3 1180 3 1181 3 1182 3 1183 3 1184 3 1185 3 1186 3 1187 3 1188 3 1189 3 1190 3 1191 3 1192 3 1193 3 1194 3 1195 3 1196 3 1197 3 1198 3 1199 3 1200 3 1201 3 1202 3 1203 3 1204 3 1205 3 1206 3 1207 3 1208 3 1209 3 1210 3 1211 3 1212 3 1213 3 1214 3 1215 3 1216 3 1217 3 1218 3 1219 3 1220 3 1221 3 1222 3 1223 3 1224 3 1225 3 1226 3 1227 3 1228 3 1229 3 1230 3 1231 3 1232 3 1233 3 1234 3 1235 3 1236 3 1237 3 1238 3 1239 3 1240 3 1241 3 1242 3 1243 3 1244 3 1245 3 1246 3 1247 3 1248 3 1249 3 1250 3 1251 3 1252 3 1253 3 1254 3 1255 3 1256 3 1257 3 1258 3 1259 3 1260 3 1261 3 1262 3 1263 3 1264 3 1265 3 1266 3 1267 3 1268 3 1269 3 1270 3 1271 3 1272 3 1273 3 1274 3 1275 3 1276 3 1277 3 1278 3 1279 3 1280 3 1281 3 1282 3 1283 3 1284 3 1285 3 1286 3 1287 3 1288 3 1289 3 1290 3 1291 3 1292 3 1293 3 1294 3 1295 3 1296 3 1297 3 1298 3 1299 3 1300 3 1301 3 1302 3 1303 3 1304 3 1305 3 1306 3 1307 3 1308 3 1309 3 1310 3 1311 3 1312 3 1313 3 1314 3 1315 3 1316 3 1317 3 1318 3 1319 3 1320 3 1321 3 1322 3 1323 3 1324 3 1325 3 1326 3 1327 3 1328 3 1329 3 1330 3 1331 3 1332 3 1333 3 1334 3 1335 3 1336 3 1337 3 1338 3 1339 3 1340 3 1341 3 1342 3 1343 3 1344 3 1345 3 1346 3 1347 3 1348 3 1349 3 1350 3 1351 3 1352 3 1353 3 1354 3 1355 3 1356 3 1357 3 1358 3 1359 3 1360 3 1361 3 1362 3 1363 3 1364 3 1365 3 1366 3 1367 3 1368 3 1369 3 1370 3 1371 3 1372 3 1373 3 1374 3 1375 3 1376 3 1377 3 1378 3 1379 3 1380 3 1381 3 1382 3 1383 3 1384 3 1385 3 1386 3 1387 3 1388 3 1389 3 1390 3 1391 3 1392 3 1393 3 1394 3 1395 3 1396 3 1397 3 1398 3 1399 3 1400 3 1401 3 1402 3 1403 3 1404 3 1405 3 1406 3 1407 3 1408 3 1409 3 1410 3 1411 3 1412 3 1413 3 1414 3 1415 3 1416 3 1417 3 1418 3 1419 3 1420 3 1421 3 1422 3 1423 3 1424 3 1425 3 1426 3 1427 3 1428 3 1429 3 1430 3 1431 3 1432 3 1433 3 1434 3 1435 3 1436 3 1437 3 1438 3 1439 3 1440 3 1441 3 1442 3 1443 3 1444 3 1445 3 1446 3 1447 3 1448 3 1449 3 1450 3 1451 3 1452 3 1453 3 1454 3 1455 3 1456 3 1457 3 1458 3 1459 3 1460 3 1461 3 1462 3 1463 3 1464 3 1465 3 1466 3 1467 3 1468 3 1469 3 1470 3 1471 3 1472 3 1473 3 1474 3 1475 3 1476 3 1477 3 1478 3 1479 3 1480 3 1481 3 1482 3 1483 3 1484 3 1485 3 1486 3 1487 3 1488 3 1489 3 1490 3 1491 3 1492 3 1493 3 1494 3 1495 3 1496 3 1497 3 1498 3 1499 3 1500 3 1501 3 1502 3 1503 3 1504 3 1505 3 1506 3 1507 3 1508 3 1509 3 1510 3 1511 3 1512 3 1513 3 1514 3 1515 3 1516 3 1517 3 1518 3 1519 3 1520 3 1521 3 1522 3 1523 3 1524 3 1525 3 1526 3 1527 3 1528 3 1529 3 1530 3 1531 3 1532 3 1533 3 1534 3 1535 3 1536 3 1537 3 1538 3 1539 3 1540 3 1541 3 1542 3 1543 3 1544 3 1545 3 1546 3 1547 3 1548 3 1549 3 1550 3 1551 3 1552 3 1553 3 1554 3 1555 3 1556 3 1557 3 1558 3 1559 3 1560 3 1561 3 1562 3 1563 3 1564 3 1565 3 1566 3 1567 3 1568 3 1569 3 1570 3 1571 3 1572 3 1573 3 1574 3 1575 3 1576 3 1577 3 1578 3 1579 3 1580 3 1581 3 1582 3 1583 3 1584 3 1585 3 1586 3 1587 3 1588 3 1589 3 1590 3 1591 3 1592 3 1593 3 1594 3 1595 3 1596 3 1597 3 1598 3 1599 3 1600 3 1601 3 1602 3 1603 3 1604 3 1605 3 1606 3 1607 3 1608 3 1609 3 1610 3 1611 3 1612 3 1613 3 1614 3 1615 3 1616 3 1617 3 1618 3 1619 3 1620 3 1621 3 1622 3 1623 3 1624 3 1625 3 1626 3 1627 3 1628 3 1629 3 1630 3 1631 3 1632 3 1633 3 1634 3 1635 3 1636 3 1637 3 1638 3 1639 3 1640 3 1641 3 1642 3 1643 3 1644 3 1645 3 1646 3 1647 3 1648 3 1649 3 1650 3 1651 3 1652 3 1653 3 1654 3 1655 3 1656 3 1657 3 1658 3 1659 3 1660</v>
        </vertex_weights>
      </skin>
    </controller>
  </library_controllers>
  <library_visual_scenes>
    <visual_scene id="Scene" name="Scene">
      <node id="Armature_001" name="Armature.001" type="NODE">
        <matrix sid="transform">0.01 0 0 0 0 7.54979e-10 -0.01 0 0 0.01 7.54979e-10 0 0 0 0 1</matrix>
        <node id="Armature_001_root" name="root" sid="root" type="JOINT">
          <matrix sid="transform">1 0 0 0 0 1 0 0 0 0 1 0 0 0 0 1</matrix>
          <node id="Armature_001_Skanran" name="Skanran" sid="Skanran" type="JOINT">
            <matrix sid="transform">1 0 0 0 0 1 0 0 0 0 1 0 0 0 0 1</matrix>
            <node id="Armature_001_kanran_obj" name="kanran_obj" sid="kanran_obj" type="JOINT">
              <matrix sid="transform">1 0 0 0 0 1 0 0 0 0 1 0 0 0 0 1</matrix>
              <node id="Armature_001_kanran1" name="kanran1" sid="kanran1" type="JOINT">
                <matrix sid="transform">-1 0 -1.50996e-7 0 0 1 0 0 1.50996e-7 0 -1 0 0 0 0 1</matrix>
                <extra>
                  <technique profile="blender">
                    <roll sid="roll" type="float">3.141593</roll>
                    <tip_x sid="tip_x" type="float">0</tip_x>
                    <tip_y sid="tip_y" type="float">1</tip_y>
                    <tip_z sid="tip_z" type="float">0</tip_z>
                  </technique>
                </extra>
              </node>
              <extra>
                <technique profile="blender">
                  <tip_x sid="tip_x" type="float">0</tip_x>
                  <tip_y sid="tip_y" type="float">1</tip_y>
                  <tip_z sid="tip_z" type="float">0</tip_z>
                </technique>
              </extra>
            </node>
            <extra>
              <technique profile="blender">
                <tip_x sid="tip_x" type="float">0</tip_x>
                <tip_y sid="tip_y" type="float">1</tip_y>
                <tip_z sid="tip_z" type="float">0</tip_z>
              </technique>
            </extra>
          </node>
          <extra>
            <technique profile="blender">
              <tip_x sid="tip_x" type="float">0</tip_x>
              <tip_y sid="tip_y" type="float">1</tip_y>
              <tip_z sid="tip_z" type="float">0</tip_z>
            </technique>
          </extra>
        </node>
        <node id="m0" name="m0" type="NODE">
          <matrix sid="transform">1 0 0 0 0 1 0 0 0 0 1 0 0 0 0 1</matrix>
          <instance_controller url="#Armature_001_m0-skin">
            <skeleton>#Armature_001_root</skeleton>
            <bind_material>
              <technique_common>
                <instance_material symbol="lambert112_v_001-material" target="#lambert112_v_001-material">
                  <bind_vertex_input semantic="uvs0" input_semantic="TEXCOORD" input_set="0"/>
                </instance_material>
              </technique_common>
            </bind_material>
          </instance_controller>
        </node>
        <node id="m1" name="m1" type="NODE">
          <matrix sid="transform">1 0 0 0 0 1 0 0 0 0 1 0 0 0 0 1</matrix>
          <instance_controller url="#Armature_001_m1-skin">
            <skeleton>#Armature_001_root</skeleton>
            <bind_material>
              <technique_common>
                <instance_material symbol="lambert13_v_v_001-material" target="#lambert13_v_v_001-material">
                  <bind_vertex_input semantic="uvs1" input_semantic="TEXCOORD" input_set="0"/>
                </instance_material>
              </technique_common>
            </bind_material>
          </instance_controller>
        </node>
      </node>
      <node id="Armature" name="Armature" type="NODE">
        <matrix sid="transform">0.01 0 0 0 0 7.54979e-10 -0.01 0 0 0.01 7.54979e-10 0 0 0 0 1</matrix>
        <node id="Armature_root" name="root" sid="root" type="JOINT">
          <matrix sid="transform">1 0 0 0 0 1 0 0 0 0 1 0 0 0 0 1</matrix>
          <node id="Armature_Stoudai" name="Stoudai" sid="Stoudai" type="JOINT">
            <matrix sid="transform">1 0 0 0 0 1 0 0 0 0 1 0 0 0 0 1</matrix>
            <node id="Armature_toudai_obj" name="toudai_obj" sid="toudai_obj" type="JOINT">
              <matrix sid="transform">1 0 0 0 0 1 0 0 0 0 1 0 0 0 0 1</matrix>
              <node id="Armature_toudai" name="toudai" sid="toudai" type="JOINT">
                <matrix sid="transform">1 0 0 0 0 1 0 0 0 0 1 0 0 0 0 1</matrix>
                <extra>
                  <technique profile="blender">
                    <tip_x sid="tip_x" type="float">0</tip_x>
                    <tip_y sid="tip_y" type="float">1</tip_y>
                    <tip_z sid="tip_z" type="float">0</tip_z>
                  </technique>
                </extra>
              </node>
              <extra>
                <technique profile="blender">
                  <tip_x sid="tip_x" type="float">0</tip_x>
                  <tip_y sid="tip_y" type="float">1</tip_y>
                  <tip_z sid="tip_z" type="float">0</tip_z>
                </technique>
              </extra>
            </node>
            <extra>
              <technique profile="blender">
                <tip_x sid="tip_x" type="float">0</tip_x>
                <tip_y sid="tip_y" type="float">1</tip_y>
                <tip_z sid="tip_z" type="float">0</tip_z>
              </technique>
            </extra>
          </node>
          <extra>
            <technique profile="blender">
              <tip_x sid="tip_x" type="float">0</tip_x>
              <tip_y sid="tip_y" type="float">1</tip_y>
              <tip_z sid="tip_z" type="float">0</tip_z>
            </technique>
          </extra>
        </node>
      </node>
    </visual_scene>
  </library_visual_scenes>
  <scene>
    <instance_visual_scene url="#Scene"/>
  </scene>
</COLLADA>